Id,Year_Birth,Education,Marital_Status,Income,Kidhome,Teenhome,Dt_Customer,Recency,MntWines,MntFruits,MntMeatProducts,MntFishProducts,MntSweetProducts,MntGoldProds,NumDealsPurchases,NumWebPurchases,NumCatalogPurchases,NumStorePurchases,NumWebVisitsMonth,Response,Complain,Total_Spend,Channel_Purchases,Total_Purchases,Discount_Purchase_Rate,Spend_Per_Purchase,Customer_Tenure_Days,Customer_Tenure_Years,Dependents,Has_Children,Age,Age_Group,Income_Bracket,Recency_Group,Category_Breadth,Preferred_Channel,Is_High_Value,No_Purchase_Record,Customer_Segment
1826,1970,Graduation,Divorced,84835.0,0,0,2014-06-16,0,189,104,379,111,189,218,1,4,4,6,1,1,0,1190,14,15,0.06666666666666667,79.33333333333333,173,0.5,0,0,44,31-45,Very High Income,Recent,6,Store,1,0,General Customers
1,1961,Graduation,Single,57091.0,0,0,2014-06-15,0,464,5,64,7,0,37,1,7,3,7,5,1,0,577,17,18,0.05555555555555555,32.05555555555556,174,0.5,0,0,53,46-60,High Income,Recent,5,Web,0,0,Digital Shoppers
10476,1958,Graduation,Married,67267.0,0,1,2014-05-13,0,134,11,59,15,2,30,1,3,2,5,2,0,0,251,10,11,0.09090909090909091,22.818181818181817,207,0.6,1,1,56,46-60,High Income,Recent,6,Store,0,0,Family Customers
1386,1967,Graduation,Together,32474.0,1,1,2014-11-05,0,10,0,1,0,0,0,1,1,0,2,7,0,0,11,3,4,0.25,2.75,31,0.1,2,1,47,46-60,Low Income,Recent,2,Store,0,0,Bargain Hunters
5371,1989,Graduation,Single,21474.0,1,0,2014-08-04,0,6,16,24,11,0,34,2,3,1,2,7,1,0,91,6,8,0.25,11.375,124,0.3,1,1,25,18-30,Low Income,Recent,5,Web,0,0,Digital Shoppers
7348,1958,PhD,Single,71691.0,0,0,2014-03-17,0,336,130,411,240,32,43,1,4,7,5,2,1,0,1192,16,17,0.058823529411764705,70.11764705882354,264,0.7,0,0,56,46-60,Very High Income,Recent,6,Catalog,1,0,High-Value Active Catalog/Web
4073,1954,2n Cycle,Married,63564.0,0,0,2014-01-29,0,769,80,252,15,34,65,1,10,10,7,6,1,0,1215,27,28,0.03571428571428571,43.392857142857146,311,0.9,0,0,60,46-60,High Income,Recent,6,Web,1,0,High-Value Active Catalog/Web
1991,1967,Graduation,Together,44931.0,0,1,2014-01-18,0,78,0,11,0,0,7,1,2,1,3,5,0,0,96,6,7,0.14285714285714285,13.714285714285714,322,0.9,1,1,47,46-60,Mid Income,Recent,3,Store,0,0,Family Customers
4047,1954,PhD,Married,65324.0,0,1,2014-11-01,0,384,0,102,21,32,5,3,6,2,9,4,0,0,544,17,20,0.15,27.2,35,0.1,1,1,60,46-60,High Income,Recent,5,Store,0,0,Family Customers
9477,1954,PhD,Married,65324.0,0,1,2014-11-01,0,384,0,102,21,32,5,3,6,2,9,4,0,0,544,17,20,0.15,27.2,35,0.1,1,1,60,46-60,High Income,Recent,5,Store,0,0,Family Customers
2079,1947,2n Cycle,Married,81044.0,0,0,2013-12-27,0,450,26,535,73,98,26,1,5,6,10,1,0,0,1208,21,22,0.045454545454545456,54.90909090909091,344,0.9,0,0,67,60+,Very High Income,Recent,6,Store,1,0,General Customers
5642,1979,Master,Together,62499.0,1,0,2013-09-12,0,140,4,61,0,13,4,2,3,1,6,4,0,0,222,10,12,0.16666666666666666,18.5,450,1.2,1,1,35,31-45,High Income,Recent,5,Store,0,0,Family Customers
10530,1959,PhD,Widow,67786.0,0,0,2013-07-12,0,431,82,441,80,20,102,1,3,6,6,1,1,0,1156,15,16,0.0625,72.25,512,1.4,0,0,55,46-60,High Income,Recent,6,Catalog,1,0,High-Value Active Catalog/Web
2964,1981,Graduation,Married,26872.0,0,0,2013-10-16,0,3,10,8,3,16,32,1,1,1,2,6,0,0,72,4,5,0.2,14.4,416,1.1,0,0,33,31-45,Low Income,Recent,6,Store,0,0,General Customers
10311,1969,Graduation,Married,4428.0,0,1,2013-05-10,0,16,4,12,2,4,321,0,25,0,0,1,0,0,359,25,25,0.0,14.36,575,1.6,1,1,45,31-45,Low Income,Recent,6,Web,0,0,Digital Shoppers
837,1977,Graduation,Married,54809.0,1,1,2013-11-09,0,63,6,57,13,13,22,4,2,1,5,4,0,0,174,8,12,0.3333333333333333,14.5,392,1.1,2,1,37,31-45,High Income,Recent,6,Store,0,0,Bargain Hunters
10521,1977,Graduation,Married,54809.0,1,1,2013-11-09,0,63,6,57,13,13,22,4,2,1,5,4,1,0,174,8,12,0.3333333333333333,14.5,392,1.1,2,1,37,31-45,High Income,Recent,6,Store,0,0,Bargain Hunters
10175,1958,PhD,Divorced,32173.0,0,1,2013-01-08,0,18,0,2,0,0,2,1,1,0,3,4,0,0,22,4,5,0.2,4.4,697,1.9,1,1,56,46-60,Low Income,Recent,3,Store,0,0,Family Customers
1473,1960,2n Cycle,Single,47823.0,0,1,2013-07-23,0,53,1,5,2,1,10,2,2,0,3,8,0,0,72,5,7,0.2857142857142857,10.285714285714286,501,1.4,1,1,54,46-60,Mid Income,Recent,6,Store,0,0,Bargain Hunters
2795,1958,Master,Single,30523.0,2,1,2013-01-07,0,5,0,3,0,0,5,1,1,0,2,7,0,0,13,3,4,0.25,3.25,698,1.9,3,1,56,46-60,Low Income,Recent,3,Store,0,0,Bargain Hunters
2285,1954,Master,Together,36634.0,0,1,2013-05-28,0,213,9,76,4,3,30,3,5,2,5,7,0,0,335,12,15,0.2,22.333333333333332,557,1.5,1,1,60,46-60,Mid Income,Recent,6,Web,0,0,Digital Shoppers
115,1966,Master,Single,43456.0,0,1,2013-03-26,0,275,11,68,25,7,7,3,5,1,8,5,0,0,393,14,17,0.17647058823529413,23.11764705882353,620,1.7,1,1,48,46-60,Mid Income,Recent,6,Store,0,0,Family Customers
10470,1979,Master,Married,40662.0,1,0,2013-03-15,0,40,2,23,0,4,23,2,2,1,3,4,0,0,92,6,8,0.25,11.5,631,1.7,1,1,35,31-45,Mid Income,Recent,5,Store,0,0,Bargain Hunters
4065,1976,PhD,Married,49544.0,1,0,2013-12-02,0,308,0,73,0,0,23,2,5,1,8,7,0,0,404,14,16,0.125,25.25,369,1.0,1,1,38,31-45,Mid Income,Recent,3,Store,0,0,Family Customers
10968,1969,Graduation,Single,57731.0,0,1,2012-11-23,0,266,21,300,65,8,44,4,8,8,6,6,0,0,704,22,26,0.15384615384615385,27.076923076923077,743,2.0,1,1,45,31-45,High Income,Recent,6,Web,0,0,Digital Shoppers
5985,1965,Master,Single,33168.0,0,1,2012-10-13,0,80,1,37,0,1,3,3,2,1,4,7,0,0,122,7,10,0.3,12.2,784,2.1,1,1,49,46-60,Low Income,Recent,5,Store,0,0,Bargain Hunters
5430,1956,Graduation,Together,54450.0,1,1,2012-09-14,0,454,0,171,8,19,32,12,9,2,8,8,0,0,684,19,31,0.3870967741935484,22.06451612903226,813,2.2,2,1,58,46-60,High Income,Recent,5,Web,0,0,Digital Shoppers
8432,1956,Graduation,Together,54450.0,1,1,2012-09-14,0,454,0,171,8,19,32,12,9,2,8,8,0,0,684,19,31,0.3870967741935484,22.06451612903226,813,2.2,2,1,58,46-60,High Income,Recent,5,Web,0,0,Digital Shoppers
453,1956,PhD,Widow,35340.0,1,1,2014-06-29,1,27,0,12,0,1,5,2,2,0,3,5,0,0,45,5,7,0.2857142857142857,6.428571428571429,160,0.4,2,1,58,46-60,Low Income,Recent,4,Store,0,0,Bargain Hunters
9687,1975,Graduation,Single,73170.0,0,0,2014-05-31,1,184,174,256,50,30,32,1,5,4,6,2,0,0,726,15,16,0.0625,45.375,189,0.5,0,0,39,31-45,Very High Income,Recent,6,Store,0,0,General Customers
8890,1971,PhD,Divorced,65808.0,1,1,2014-05-30,1,155,7,80,13,7,10,3,5,1,5,6,0,0,272,11,14,0.21428571428571427,19.428571428571427,190,0.5,2,1,43,31-45,High Income,Recent,6,Web,0,0,Digital Shoppers
9264,1986,Graduation,Married,79529.0,0,0,2014-04-27,1,423,42,706,73,197,197,1,4,8,9,2,0,0,1638,21,22,0.045454545454545456,74.45454545454545,223,0.6,0,0,28,18-30,Very High Income,Recent,6,Store,1,0,General Customers
5824,1972,PhD,Together,34578.0,2,1,2014-11-04,1,7,0,1,0,0,0,1,1,0,2,6,0,0,8,3,4,0.25,2.0,32,0.1,3,1,42,31-45,Low Income,Recent,2,Store,0,0,Bargain Hunters
5794,1974,PhD,Married,46374.0,0,1,2014-03-17,1,408,0,21,0,0,17,3,7,1,7,8,1,0,446,15,18,0.16666666666666666,24.77777777777778,264,0.7,1,1,40,31-45,Mid Income,Recent,3,Web,0,0,Digital Shoppers
3068,1990,Graduation,Married,18351.0,0,0,2013-10-29,1,1,12,9,0,14,7,1,2,0,3,7,0,0,43,5,6,0.16666666666666666,7.166666666666667,403,1.1,0,0,24,18-30,Low Income,Recent,5,Store,0,0,General Customers
7962,1987,PhD,Single,95169.0,0,0,2013-09-10,1,1285,21,449,106,20,20,1,4,3,4,1,1,0,1901,11,12,0.08333333333333333,158.41666666666666,452,1.2,0,0,27,18-30,Very High Income,Recent,6,Web,1,0,High-Value Active Catalog/Web
2681,1984,2n Cycle,Married,65370.0,0,0,2013-01-08,1,71,22,112,138,89,29,1,2,3,13,1,0,0,461,18,19,0.05263157894736842,24.263157894736842,697,1.9,0,0,30,18-30,High Income,Recent,6,Store,0,0,General Customers
10141,1960,Master,Divorced,39228.0,0,0,2013-10-05,1,7,1,6,0,3,3,1,0,0,3,4,0,0,20,3,4,0.25,5.0,427,1.2,0,0,54,46-60,Mid Income,Recent,5,Store,0,0,Bargain Hunters
3725,1961,PhD,Single,84865.0,0,0,2013-09-05,1,1248,16,349,43,16,16,1,2,4,9,4,1,0,1688,15,16,0.0625,105.5,457,1.3,0,0,53,46-60,Very High Income,Recent,6,Store,1,0,General Customers
3767,1968,Graduation,Married,61314.0,0,1,2013-04-25,1,378,0,189,97,172,172,2,5,5,12,3,0,0,1008,22,24,0.08333333333333333,42.0,590,1.6,1,1,46,46-60,High Income,Recent,5,Store,0,0,Family Customers
5585,1972,Graduation,Single,21359.0,1,0,2013-04-20,1,12,2,17,6,1,10,2,2,0,3,8,1,0,48,5,7,0.2857142857142857,6.857142857142857,595,1.6,1,1,42,31-45,Low Income,Recent,6,Store,0,0,Bargain Hunters
7030,1955,PhD,Married,66465.0,0,1,2013-03-30,1,1200,0,204,38,29,14,3,11,9,12,6,0,0,1485,32,35,0.08571428571428572,42.42857142857143,616,1.7,1,1,59,46-60,High Income,Recent,5,Store,1,0,Family Customers
1524,1983,2n Cycle,Single,81698.0,0,0,2013-01-03,1,709,45,115,30,160,45,1,8,2,5,5,1,0,1104,15,16,0.0625,69.0,702,1.9,0,0,31,31-45,Very High Income,Recent,6,Web,1,0,High-Value Active Catalog/Web
3657,1986,Graduation,Single,39146.0,1,0,2013-02-14,1,94,1,33,13,12,12,3,4,0,4,8,0,0,165,8,11,0.2727272727272727,15.0,660,1.8,1,1,28,18-30,Mid Income,Recent,6,Web,0,0,Digital Shoppers
5740,1970,2n Cycle,Divorced,25959.0,1,1,2013-02-14,1,4,2,12,7,5,26,2,1,2,2,6,1,0,56,5,7,0.2857142857142857,8.0,660,1.8,2,1,44,31-45,Low Income,Recent,6,Catalog,0,0,Catalog Shoppers
9595,1961,Graduation,Together,64260.0,0,0,2013-11-01,1,539,169,816,20,0,30,1,4,5,4,3,1,0,1574,13,14,0.07142857142857142,112.42857142857143,400,1.1,0,0,53,46-60,High Income,Recent,5,Catalog,1,0,High-Value Active Catalog/Web
3158,1973,Graduation,Married,32300.0,1,0,2013-03-01,1,13,3,6,6,5,6,1,1,0,3,8,0,0,39,4,5,0.2,7.8,645,1.8,1,1,41,31-45,Low Income,Recent,6,Store,0,0,Family Customers
5114,1965,Master,Married,74806.0,0,1,2012-12-19,1,670,9,249,0,28,9,2,5,4,5,4,0,0,965,14,16,0.125,60.3125,717,2.0,1,1,49,46-60,Very High Income,Recent,5,Web,0,0,Digital Shoppers
340,1970,Graduation,Divorced,72967.0,0,1,2012-12-15,1,158,35,179,0,0,125,2,7,2,8,5,1,0,497,17,19,0.10526315789473684,26.157894736842106,721,2.0,1,1,44,31-45,Very High Income,Recent,4,Store,0,0,Family Customers
8805,1960,Graduation,Single,48904.0,0,1,2012-02-12,1,283,10,38,0,13,27,4,7,2,4,8,0,0,371,13,17,0.23529411764705882,21.823529411764707,1028,2.8,1,1,54,46-60,Mid Income,Recent,5,Web,0,0,Digital Shoppers
1241,1984,2n Cycle,Married,14796.0,1,0,2012-09-17,1,13,3,8,7,4,16,2,1,0,3,9,1,0,51,4,6,0.3333333333333333,8.5,810,2.2,1,1,30,18-30,Low Income,Recent,6,Store,0,0,Bargain Hunters
1402,1954,Master,Married,66991.0,0,0,2012-11-09,1,496,36,460,189,60,12,3,4,8,6,3,0,0,1253,18,21,0.14285714285714285,59.666666666666664,757,2.1,0,0,60,46-60,High Income,Recent,6,Catalog,1,0,High-Value Active Catalog/Web
7264,1978,2n Cycle,Single,52195.0,2,1,2014-12-05,2,12,0,4,0,0,1,1,1,0,2,8,0,0,17,3,4,0.25,4.25,1,0.0,3,1,36,31-45,High Income,Recent,3,Store,0,0,Bargain Hunters
1619,1956,Graduation,Married,90369.0,0,0,2014-04-28,2,292,51,981,224,23,17,1,4,6,6,1,1,0,1588,16,17,0.058823529411764705,93.41176470588235,222,0.6,0,0,58,46-60,Very High Income,Recent,6,Catalog,1,0,High-Value Active Catalog/Web
6398,1974,Basic,Married,18393.0,1,0,2014-03-29,2,7,10,13,16,0,4,2,3,0,3,8,0,0,50,6,8,0.25,6.25,252,0.7,1,1,40,31-45,Low Income,Recent,5,Web,0,0,Digital Shoppers
1857,1952,Graduation,Single,47139.0,1,1,2014-06-03,2,46,0,12,0,2,23,2,2,1,2,7,1,0,83,5,7,0.2857142857142857,11.857142857142858,186,0.5,2,1,62,60+,Mid Income,Recent,4,Web,0,0,Digital Shoppers
4877,1973,Master,Married,38576.0,0,1,2014-04-03,2,34,0,7,0,0,0,1,1,0,3,7,0,0,41,4,5,0.2,8.2,247,0.7,1,1,41,31-45,Mid Income,Recent,2,Store,0,0,Family Customers
3066,1975,PhD,Together,61905.0,0,1,2014-04-02,2,167,0,43,6,2,13,2,4,2,4,5,0,0,231,10,12,0.16666666666666666,19.25,248,0.7,1,1,39,31-45,High Income,Recent,5,Web,0,0,Digital Shoppers
10286,1962,Graduation,Married,83715.0,0,0,2014-03-02,2,318,8,407,150,35,8,1,2,8,13,0,0,0,926,23,24,0.041666666666666664,38.583333333333336,279,0.8,0,0,52,46-60,Very High Income,Recent,6,Store,0,0,General Customers
1992,1964,Graduation,Married,60597.0,0,1,2014-01-01,2,522,0,257,32,16,66,4,2,2,8,7,1,0,893,12,16,0.25,55.8125,339,0.9,1,1,50,46-60,High Income,Recent,5,Store,0,0,Bargain Hunters
4246,1982,Master,Single,6560.0,0,0,2013-12-12,2,67,11,26,4,3,262,0,1,0,1,17,0,0,373,2,2,0.0,186.5,359,1.0,0,0,32,31-45,Low Income,Recent,6,Web,0,0,Digital Shoppers
10623,1961,Master,Together,48330.0,0,1,2013-11-15,2,28,0,4,0,0,0,1,1,0,3,5,0,0,32,4,5,0.2,6.4,386,1.1,1,1,53,46-60,Mid Income,Recent,2,Store,0,0,Family Customers
4867,1968,PhD,Single,38236.0,1,1,2013-09-20,2,58,0,18,2,0,10,4,3,0,4,7,0,0,88,7,11,0.36363636363636365,8.0,442,1.2,2,1,46,46-60,Mid Income,Recent,4,Store,0,0,Bargain Hunters
3112,1977,Master,Married,22701.0,1,0,2013-05-09,2,2,4,9,0,4,5,1,1,0,3,5,0,0,24,4,5,0.2,4.8,576,1.6,1,1,37,31-45,Low Income,Recent,5,Store,0,0,Family Customers
4865,1974,Master,Divorced,53367.0,1,1,2013-08-31,2,229,7,140,10,3,11,7,5,1,8,7,1,0,400,14,21,0.3333333333333333,19.047619047619047,462,1.3,2,1,40,31-45,High Income,Recent,6,Store,0,0,Bargain Hunters
6287,1986,Graduation,Together,34728.0,1,0,2013-07-30,2,14,0,16,0,0,6,1,1,1,2,6,1,0,36,4,5,0.2,7.2,494,1.4,1,1,28,18-30,Low Income,Recent,3,Store,0,0,Family Customers
4405,1956,Master,Married,63915.0,0,2,2013-07-30,2,622,7,115,30,0,15,2,6,3,12,5,0,0,789,21,23,0.08695652173913043,34.30434782608695,494,1.4,2,1,58,46-60,High Income,Recent,5,Store,0,0,Family Customers
5332,1960,2n Cycle,Married,82504.0,0,0,2013-07-27,2,362,50,431,134,35,54,1,3,6,7,1,0,0,1066,16,17,0.058823529411764705,62.705882352941174,497,1.4,0,0,54,46-60,Very High Income,Recent,6,Store,1,0,General Customers
1519,1972,PhD,Single,38578.0,1,1,2013-06-22,2,38,4,22,3,3,3,3,3,0,3,8,1,0,73,6,9,0.3333333333333333,8.11111111111111,532,1.5,2,1,42,31-45,Mid Income,Recent,6,Web,0,0,Digital Shoppers
9080,1972,PhD,Single,38578.0,1,1,2013-06-22,2,38,4,22,3,3,3,3,3,0,3,8,0,0,73,6,9,0.3333333333333333,8.11111111111111,532,1.5,2,1,42,31-45,Mid Income,Recent,6,Web,0,0,Digital Shoppers
1772,1975,PhD,Married,79174.0,0,0,2013-11-01,2,1074,37,518,193,92,129,1,5,6,7,2,1,0,2043,18,19,0.05263157894736842,107.52631578947368,400,1.1,0,0,39,31-45,Very High Income,Recent,6,Store,1,0,General Customers
5341,1962,2n Cycle,Divorced,81975.0,0,1,2013-05-01,2,983,76,184,180,138,27,1,6,3,4,7,0,0,1588,13,14,0.07142857142857142,113.42857142857143,584,1.6,1,1,52,46-60,Very High Income,Recent,6,Web,1,0,High-Value Active Catalog/Web
5510,1977,Master,Married,43263.0,0,1,2012-11-21,2,262,6,61,0,10,102,3,5,2,6,5,0,0,441,13,16,0.1875,27.5625,745,2.0,1,1,37,31-45,Mid Income,Recent,5,Store,0,0,Family Customers
3887,1970,Graduation,Single,27242.0,1,0,2012-11-11,2,3,17,26,20,1,39,2,2,0,3,9,1,0,106,5,7,0.2857142857142857,15.142857142857142,755,2.1,1,1,44,31-45,Low Income,Recent,6,Store,0,0,Bargain Hunters
7022,1971,Graduation,Married,76445.0,1,0,2012-09-28,2,739,107,309,140,80,35,1,2,5,13,6,0,0,1410,20,21,0.047619047619047616,67.14285714285714,799,2.2,1,1,43,31-45,Very High Income,Recent,6,Store,1,0,Family Customers
9999,1965,Graduation,Together,75276.0,0,0,2012-09-27,2,610,105,125,137,42,21,1,9,4,9,5,0,0,1040,22,23,0.043478260869565216,45.21739130434783,800,2.2,0,0,49,46-60,Very High Income,Recent,6,Web,0,0,Digital Shoppers
10352,1963,Graduation,Widow,34213.0,1,1,2012-07-09,2,50,4,28,6,3,26,3,3,1,2,9,1,0,117,6,9,0.3333333333333333,13.0,880,2.4,2,1,51,46-60,Low Income,Recent,6,Web,0,0,Digital Shoppers
7919,1976,PhD,Together,72335.0,0,0,2012-08-13,2,1285,105,653,28,21,0,1,10,4,8,8,1,0,2092,22,23,0.043478260869565216,90.95652173913044,845,2.3,0,0,38,31-45,Very High Income,Recent,5,Web,1,0,High-Value Active Catalog/Web
4114,1964,Master,Married,79143.0,0,0,2012-11-08,2,650,37,780,27,167,32,1,6,9,13,3,0,0,1693,28,29,0.034482758620689655,58.37931034482759,758,2.1,0,0,50,46-60,Very High Income,Recent,6,Store,1,0,General Customers
7990,1947,Graduation,Married,27469.0,0,0,2012-02-08,2,9,1,2,3,2,0,1,0,0,3,6,0,0,17,3,4,0.25,4.25,1032,2.8,0,0,67,60+,Low Income,Recent,5,Store,0,0,Bargain Hunters
9888,1969,Graduation,Together,68695.0,0,0,2014-06-25,3,458,81,356,106,50,40,1,4,4,7,2,0,0,1091,15,16,0.0625,68.1875,164,0.4,0,0,45,31-45,Very High Income,Recent,6,Store,1,0,General Customers
4399,1969,Graduation,Together,68695.0,0,0,2014-06-25,3,458,81,356,106,50,40,1,4,4,7,2,0,0,1091,15,16,0.0625,68.1875,164,0.4,0,0,45,31-45,Very High Income,Recent,6,Store,1,0,General Customers
4452,1957,Graduation,Single,50388.0,0,1,2014-05-28,3,292,6,37,0,3,34,4,6,1,6,7,1,0,372,13,17,0.23529411764705882,21.88235294117647,192,0.5,1,1,57,46-60,Mid Income,Recent,5,Web,0,0,Digital Shoppers
4785,1970,PhD,Together,77622.0,0,2,2014-04-14,3,520,7,154,19,0,14,2,6,3,11,3,0,0,714,20,22,0.09090909090909091,32.45454545454545,236,0.6,2,1,44,31-45,Very High Income,Recent,5,Store,0,0,Family Customers
8461,1962,Graduation,Divorced,46102.0,2,1,2014-10-03,3,14,0,1,0,0,1,1,1,0,2,7,0,0,16,3,4,0.25,4.0,64,0.2,3,1,52,46-60,Mid Income,Recent,3,Store,0,0,Bargain Hunters
3878,1980,2n Cycle,Single,31859.0,1,0,2014-02-27,3,3,4,7,15,8,11,1,1,0,3,7,0,0,48,4,5,0.2,9.6,282,0.8,1,1,34,31-45,Low Income,Recent,6,Store,0,0,Family Customers
9612,1987,2n Cycle,Single,23830.0,0,0,2014-07-02,3,1,8,6,4,8,16,1,1,0,3,7,0,0,43,4,5,0.2,8.6,157,0.4,0,0,27,18-30,Low Income,Recent,6,Store,0,0,General Customers
4098,1973,Graduation,Married,24639.0,1,1,2014-01-28,3,20,3,16,0,4,1,3,2,0,4,6,0,0,44,6,9,0.3333333333333333,4.888888888888889,312,0.9,2,1,41,31-45,Low Income,Recent,5,Store,0,0,Bargain Hunters
158,1945,PhD,Together,71604.0,0,0,2013-11-17,3,345,53,528,98,75,97,1,8,3,5,4,1,0,1196,16,17,0.058823529411764705,70.3529411764706,384,1.1,0,0,69,60+,Very High Income,Recent,6,Web,1,0,High-Value Active Catalog/Web
3896,1984,Graduation,Married,27255.0,1,0,2013-07-11,3,22,1,11,0,1,2,1,1,0,3,7,0,0,37,4,5,0.2,7.4,513,1.4,1,1,30,18-30,Low Income,Recent,5,Store,0,0,Family Customers
9970,1977,Graduation,Together,55375.0,0,1,2013-10-17,3,42,11,57,10,28,14,1,1,1,6,2,0,0,162,8,9,0.1111111111111111,18.0,415,1.1,1,1,37,31-45,High Income,Recent,6,Store,0,0,Family Customers
4002,1960,PhD,Married,77037.0,0,1,2013-10-13,3,463,96,333,168,53,10,1,7,7,12,3,0,0,1123,26,27,0.037037037037037035,41.592592592592595,419,1.1,1,1,54,46-60,Very High Income,Recent,6,Store,1,0,Family Customers
10914,1970,Graduation,Single,24163.0,1,1,2013-12-10,3,4,1,7,2,1,2,2,1,0,3,4,0,0,17,4,6,0.3333333333333333,2.8333333333333335,361,1.0,2,1,44,31-45,Low Income,Recent,6,Store,0,0,Bargain Hunters
7279,1969,PhD,Together,69476.0,0,0,2013-09-30,3,260,86,559,63,9,67,1,4,6,4,2,0,0,1044,14,15,0.06666666666666667,69.6,432,1.2,0,0,45,31-45,Very High Income,Recent,6,Catalog,0,0,Catalog Shoppers
10582,1979,Graduation,Married,72063.0,0,1,2013-03-07,3,180,32,348,76,32,90,2,5,2,12,2,0,0,758,19,21,0.09523809523809523,36.095238095238095,639,1.8,1,1,35,31-45,Very High Income,Recent,6,Store,0,0,Family Customers
4470,1962,Master,Married,58646.0,0,1,2013-10-06,3,62,1,44,6,5,22,1,2,1,4,4,0,0,140,7,8,0.125,17.5,426,1.2,1,1,52,46-60,High Income,Recent,6,Store,0,0,Family Customers
6183,1962,Master,Married,58646.0,0,1,2013-10-06,3,62,1,44,6,5,22,1,2,1,4,4,0,0,140,7,8,0.125,17.5,426,1.2,1,1,52,46-60,High Income,Recent,6,Store,0,0,Family Customers
6379,1949,Master,Widow,47570.0,1,1,2013-05-29,3,67,1,20,0,2,31,3,2,2,2,7,1,0,121,6,9,0.3333333333333333,13.444444444444445,556,1.5,2,1,65,60+,Mid Income,Recent,5,Web,0,0,Digital Shoppers
8601,1980,Graduation,Married,80011.0,0,1,2013-04-29,3,421,76,536,82,178,102,2,8,6,5,4,0,0,1395,19,21,0.09523809523809523,66.42857142857143,586,1.6,1,1,34,31-45,Very High Income,Recent,6,Web,1,0,High-Value Active Catalog/Web
4827,1956,PhD,Single,54998.0,0,1,2013-10-03,3,154,22,202,39,30,8,5,4,2,9,4,1,0,455,15,20,0.25,22.75,429,1.2,1,1,58,46-60,High Income,Recent,6,Store,0,0,Bargain Hunters
6715,1948,PhD,Single,60200.0,0,1,2013-02-01,3,502,19,132,0,6,26,6,6,2,11,6,0,0,685,19,25,0.24,27.4,673,1.8,1,1,66,60+,High Income,Recent,5,Store,0,0,Family Customers
10676,1982,Graduation,Married,63211.0,0,0,2012-02-11,3,145,193,459,205,26,145,2,3,8,7,2,1,0,1173,18,20,0.1,58.65,1029,2.8,0,0,32,31-45,High Income,Recent,6,Catalog,1,0,High-Value Active Catalog/Web
1041,1973,PhD,Single,48432.0,0,1,2012-10-18,3,322,3,50,4,3,42,5,7,1,6,8,1,0,424,14,19,0.2631578947368421,22.31578947368421,779,2.1,1,1,41,31-45,Mid Income,Recent,6,Web,0,0,Digital Shoppers
492,1973,PhD,Other,48432.0,0,1,2012-10-18,3,322,3,50,4,3,42,5,7,1,6,8,0,0,424,14,19,0.2631578947368421,22.31578947368421,779,2.1,1,1,41,31-45,Mid Income,Recent,6,Web,0,0,Digital Shoppers
11133,1973,PhD,Other,48432.0,0,1,2012-10-18,3,322,3,50,4,3,42,5,7,1,6,8,1,0,424,14,19,0.2631578947368421,22.31578947368421,779,2.1,1,1,41,31-45,Mid Income,Recent,6,Web,0,0,Digital Shoppers
4491,1949,Master,Married,62845.0,1,1,2012-01-10,3,1099,0,45,0,0,34,11,3,4,10,8,0,0,1178,17,28,0.39285714285714285,42.07142857142857,1061,2.9,2,1,65,60+,High Income,Recent,3,Store,1,0,Bargain Hunters
873,1949,Master,Married,62845.0,1,1,2012-01-10,3,1099,0,45,0,0,34,11,3,4,10,8,1,0,1178,17,28,0.39285714285714285,42.07142857142857,1061,2.9,2,1,65,60+,High Income,Recent,3,Store,1,0,Bargain Hunters
1631,1965,PhD,Together,65220.0,0,0,2012-03-09,3,890,63,292,0,25,12,4,8,4,7,6,1,0,1282,19,23,0.17391304347826086,55.73913043478261,1002,2.7,0,0,49,46-60,High Income,Recent,5,Web,1,0,High-Value Active Catalog/Web
8278,1990,PhD,Married,74214.0,0,0,2012-08-26,3,863,83,547,86,99,33,1,8,2,5,5,0,0,1711,15,16,0.0625,106.9375,832,2.3,0,0,24,18-30,Very High Income,Recent,6,Web,1,0,High-Value Active Catalog/Web
6815,1980,2n Cycle,Married,96547.0,0,0,2014-05-23,4,448,21,125,52,101,62,0,7,6,8,2,1,0,809,21,21,0.0,38.523809523809526,197,0.5,0,0,34,31-45,Very High Income,Recent,6,Store,0,0,General Customers
254,1955,Graduation,Together,53863.0,0,1,2014-05-17,4,399,4,30,6,4,30,3,7,1,7,7,0,0,473,15,18,0.16666666666666666,26.27777777777778,203,0.6,1,1,59,46-60,High Income,Recent,6,Web,0,0,Digital Shoppers
1349,1970,Graduation,Married,50447.0,2,0,2014-04-21,4,85,7,24,2,3,27,1,3,1,3,6,0,0,148,7,8,0.125,18.5,229,0.6,2,1,44,31-45,Mid Income,Recent,6,Web,0,0,Digital Shoppers
2534,1953,Graduation,Married,37716.0,0,1,2014-04-21,4,97,1,41,6,2,41,2,4,1,3,7,0,0,188,8,10,0.2,18.8,229,0.6,1,1,61,60+,Mid Income,Recent,6,Web,0,0,Digital Shoppers
2130,1982,Graduation,Together,45203.0,2,0,2014-03-23,4,35,3,67,10,8,24,1,3,1,3,6,1,0,147,7,8,0.125,18.375,258,0.7,2,1,32,31-45,Mid Income,Recent,6,Web,0,0,Digital Shoppers
2296,1975,Master,Married,37368.0,1,0,2013-12-16,4,3,2,11,2,2,10,1,1,0,2,6,0,0,30,3,4,0.25,7.5,355,1.0,1,1,39,31-45,Mid Income,Recent,6,Store,0,0,Bargain Hunters
3799,1955,Graduation,Married,67225.0,0,1,2013-11-26,4,315,35,322,46,7,143,3,7,2,11,5,0,0,868,20,23,0.13043478260869565,37.73913043478261,375,1.0,1,1,59,46-60,High Income,Recent,6,Store,0,0,Family Customers
11084,1976,Master,Together,65104.0,0,1,2013-11-14,4,738,0,232,13,20,50,2,3,5,7,7,1,0,1053,15,17,0.11764705882352941,61.94117647058823,387,1.1,1,1,38,31-45,High Income,Recent,5,Store,1,0,Family Customers
5172,1976,Master,Together,65104.0,0,1,2013-11-14,4,738,0,232,13,20,50,2,3,5,7,7,0,0,1053,15,17,0.11764705882352941,61.94117647058823,387,1.1,1,1,38,31-45,High Income,Recent,5,Store,1,0,Family Customers
9504,1949,Master,Married,81698.0,0,0,2013-06-11,4,179,28,520,111,123,47,1,3,8,13,1,1,0,1008,24,25,0.04,40.32,543,1.5,0,0,65,60+,Very High Income,Recent,6,Store,0,0,General Customers
850,1968,Graduation,Single,70566.0,0,1,2013-06-10,4,381,28,215,84,28,21,2,6,5,9,3,0,0,757,20,22,0.09090909090909091,34.40909090909091,544,1.5,1,1,46,46-60,Very High Income,Recent,6,Store,0,0,Family Customers
4477,1958,Graduation,Together,69096.0,0,1,2013-09-27,4,247,49,159,7,82,109,1,5,2,10,4,0,0,653,17,18,0.05555555555555555,36.27777777777778,435,1.2,1,1,56,46-60,Very High Income,Recent,6,Store,0,0,Family Customers
1945,1962,Graduation,Married,71434.0,0,1,2013-09-18,4,711,36,217,172,96,168,3,7,4,7,4,0,0,1400,18,21,0.14285714285714285,66.66666666666667,444,1.2,1,1,52,46-60,Very High Income,Recent,6,Web,1,0,High-Value Active Catalog/Web
7685,1978,Graduation,Married,33039.0,1,0,2013-09-09,4,30,8,12,8,8,12,1,2,0,4,5,0,0,78,6,7,0.14285714285714285,11.142857142857142,453,1.2,1,1,36,31-45,Low Income,Recent,6,Store,0,0,Family Customers
6310,1978,Graduation,Married,33039.0,1,0,2013-09-09,4,30,8,12,8,8,12,1,2,0,4,5,0,0,78,6,7,0.14285714285714285,11.142857142857142,453,1.2,1,1,36,31-45,Low Income,Recent,6,Store,0,0,Family Customers
10832,1958,Graduation,Together,46610.0,0,0,2013-07-18,4,288,10,30,4,10,125,1,6,1,6,6,0,0,467,13,14,0.07142857142857142,33.357142857142854,506,1.4,0,0,56,46-60,Mid Income,Recent,6,Web,0,0,Digital Shoppers
3025,1958,Graduation,Single,49967.0,0,1,2013-08-07,4,212,6,69,4,12,3,3,6,1,5,7,0,0,306,12,15,0.2,20.4,486,1.3,1,1,56,46-60,Mid Income,Recent,6,Web,0,0,Digital Shoppers
2404,1976,Graduation,Married,53359.0,1,1,2013-05-27,4,173,4,30,3,6,41,4,5,1,4,7,0,0,257,10,14,0.2857142857142857,18.357142857142858,558,1.5,2,1,38,31-45,High Income,Recent,6,Web,0,0,Digital Shoppers
8581,1971,Master,Married,49505.0,1,1,2013-05-03,4,604,0,100,19,0,28,9,10,2,8,8,0,0,751,20,29,0.3103448275862069,25.896551724137932,582,1.6,2,1,43,31-45,Mid Income,Recent,4,Web,0,0,Digital Shoppers
8755,1946,Master,Married,68657.0,0,0,2013-02-20,4,482,34,471,119,68,22,1,3,5,9,7,0,0,1196,17,18,0.05555555555555555,66.44444444444444,654,1.8,0,0,68,60+,Very High Income,Recent,6,Store,1,0,General Customers
10177,1954,Graduation,Divorced,72071.0,0,1,2013-02-14,4,531,69,300,150,138,150,3,5,4,8,2,0,0,1338,17,20,0.15,66.9,660,1.8,1,1,60,46-60,Very High Income,Recent,6,Store,1,0,Family Customers
2429,1954,Graduation,Divorced,72071.0,0,1,2013-02-14,4,531,69,300,150,138,150,3,5,4,8,2,0,0,1338,17,20,0.15,66.9,660,1.8,1,1,60,46-60,Very High Income,Recent,6,Store,1,0,Family Customers
8920,1967,Master,Single,59235.0,1,0,2013-12-01,4,448,40,469,80,0,91,3,11,2,12,7,0,0,1128,25,28,0.10714285714285714,40.285714285714285,370,1.0,1,1,47,46-60,High Income,Recent,5,Store,1,0,Family Customers
8430,1957,Graduation,Together,21994.0,0,1,2012-12-24,4,9,0,6,3,1,3,1,0,0,3,5,0,0,22,3,4,0.25,5.5,712,2.0,1,1,57,46-60,Low Income,Recent,5,Store,0,0,Bargain Hunters
8619,1957,Graduation,Together,21994.0,0,1,2012-12-24,4,9,0,6,3,1,3,1,0,0,3,5,0,0,22,3,4,0.25,5.5,712,2.0,1,1,57,46-60,Low Income,Recent,5,Store,0,0,Bargain Hunters
8996,1957,PhD,Married,51381.5,2,1,2012-11-19,4,230,42,192,49,37,53,12,7,2,8,9,0,0,603,17,29,0.41379310344827586,20.79310344827586,747,2.0,3,1,57,46-60,Mid Income,Recent,6,Store,0,0,Bargain Hunters
7233,1972,Graduation,Married,69209.0,0,0,2012-09-17,4,496,32,849,229,48,128,2,5,3,6,4,0,0,1782,14,16,0.125,111.375,810,2.2,0,0,42,31-45,Very High Income,Recent,6,Store,1,0,General Customers
6678,1989,Graduation,Together,31928.0,1,0,2014-03-28,5,33,4,24,4,2,5,2,3,0,4,7,0,0,72,7,9,0.2222222222222222,8.0,253,0.7,1,1,25,18-30,Low Income,Recent,6,Store,0,0,Family Customers
830,1987,PhD,Single,74004.0,0,0,2014-02-24,5,784,48,560,42,176,48,1,4,6,4,3,1,0,1658,14,15,0.06666666666666667,110.53333333333333,285,0.8,0,0,27,18-30,Very High Income,Recent,6,Catalog,1,0,High-Value Active Catalog/Web
6365,1987,2n Cycle,Married,30390.0,0,0,2013-02-09,5,10,12,12,25,1,20,1,2,0,3,6,0,0,80,5,6,0.16666666666666666,13.333333333333334,665,1.8,0,0,27,18-30,Low Income,Recent,6,Store,0,0,General Customers
6770,1985,Graduation,Married,21355.0,1,0,2013-08-20,5,5,13,14,0,5,31,2,2,1,2,6,1,0,68,5,7,0.2857142857142857,9.714285714285714,473,1.3,1,1,29,18-30,Low Income,Recent,5,Web,0,0,Digital Shoppers
2261,1969,Graduation,Married,26304.0,1,0,2013-06-23,5,4,1,5,2,0,4,1,1,0,2,7,0,0,16,3,4,0.25,4.0,531,1.5,1,1,45,31-45,Low Income,Recent,5,Store,0,0,Bargain Hunters
1031,1989,2n Cycle,Married,85710.0,0,0,2013-05-05,5,600,20,350,29,30,33,1,6,9,10,2,0,0,1062,25,26,0.038461538461538464,40.84615384615385,580,1.6,0,0,25,18-30,Very High Income,Recent,6,Store,1,0,General Customers
10089,1974,Graduation,Divorced,102692.0,0,0,2013-05-04,5,168,148,444,32,172,148,1,6,9,13,2,1,0,1112,28,29,0.034482758620689655,38.3448275862069,581,1.6,0,0,40,31-45,Very High Income,Recent,6,Store,1,0,General Customers
9256,1971,Graduation,Single,58350.0,0,1,2013-04-01,5,493,26,206,116,80,80,4,8,3,12,6,0,0,1001,23,27,0.14814814814814814,37.074074074074076,614,1.7,1,1,43,31-45,High Income,Recent,6,Store,0,0,Family Customers
10641,1978,Graduation,Single,7500.0,1,1,2012-12-27,5,6,5,4,13,4,25,4,2,1,3,6,0,0,57,6,10,0.4,5.7,709,1.9,2,1,36,31-45,Low Income,Recent,6,Store,0,0,Bargain Hunters
624,1984,Master,Single,18890.0,0,0,2012-10-11,5,6,4,1,7,2,15,1,0,1,2,6,1,0,35,3,4,0.25,8.75,786,2.2,0,0,30,18-30,Low Income,Recent,6,Store,0,0,Bargain Hunters
4211,1986,Basic,Married,20425.0,1,0,2012-10-29,5,4,12,5,3,16,17,2,2,0,3,7,0,0,57,5,7,0.2857142857142857,8.142857142857142,768,2.1,1,1,28,18-30,Low Income,Recent,6,Store,0,0,Bargain Hunters
1407,1986,Basic,Married,20425.0,1,0,2012-10-29,5,4,12,5,3,16,17,2,2,0,3,7,0,0,57,5,7,0.2857142857142857,8.142857142857142,768,2.1,1,1,28,18-30,Low Income,Recent,6,Store,0,0,Bargain Hunters
10356,1957,PhD,Divorced,41437.0,1,1,2012-09-22,5,29,0,2,0,0,1,1,1,0,3,7,0,0,32,4,5,0.2,6.4,805,2.2,2,1,57,46-60,Mid Income,Recent,3,Store,0,0,Family Customers
9323,1949,Master,Together,49912.0,0,1,2012-07-09,5,520,8,223,32,49,42,4,10,5,7,8,1,0,874,22,26,0.15384615384615385,33.61538461538461,880,2.4,1,1,65,60+,Mid Income,Recent,6,Web,0,0,Digital Shoppers
1146,1949,Master,Together,49912.0,0,1,2012-07-09,5,520,8,223,32,49,42,4,10,5,7,8,1,0,874,22,26,0.15384615384615385,33.61538461538461,880,2.4,1,1,65,60+,Mid Income,Recent,6,Web,0,0,Digital Shoppers
6343,1959,Graduation,Married,79823.0,0,1,2014-03-31,6,835,73,380,114,73,43,1,6,9,7,2,0,0,1518,22,23,0.043478260869565216,66.0,250,0.7,1,1,55,46-60,Very High Income,Recent,6,Catalog,1,0,High-Value Active Catalog/Web
8545,1954,Graduation,Divorced,85683.0,0,0,2014-03-21,6,1296,17,311,45,69,51,1,2,4,10,1,1,0,1789,16,17,0.058823529411764705,105.23529411764706,260,0.7,0,0,60,46-60,Very High Income,Recent,6,Store,1,0,General Customers
8275,1965,PhD,Divorced,47025.0,1,1,2014-09-02,6,16,0,3,0,0,1,1,1,0,2,7,0,0,20,3,4,0.25,5.0,95,0.3,2,1,49,46-60,Mid Income,Recent,3,Store,0,0,Bargain Hunters
10673,1976,PhD,Married,68397.0,0,1,2013-11-17,6,760,80,466,17,13,80,1,6,9,5,3,0,0,1416,20,21,0.047619047619047616,67.42857142857143,384,1.1,1,1,38,31-45,Very High Income,Recent,6,Catalog,1,0,High-Value Active Catalog/Web
8799,1984,PhD,Married,38175.0,1,0,2013-09-23,6,70,6,69,2,3,3,3,3,1,4,7,0,0,153,8,11,0.2727272727272727,13.909090909090908,439,1.2,1,1,30,18-30,Mid Income,Recent,6,Store,0,0,Bargain Hunters
67,1972,Master,Single,46423.0,1,1,2013-09-18,6,68,0,16,0,0,8,3,2,0,4,7,0,0,92,6,9,0.3333333333333333,10.222222222222221,444,1.2,2,1,42,31-45,Mid Income,Recent,3,Store,0,0,Bargain Hunters
9923,1972,Master,Single,46423.0,1,1,2013-09-18,6,68,0,16,0,0,8,3,2,0,4,7,0,0,92,6,9,0.3333333333333333,10.222222222222221,444,1.2,2,1,42,31-45,Mid Income,Recent,3,Store,0,0,Bargain Hunters
2814,1976,Master,Together,30560.0,1,0,2013-06-27,6,9,1,5,4,5,7,1,1,0,3,7,0,0,31,4,5,0.2,6.2,527,1.4,1,1,38,31-45,Low Income,Recent,6,Store,0,0,Family Customers
2711,1976,Master,Together,30560.0,1,0,2013-06-27,6,9,1,5,4,5,7,1,1,0,3,7,0,0,31,4,5,0.2,6.2,527,1.4,1,1,38,31-45,Low Income,Recent,6,Store,0,0,Family Customers
4320,1979,Graduation,Single,60152.0,0,1,2013-03-28,6,325,83,300,86,58,91,1,6,4,12,3,0,0,943,22,23,0.043478260869565216,41.0,618,1.7,1,1,35,31-45,High Income,Recent,6,Store,0,0,Family Customers
10451,1965,Graduation,Together,29672.0,1,1,2013-12-03,6,9,1,3,0,4,8,1,0,0,3,6,0,0,25,3,4,0.25,6.25,368,1.0,2,1,49,46-60,Low Income,Recent,5,Store,0,0,Bargain Hunters
4198,1965,Graduation,Together,29672.0,1,1,2013-12-03,6,9,1,3,0,4,8,1,0,0,3,6,0,0,25,3,4,0.25,6.25,368,1.0,2,1,49,46-60,Low Income,Recent,5,Store,0,0,Bargain Hunters
10814,1947,Graduation,Together,70321.0,0,0,2013-01-16,6,303,23,751,82,26,191,1,6,5,13,4,1,0,1376,24,25,0.04,55.04,689,1.9,0,0,67,60+,Very High Income,Recent,6,Store,1,0,General Customers
944,1962,Graduation,Married,56181.0,0,1,2013-08-01,6,121,103,69,8,44,48,1,4,2,7,4,0,0,393,13,14,0.07142857142857142,28.071428571428573,492,1.3,1,1,52,46-60,High Income,Recent,6,Store,0,0,Family Customers
8151,1990,Basic,Married,24279.0,0,0,2012-12-29,6,16,36,21,20,62,108,1,4,1,3,8,0,0,263,8,9,0.1111111111111111,29.22222222222222,707,1.9,0,0,24,18-30,Low Income,Recent,6,Web,0,0,Digital Shoppers
6184,1969,PhD,Married,68462.0,0,0,2012-12-12,6,561,64,785,84,128,48,1,3,3,8,1,0,0,1670,14,15,0.06666666666666667,111.33333333333333,724,2.0,0,0,45,31-45,Very High Income,Recent,6,Store,1,0,General Customers
3498,1976,PhD,Married,55424.0,0,1,2012-11-25,6,462,61,184,10,53,107,4,7,5,9,6,1,0,877,21,25,0.16,35.08,741,2.0,1,1,38,31-45,High Income,Recent,6,Store,0,0,Family Customers
2870,1973,Graduation,Married,49094.0,0,1,2012-09-21,6,376,0,38,11,8,69,5,6,3,6,6,0,0,502,15,20,0.25,25.1,806,2.2,1,1,41,31-45,Mid Income,Recent,5,Web,0,0,Digital Shoppers
7342,1961,2n Cycle,Widow,59184.0,0,1,2012-09-09,6,341,142,113,259,151,66,3,6,6,12,5,0,0,1072,24,27,0.1111111111111111,39.7037037037037,818,2.2,1,1,53,46-60,High Income,Recent,6,Store,1,0,Family Customers
1911,1987,Graduation,Together,67430.0,0,0,2012-05-09,6,595,97,291,127,133,121,1,11,5,12,6,0,0,1364,28,29,0.034482758620689655,47.03448275862069,941,2.6,0,0,27,18-30,High Income,Recent,6,Store,1,0,General Customers
10862,1960,Master,Married,30522.0,0,1,2012-08-17,6,179,8,83,19,11,26,5,1,2,9,2,0,0,326,12,17,0.29411764705882354,19.176470588235293,841,2.3,1,1,54,46-60,Low Income,Recent,6,Store,0,0,Bargain Hunters
2546,1977,2n Cycle,Single,31878.0,0,1,2014-06-22,7,23,4,5,10,5,23,1,1,0,4,3,0,0,70,5,6,0.16666666666666666,11.666666666666666,167,0.5,1,1,37,31-45,Low Income,Recent,6,Store,0,0,Family Customers
3005,1992,Graduation,Single,83528.0,0,0,2014-01-05,7,530,117,678,134,44,147,1,4,10,8,1,1,0,1650,22,23,0.043478260869565216,71.73913043478261,335,0.9,0,0,22,18-30,Very High Income,Recent,6,Catalog,1,0,High-Value Active Catalog/Web
8318,1979,Graduation,Together,90300.0,0,0,2014-03-01,7,594,134,786,33,134,57,0,5,6,8,1,0,0,1738,19,19,0.0,91.47368421052632,280,0.8,0,0,35,31-45,Very High Income,Recent,6,Store,1,0,General Customers
2930,1978,Master,Single,68092.0,0,0,2013-12-16,7,852,60,207,78,36,48,2,2,6,10,5,0,0,1281,18,20,0.1,64.05,355,1.0,0,0,36,31-45,High Income,Recent,6,Store,1,0,General Customers
8216,1972,Master,Married,53761.0,1,1,2013-11-10,7,158,0,76,13,7,71,6,4,4,3,5,0,0,325,11,17,0.35294117647058826,19.11764705882353,391,1.1,2,1,42,31-45,High Income,Recent,5,Web,0,0,Digital Shoppers
1212,1973,Graduation,Married,52845.0,1,0,2013-08-13,7,384,25,292,130,41,64,3,8,8,6,6,0,0,936,22,25,0.12,37.44,480,1.3,1,1,41,31-45,High Income,Recent,6,Web,0,0,Digital Shoppers
2541,1976,Graduation,Married,24027.0,1,0,2013-09-06,7,14,7,11,11,0,5,2,2,0,3,8,0,0,48,5,7,0.2857142857142857,6.857142857142857,456,1.2,1,1,38,31-45,Low Income,Recent,5,Store,0,0,Bargain Hunters
10659,1979,2n Cycle,Together,7500.0,1,0,2013-07-05,7,2,8,11,3,8,21,4,3,2,2,7,0,0,53,7,11,0.36363636363636365,4.818181818181818,519,1.4,1,1,35,31-45,Low Income,Recent,6,Web,0,0,Digital Shoppers
10905,1955,Graduation,Together,42586.0,1,1,2012-10-29,7,194,2,56,0,0,0,5,4,1,6,8,1,0,252,11,16,0.3125,15.75,768,2.1,2,1,59,46-60,Mid Income,Recent,3,Store,0,0,Bargain Hunters
8910,1955,Graduation,Together,42586.0,1,1,2012-10-29,7,194,2,56,0,0,0,5,4,1,6,8,1,0,252,11,16,0.3125,15.75,768,2.1,2,1,59,46-60,Mid Income,Recent,3,Store,0,0,Bargain Hunters
7349,1973,Basic,Together,9722.0,1,0,2012-02-10,7,6,17,16,6,16,42,4,3,1,3,8,1,0,103,7,11,0.36363636363636365,9.363636363636363,1030,2.8,1,1,41,31-45,Low Income,Recent,6,Web,0,0,Digital Shoppers
7872,1975,PhD,Married,86836.0,0,0,2012-12-09,7,179,21,273,0,21,63,1,6,10,6,5,1,0,557,22,23,0.043478260869565216,24.217391304347824,727,2.0,0,0,39,31-45,Very High Income,Recent,5,Catalog,0,0,Catalog Shoppers
4290,1972,Graduation,Married,30467.0,1,0,2014-03-19,8,1,3,8,2,5,5,1,1,0,2,7,0,0,24,3,4,0.25,6.0,262,0.7,1,1,42,31-45,Low Income,Recent,6,Store,0,0,Bargain Hunters
7408,1952,PhD,Married,54549.0,0,1,2014-03-03,8,216,2,6,0,0,9,2,5,1,4,7,0,0,233,10,12,0.16666666666666666,19.416666666666668,278,0.8,1,1,62,60+,High Income,Recent,4,Web,0,0,Digital Shoppers
9986,1982,Graduation,Together,19444.0,1,0,2014-02-22,8,16,0,23,3,2,10,3,4,1,2,7,1,0,54,7,10,0.3,5.4,287,0.8,1,1,32,31-45,Low Income,Recent,5,Web,0,0,Digital Shoppers
8235,1956,Master,Together,69245.0,0,1,2014-01-24,8,428,30,214,80,30,61,2,6,5,10,3,0,0,843,21,23,0.08695652173913043,36.65217391304348,316,0.9,1,1,58,46-60,Very High Income,Recent,6,Store,0,0,Family Customers
10949,1963,PhD,Divorced,72968.0,0,0,2013-12-16,8,1092,37,592,145,37,55,1,5,5,8,3,1,0,1958,18,19,0.05263157894736842,103.05263157894737,355,1.0,0,0,51,46-60,Very High Income,Recent,6,Store,1,0,General Customers
7284,1953,Graduation,Married,48686.0,1,2,2013-04-12,8,10,0,7,2,0,1,1,1,0,2,8,0,0,20,3,4,0.25,5.0,603,1.7,3,1,61,60+,Mid Income,Recent,4,Store,0,0,Bargain Hunters
9529,1990,Graduation,Married,73687.0,0,0,2013-11-28,8,559,153,503,218,13,181,1,3,9,9,2,1,0,1627,21,22,0.045454545454545456,73.95454545454545,373,1.0,0,0,24,18-30,Very High Income,Recent,6,Catalog,1,0,High-Value Active Catalog/Web
9930,1944,PhD,Single,82716.0,0,0,2013-05-11,8,606,148,228,15,148,22,1,6,8,13,2,0,0,1167,27,28,0.03571428571428571,41.67857142857143,574,1.6,0,0,70,60+,Very High Income,Recent,6,Store,1,0,General Customers
10270,1981,2n Cycle,Married,35523.0,1,0,2013-03-10,8,11,5,22,12,5,11,2,3,0,3,7,0,0,66,6,8,0.25,8.25,636,1.7,1,1,33,31-45,Low Income,Recent,6,Web,0,0,Digital Shoppers
760,1975,PhD,Divorced,60554.0,1,0,2013-09-08,8,588,7,76,110,15,15,2,8,4,9,6,0,0,811,21,23,0.08695652173913043,35.26086956521739,454,1.2,1,1,39,31-45,High Income,Recent,6,Store,0,0,Family Customers
5519,1956,Graduation,Together,64090.0,0,1,2013-07-08,8,316,58,161,76,51,135,1,6,9,4,5,1,0,797,19,20,0.05,39.85,516,1.4,1,1,58,46-60,High Income,Recent,6,Catalog,0,0,Catalog Shoppers
232,1965,Graduation,Single,61559.0,0,1,2013-07-17,8,279,83,88,32,14,34,1,4,2,10,3,0,0,530,16,17,0.058823529411764705,31.176470588235293,507,1.4,1,1,49,46-60,High Income,Recent,6,Store,0,0,Family Customers
3009,1962,PhD,Widow,71670.0,0,0,2013-09-07,8,1462,16,128,0,0,160,1,5,3,6,6,1,0,1766,14,15,0.06666666666666667,117.73333333333333,455,1.2,0,0,52,46-60,Very High Income,Recent,4,Store,1,0,General Customers
6518,1951,PhD,Widow,67680.0,0,1,2013-11-06,8,546,0,48,0,6,6,1,7,3,8,5,0,0,606,18,19,0.05263157894736842,31.894736842105264,395,1.1,1,1,63,60+,High Income,Recent,4,Store,0,0,Family Customers
10669,1981,Graduation,Married,54386.0,0,1,2013-05-17,8,277,21,64,62,21,25,2,3,2,10,3,0,0,470,15,17,0.11764705882352941,27.647058823529413,568,1.6,1,1,33,31-45,High Income,Recent,6,Store,0,0,Family Customers
5682,1953,PhD,Single,64108.0,0,1,2013-03-23,8,948,10,86,13,21,21,4,6,9,11,5,0,0,1099,26,30,0.13333333333333333,36.63333333333333,623,1.7,1,1,61,60+,High Income,Recent,6,Store,1,0,Family Customers
1570,1951,PhD,Together,69702.0,0,1,2013-02-19,8,664,9,240,50,19,57,2,7,7,10,4,0,0,1039,24,26,0.07692307692307693,39.96153846153846,655,1.8,1,1,63,60+,Very High Income,Recent,6,Store,0,0,Family Customers
1497,1952,Graduation,Single,47958.0,0,1,2013-01-19,8,268,11,88,15,3,22,2,6,3,5,5,0,0,407,14,16,0.125,25.4375,686,1.9,1,1,62,60+,Mid Income,Recent,6,Web,0,0,Digital Shoppers
9723,1960,Graduation,Married,67716.0,0,1,2013-10-01,8,530,142,217,62,9,56,4,7,4,13,5,0,0,1016,24,28,0.14285714285714285,36.285714285714285,431,1.2,1,1,54,46-60,High Income,Recent,6,Store,0,0,Family Customers
7261,1971,Graduation,Together,34600.0,1,1,2013-01-01,8,199,33,60,8,3,15,5,5,2,5,8,1,0,318,12,17,0.29411764705882354,18.705882352941178,704,1.9,2,1,43,31-45,Low Income,Recent,6,Web,0,0,Digital Shoppers
2452,1971,Graduation,Together,34600.0,1,1,2013-01-01,8,199,33,60,8,3,15,5,5,2,5,8,1,0,318,12,17,0.29411764705882354,18.705882352941178,704,1.9,2,1,43,31-45,Low Income,Recent,6,Web,0,0,Digital Shoppers
5621,1969,Graduation,Married,48752.0,1,1,2012-12-12,8,73,57,100,71,15,0,5,6,1,5,9,1,0,316,12,17,0.29411764705882354,18.58823529411765,724,2.0,2,1,45,31-45,Mid Income,Recent,5,Web,0,0,Digital Shoppers
10995,1988,2n Cycle,Married,15716.0,1,0,2012-12-11,8,16,5,30,8,7,26,3,3,0,4,8,0,1,92,7,10,0.3,9.2,725,2.0,1,1,26,18-30,Low Income,Recent,6,Store,0,0,Bargain Hunters
7373,1952,PhD,Divorced,46610.0,0,2,2012-10-29,8,96,12,96,33,22,43,6,4,1,6,6,1,0,302,11,17,0.35294117647058826,17.764705882352942,768,2.1,2,1,62,60+,Mid Income,Recent,6,Store,0,0,Bargain Hunters
5331,1977,Graduation,Married,74985.0,0,0,2012-11-09,8,587,51,898,247,0,86,1,3,6,7,2,0,0,1869,16,17,0.058823529411764705,109.94117647058823,757,2.1,0,0,37,31-45,Very High Income,Recent,5,Store,1,0,General Customers
263,1945,PhD,Single,45576.0,0,0,2014-05-28,9,56,19,29,2,14,25,1,3,1,3,8,1,0,145,7,8,0.125,18.125,192,0.5,0,0,69,60+,Mid Income,Recent,6,Web,0,0,Digital Shoppers
4619,1945,PhD,Single,113734.0,0,0,2014-05-28,9,6,2,3,1,262,3,0,27,0,0,1,0,0,277,27,27,0.0,10.25925925925926,192,0.5,0,0,69,60+,Very High Income,Recent,6,Web,0,0,Digital Shoppers
940,1987,Graduation,Single,57100.0,1,0,2014-05-18,9,158,11,99,15,11,17,2,3,2,7,3,0,0,311,12,14,0.14285714285714285,22.214285714285715,202,0.6,1,1,27,18-30,High Income,Recent,6,Store,0,0,Family Customers
10084,1972,Graduation,Married,24434.0,2,0,2014-05-18,9,3,2,8,20,0,17,2,2,1,2,7,0,0,50,5,7,0.2857142857142857,7.142857142857143,202,0.6,2,1,42,31-45,Low Income,Recent,5,Web,0,0,Digital Shoppers
6019,1971,PhD,Married,37126.0,1,0,2014-03-30,9,45,3,9,4,4,7,1,1,2,2,6,1,0,72,5,6,0.16666666666666666,12.0,251,0.7,1,1,43,31-45,Mid Income,Recent,6,Catalog,0,0,Catalog Shoppers
1463,1958,Graduation,Single,45160.0,1,1,2014-03-29,9,8,2,5,3,0,3,1,1,0,2,7,0,0,21,3,4,0.25,5.25,252,0.7,2,1,56,46-60,Mid Income,Recent,5,Store,0,0,Bargain Hunters
6424,1977,Graduation,Together,33178.0,1,0,2014-01-30,9,12,6,2,11,2,16,1,1,0,3,4,0,0,49,4,5,0.2,9.8,310,0.8,1,1,37,31-45,Low Income,Recent,6,Store,0,0,Family Customers
8233,1950,Master,Widow,64866.0,0,1,2014-01-26,9,508,5,21,7,5,10,4,7,3,7,5,0,0,556,17,21,0.19047619047619047,26.476190476190474,314,0.9,1,1,64,60+,High Income,Recent,6,Web,0,0,Digital Shoppers
1515,1975,Master,Together,34176.0,0,1,2014-01-22,9,11,2,7,4,2,2,1,1,0,3,3,0,0,28,4,5,0.2,5.6,318,0.9,1,1,39,31-45,Low Income,Recent,6,Store,0,0,Family Customers
10855,1968,Master,Single,50014.0,1,0,2014-01-22,9,234,14,77,19,10,42,2,4,1,8,5,0,0,396,13,15,0.13333333333333333,26.4,318,0.9,1,1,46,46-60,Mid Income,Recent,6,Store,0,0,Family Customers
10909,1948,Graduation,Married,92344.0,0,0,2014-01-15,9,992,24,694,51,19,119,0,5,10,5,1,0,0,1899,20,20,0.0,94.95,325,0.9,0,0,66,60+,Very High Income,Recent,6,Catalog,1,0,High-Value Active Catalog/Web
3376,1970,Master,Divorced,55282.0,1,0,2013-12-13,9,125,6,73,8,4,19,1,3,1,6,4,0,0,235,10,11,0.09090909090909091,21.363636363636363,358,1.0,1,1,44,31-45,High Income,Recent,6,Store,0,0,Family Customers
10232,1963,PhD,Divorced,48799.0,0,1,2013-05-11,9,174,18,81,28,6,24,3,3,2,7,3,0,0,331,12,15,0.2,22.066666666666666,574,1.6,1,1,51,46-60,Mid Income,Recent,6,Store,0,0,Family Customers
5547,1982,PhD,Married,84169.0,0,0,2013-07-08,9,1478,19,403,0,19,0,1,7,6,6,3,1,0,1919,19,20,0.05,95.95,516,1.4,0,0,32,31-45,Very High Income,Recent,4,Web,1,0,High-Value Active Catalog/Web
8362,1982,PhD,Married,84169.0,0,0,2013-07-08,9,1478,19,403,0,19,0,1,7,6,6,3,1,0,1919,19,20,0.05,95.95,516,1.4,0,0,32,31-45,Very High Income,Recent,4,Web,1,0,High-Value Active Catalog/Web
3524,1971,Master,Single,39763.0,1,0,2013-04-08,9,80,1,60,4,6,16,2,5,1,2,9,1,0,167,8,10,0.2,16.7,607,1.7,1,1,43,31-45,Mid Income,Recent,6,Web,0,0,Digital Shoppers
10095,1975,PhD,Divorced,74165.0,0,0,2013-01-05,9,1001,12,240,16,12,12,1,5,4,10,2,0,0,1293,19,20,0.05,64.65,700,1.9,0,0,39,31-45,Very High Income,Recent,6,Store,1,0,General Customers
8897,1965,Graduation,Single,42720.0,1,1,2013-04-24,9,392,5,91,28,26,112,8,7,3,7,8,1,0,654,17,25,0.32,26.16,591,1.6,2,1,49,46-60,Mid Income,Recent,6,Web,0,0,Digital Shoppers
466,1944,Graduation,Married,65275.0,0,0,2013-03-04,9,388,14,218,91,14,21,1,4,3,13,2,0,0,746,20,21,0.047619047619047616,35.523809523809526,642,1.8,0,0,70,60+,High Income,Recent,6,Store,0,0,General Customers
11025,1961,Graduation,Married,36443.0,1,1,2013-03-02,9,65,0,46,4,3,20,4,3,1,3,8,0,0,138,7,11,0.36363636363636365,12.545454545454545,644,1.8,2,1,53,46-60,Mid Income,Recent,5,Web,0,0,Digital Shoppers
2387,1952,Master,Together,43776.0,1,1,2013-03-02,9,177,2,71,3,2,20,6,5,2,4,8,1,0,275,11,17,0.35294117647058826,16.176470588235293,644,1.8,2,1,62,60+,Mid Income,Recent,6,Web,0,0,Digital Shoppers
1618,1965,Graduation,Together,56046.0,0,0,2013-02-01,9,577,0,64,0,0,51,2,10,1,8,8,1,0,692,19,21,0.09523809523809523,32.95238095238095,673,1.8,0,0,49,46-60,High Income,Recent,3,Web,0,0,Digital Shoppers
25,1958,Graduation,Married,65148.0,0,1,2012-11-16,9,460,35,422,33,12,153,2,6,6,7,4,0,0,1115,19,21,0.09523809523809523,53.095238095238095,750,2.1,1,1,56,46-60,High Income,Recent,6,Store,1,0,Family Customers
3277,1955,Graduation,Divorced,49431.0,0,1,2012-03-08,9,219,3,100,26,0,17,2,7,1,5,8,0,0,365,13,15,0.13333333333333333,24.333333333333332,1003,2.7,1,1,59,46-60,Mid Income,Recent,5,Web,0,0,Digital Shoppers
8566,1961,PhD,Together,32583.0,1,1,2014-06-15,10,5,0,3,0,0,1,1,1,0,2,7,0,0,9,3,4,0.25,2.25,174,0.5,2,1,53,46-60,Low Income,Recent,3,Store,0,0,Bargain Hunters
2634,1979,Master,Single,16653.0,1,0,2014-04-18,10,5,7,31,15,4,7,3,2,1,3,6,1,0,69,6,9,0.3333333333333333,7.666666666666667,232,0.6,1,1,35,31-45,Low Income,Recent,6,Store,0,0,Bargain Hunters
8036,1971,2n Cycle,Together,26850.0,1,1,2014-04-18,10,31,1,13,7,2,9,4,2,1,4,4,0,0,63,7,11,0.36363636363636365,5.7272727272727275,232,0.6,2,1,43,31-45,Low Income,Recent,6,Store,0,0,Bargain Hunters
8159,1968,Graduation,Married,51287.0,1,1,2014-01-04,10,117,0,22,13,0,30,3,4,1,3,7,0,0,182,8,11,0.2727272727272727,16.545454545454547,336,0.9,2,1,46,46-60,Mid Income,Recent,4,Web,0,0,Digital Shoppers
7628,1973,2n Cycle,Married,43050.0,1,0,2014-03-18,10,30,5,24,6,3,8,2,2,0,4,5,0,0,76,6,8,0.25,9.5,263,0.7,1,1,41,31-45,Mid Income,Recent,6,Store,0,0,Bargain Hunters
9597,1969,Graduation,Married,73448.0,0,0,2014-10-02,10,236,106,189,23,41,130,1,7,2,9,4,0,0,725,18,19,0.05263157894736842,38.1578947368421,65,0.2,0,0,45,31-45,Very High Income,Recent,6,Store,0,0,General Customers
1384,1992,Basic,Married,17256.0,1,0,2013-11-23,10,6,4,14,8,8,22,2,2,1,2,8,0,0,62,5,7,0.2857142857142857,8.857142857142858,378,1.0,1,1,22,18-30,Low Income,Recent,6,Web,0,0,Digital Shoppers
10150,1961,Graduation,Single,86429.0,0,0,2013-11-21,10,464,28,873,29,18,37,0,7,4,7,2,1,0,1449,18,18,0.0,80.5,380,1.0,0,0,53,46-60,Very High Income,Recent,6,Web,1,0,High-Value Active Catalog/Web
3885,1983,PhD,Married,33569.0,1,0,2013-10-16,10,16,2,18,3,0,24,1,1,1,2,8,1,0,63,4,5,0.2,12.6,416,1.1,1,1,31,31-45,Low Income,Recent,5,Store,0,0,Family Customers
11003,1980,2n Cycle,Together,25130.0,1,0,2013-02-10,10,2,5,7,0,18,18,2,2,0,3,7,0,0,50,5,7,0.2857142857142857,7.142857142857143,664,1.8,1,1,34,31-45,Low Income,Recent,5,Store,0,0,Bargain Hunters
8026,1952,Graduation,Married,62998.0,0,1,2013-09-30,10,120,58,73,65,89,58,5,5,4,5,5,0,0,463,14,19,0.2631578947368421,24.36842105263158,432,1.2,1,1,62,60+,High Income,Recent,6,Web,0,0,Digital Shoppers
577,1976,2n Cycle,Together,26907.0,1,1,2013-08-20,10,9,1,7,0,3,2,2,1,0,3,7,0,0,22,4,6,0.3333333333333333,3.6666666666666665,473,1.3,2,1,38,31-45,Low Income,Recent,5,Store,0,0,Bargain Hunters
8702,1976,2n Cycle,Together,26907.0,1,1,2013-08-20,10,9,1,7,0,3,2,2,1,0,3,7,0,0,22,4,6,0.3333333333333333,3.6666666666666665,473,1.3,2,1,38,31-45,Low Income,Recent,5,Store,0,0,Bargain Hunters
5429,1948,PhD,Married,45579.0,0,1,2013-08-20,10,145,1,33,2,1,1,1,4,1,4,6,0,0,183,9,10,0.1,18.3,473,1.3,1,1,66,60+,Mid Income,Recent,6,Web,0,0,Digital Shoppers
977,1957,Graduation,Together,47320.0,0,1,2013-01-08,10,200,19,111,50,15,19,6,5,1,8,6,0,0,414,14,20,0.3,20.7,697,1.9,1,1,57,46-60,Mid Income,Recent,6,Store,0,0,Bargain Hunters
2793,1976,PhD,Divorced,70179.0,0,1,2013-07-21,10,532,88,168,69,44,133,3,7,3,13,5,0,0,1034,23,26,0.11538461538461539,39.76923076923077,503,1.4,1,1,38,31-45,Very High Income,Recent,6,Store,0,0,Family Customers
1071,1976,PhD,Divorced,70179.0,0,1,2013-07-21,10,532,88,168,69,44,133,3,7,3,13,5,0,0,1034,23,26,0.11538461538461539,39.76923076923077,503,1.4,1,1,38,31-45,Very High Income,Recent,6,Store,0,0,Family Customers
5074,1986,Master,Married,28072.0,1,0,2013-08-07,10,30,0,10,2,0,5,1,1,0,3,7,0,0,47,4,5,0.2,9.4,486,1.3,1,1,28,18-30,Low Income,Recent,4,Store,0,0,Family Customers
2632,1954,Graduation,Married,50501.0,1,1,2013-06-18,10,297,0,38,13,0,152,7,5,4,4,6,1,0,500,13,20,0.35,25.0,536,1.5,2,1,60,46-60,Mid Income,Recent,4,Web,0,0,Digital Shoppers
6404,1969,Graduation,Together,58917.0,1,2,2013-03-24,10,151,7,89,0,7,28,5,4,1,6,5,0,0,282,11,16,0.3125,17.625,622,1.7,3,1,45,31-45,High Income,Recent,5,Store,0,0,Bargain Hunters
10240,1949,Graduation,Together,69372.0,0,0,2013-02-19,10,997,26,269,34,13,42,1,10,4,6,4,1,0,1381,20,21,0.047619047619047616,65.76190476190476,655,1.8,0,0,65,60+,Very High Income,Recent,6,Web,1,0,High-Value Active Catalog/Web
2521,1971,Master,Married,35178.0,1,0,2013-10-01,10,23,1,13,2,2,18,1,1,1,2,7,1,0,59,4,5,0.2,11.8,431,1.2,1,1,43,31-45,Low Income,Recent,6,Store,0,0,Family Customers
4301,1971,Master,Married,35178.0,1,0,2013-10-01,10,23,1,13,2,2,18,1,1,1,2,7,1,0,59,4,5,0.2,11.8,431,1.2,1,1,43,31-45,Low Income,Recent,6,Store,0,0,Family Customers
7381,1968,Graduation,Divorced,75693.0,0,0,2012-06-12,10,797,153,293,72,97,30,1,11,4,6,4,1,0,1442,21,22,0.045454545454545456,65.54545454545455,907,2.5,0,0,46,46-60,Very High Income,Recent,6,Web,1,0,High-Value Active Catalog/Web
2407,1982,Graduation,Married,69109.0,0,0,2012-09-11,10,823,25,459,124,29,95,1,6,6,7,4,1,0,1555,19,20,0.05,77.75,816,2.2,0,0,32,31-45,Very High Income,Recent,6,Store,1,0,General Customers
9064,1982,Graduation,Married,69109.0,0,0,2012-09-11,10,823,25,459,124,29,95,1,6,6,7,4,1,0,1555,19,20,0.05,77.75,816,2.2,0,0,32,31-45,Very High Income,Recent,6,Store,1,0,General Customers
5067,1994,Graduation,Together,80134.0,0,0,2014-02-14,11,966,26,282,52,26,26,1,2,7,11,5,0,0,1378,20,21,0.047619047619047616,65.61904761904762,295,0.8,0,0,20,18-30,Very High Income,Recent,6,Store,1,0,General Customers
10281,1970,Graduation,Divorced,64713.0,1,0,2014-07-02,11,180,60,241,13,54,54,2,5,5,7,4,1,0,602,17,19,0.10526315789473684,31.68421052631579,157,0.4,1,1,44,31-45,High Income,Recent,6,Store,0,0,Family Customers
11191,1986,Graduation,Divorced,41411.0,0,0,2013-07-12,11,37,32,38,11,3,18,1,2,1,4,6,0,0,139,7,8,0.125,17.375,512,1.4,0,0,28,18-30,Mid Income,Recent,6,Store,0,0,General Customers
1994,1983,Graduation,Married,51381.5,1,0,2013-11-15,11,5,5,6,0,2,1,1,1,0,2,7,0,0,19,3,4,0.25,4.75,386,1.1,1,1,31,31-45,Mid Income,Recent,5,Store,0,0,Bargain Hunters
2552,1955,PhD,Single,55521.0,1,2,2013-10-22,11,416,0,26,0,0,4,9,6,3,6,7,1,0,446,15,24,0.375,18.583333333333332,410,1.1,3,1,59,46-60,High Income,Recent,3,Web,0,0,Digital Shoppers
6720,1968,Master,Together,43795.0,0,1,2013-10-16,11,314,11,53,4,3,107,3,7,3,4,7,1,0,492,14,17,0.17647058823529413,28.941176470588236,416,1.1,1,1,46,46-60,Mid Income,Recent,6,Web,0,0,Digital Shoppers
4557,1970,Graduation,Together,22070.0,1,0,2013-04-10,11,10,7,19,8,2,21,2,2,2,2,6,0,0,67,6,8,0.25,8.375,605,1.7,1,1,44,31-45,Low Income,Recent,6,Web,0,0,Digital Shoppers
1183,1949,Master,Married,36408.0,1,1,2013-09-21,11,9,1,4,3,2,3,1,1,0,2,6,0,0,22,3,4,0.25,5.5,441,1.2,2,1,65,60+,Mid Income,Recent,6,Store,0,0,Bargain Hunters
4186,1950,Graduation,Together,34026.0,1,1,2013-05-08,11,18,6,15,12,8,17,3,2,1,3,5,0,0,76,6,9,0.3333333333333333,8.444444444444445,577,1.6,2,1,64,60+,Low Income,Recent,6,Store,0,0,Bargain Hunters
1419,1950,Graduation,Together,34026.0,1,1,2013-05-08,11,18,6,15,12,8,17,3,2,1,3,5,0,0,76,6,9,0.3333333333333333,8.444444444444445,577,1.6,2,1,64,60+,Low Income,Recent,6,Store,0,0,Bargain Hunters
967,1976,Graduation,Married,46049.0,1,1,2013-07-21,11,342,9,112,19,14,19,10,5,2,9,7,1,0,515,16,26,0.38461538461538464,19.807692307692307,503,1.4,2,1,38,31-45,Mid Income,Recent,6,Store,0,0,Bargain Hunters
1048,1972,Master,Married,35641.0,1,0,2013-07-14,11,63,3,67,8,9,28,2,3,1,4,7,1,0,178,8,10,0.2,17.8,510,1.4,1,1,42,31-45,Mid Income,Recent,6,Store,0,0,Family Customers
9262,1984,2n Cycle,Together,32414.0,0,0,2013-04-07,11,20,6,5,0,9,12,1,1,0,3,7,0,0,52,4,5,0.2,10.4,608,1.7,0,0,30,18-30,Low Income,Recent,5,Store,0,0,General Customers
3427,1955,PhD,Married,59821.0,0,1,2013-12-04,11,629,0,70,0,0,35,6,11,2,7,8,0,0,734,20,26,0.23076923076923078,28.23076923076923,367,1.0,1,1,59,46-60,High Income,Recent,3,Web,0,0,Digital Shoppers
5892,1980,Graduation,Married,34968.0,1,0,2013-10-04,11,158,6,45,8,2,2,7,3,2,5,7,0,0,221,10,17,0.4117647058823529,13.0,428,1.2,1,1,34,31-45,Low Income,Recent,6,Store,0,0,Bargain Hunters
8911,1967,PhD,Married,56320.0,0,1,2013-08-04,11,201,53,172,116,77,83,3,5,4,9,4,0,0,702,18,21,0.14285714285714285,33.42857142857143,489,1.3,1,1,47,46-60,High Income,Recent,6,Store,0,0,Family Customers
6606,1969,Master,Married,70091.0,1,0,2013-03-31,11,964,34,137,15,0,11,2,5,2,10,8,0,0,1161,17,19,0.10526315789473684,61.10526315789474,615,1.7,1,1,45,31-45,Very High Income,Recent,5,Store,1,0,Family Customers
2677,1956,Graduation,Together,46097.0,0,1,2013-03-31,11,72,24,68,65,4,8,5,3,1,6,4,0,0,241,10,15,0.3333333333333333,16.066666666666666,615,1.7,1,1,58,46-60,Mid Income,Recent,6,Store,0,0,Bargain Hunters
252,1963,PhD,Divorced,41003.0,0,0,2013-03-17,11,123,133,142,71,44,88,1,6,2,8,6,0,0,601,16,17,0.058823529411764705,35.35294117647059,629,1.7,0,0,51,46-60,Mid Income,Recent,6,Store,0,0,General Customers
9860,1959,Graduation,Together,44911.0,0,1,2013-03-15,11,159,0,22,2,1,31,3,4,1,4,7,0,0,215,9,12,0.25,17.916666666666668,631,1.7,1,1,55,46-60,Mid Income,Recent,5,Web,0,0,Digital Shoppers
1388,1975,Graduation,Single,33249.0,1,0,2013-02-20,11,6,10,21,19,14,42,2,2,1,3,6,0,0,112,6,8,0.25,14.0,654,1.8,1,1,39,31-45,Low Income,Recent,6,Store,0,0,Bargain Hunters
979,1975,Graduation,Single,33249.0,1,0,2013-02-20,11,6,10,21,19,14,42,2,2,1,3,6,0,0,112,6,8,0.25,14.0,654,1.8,1,1,39,31-45,Low Income,Recent,6,Store,0,0,Bargain Hunters
7494,1950,PhD,Divorced,42873.0,1,1,2013-01-21,11,209,0,40,3,2,15,4,6,1,4,8,0,0,269,11,15,0.26666666666666666,17.933333333333334,684,1.9,2,1,64,60+,Mid Income,Recent,5,Web,0,0,Digital Shoppers
10490,1969,PhD,Married,51039.0,1,1,2012-10-12,11,100,64,79,65,0,109,2,6,2,4,7,0,0,417,12,14,0.14285714285714285,29.785714285714285,785,2.2,2,1,45,31-45,Mid Income,Recent,5,Web,0,0,Digital Shoppers
3403,1958,PhD,Together,78952.0,0,1,2012-09-24,11,1170,19,594,99,76,134,2,2,5,12,6,0,0,2092,19,21,0.09523809523809523,99.61904761904762,803,2.2,1,1,56,46-60,Very High Income,Recent,6,Store,1,0,Family Customers
2715,1966,Master,Divorced,29435.0,1,1,2012-06-08,11,70,3,37,4,2,64,4,3,2,2,9,1,0,180,7,11,0.36363636363636365,16.363636363636363,911,2.5,2,1,48,46-60,Low Income,Recent,6,Web,0,0,Digital Shoppers
4828,1954,Graduation,Divorced,79865.0,0,1,2014-06-18,12,71,99,278,185,121,38,1,5,10,5,1,0,0,792,20,21,0.047619047619047616,37.714285714285715,171,0.5,1,1,60,46-60,Very High Income,Recent,6,Catalog,0,0,Catalog Shoppers
92,1988,Graduation,Other,34176.0,1,0,2014-12-05,12,5,7,24,19,14,20,4,3,0,4,6,0,0,89,7,11,0.36363636363636365,8.090909090909092,1,0.0,1,1,26,18-30,Low Income,Recent,6,Store,0,0,Bargain Hunters
3312,1988,Graduation,Single,34176.0,1,0,2014-12-05,12,5,7,24,19,14,20,4,3,0,4,6,0,0,89,7,11,0.36363636363636365,8.090909090909092,1,0.0,1,1,26,18-30,Low Income,Recent,6,Store,0,0,Bargain Hunters
11176,1970,PhD,Together,65968.0,0,1,2014-12-05,12,376,9,83,19,4,4,2,5,4,7,3,0,0,495,16,18,0.1111111111111111,27.5,1,0.0,1,1,44,31-45,High Income,Recent,6,Store,0,0,Family Customers
1446,1956,Master,Single,86424.0,0,0,2014-05-04,12,387,68,569,89,45,68,1,6,9,12,1,0,0,1226,27,28,0.03571428571428571,43.785714285714285,216,0.6,0,0,58,46-60,Very High Income,Recent,6,Store,1,0,General Customers
9699,1966,Graduation,Divorced,67272.0,0,1,2013-12-21,12,357,35,271,28,28,14,3,6,2,12,5,0,0,733,20,23,0.13043478260869565,31.869565217391305,350,1.0,1,1,48,46-60,High Income,Recent,6,Store,0,0,Family Customers
9790,1957,Graduation,Single,78499.0,0,0,2013-11-23,12,912,72,170,47,36,97,1,11,3,4,4,1,0,1334,18,19,0.05263157894736842,70.21052631578948,378,1.0,0,0,57,46-60,Very High Income,Recent,6,Web,1,0,High-Value Active Catalog/Web
2324,1972,Graduation,Together,77044.0,0,1,2013-10-27,12,625,38,242,50,34,76,2,7,11,11,4,0,0,1065,29,31,0.06451612903225806,34.354838709677416,405,1.1,1,1,42,31-45,Very High Income,Recent,6,Catalog,1,0,High-Value Active Catalog/Web
5080,1993,Graduation,Single,70515.0,0,0,2013-10-21,12,420,0,452,182,64,140,1,6,6,4,2,1,0,1258,16,17,0.058823529411764705,74.0,411,1.1,0,0,21,18-30,Very High Income,Recent,5,Web,1,0,High-Value Active Catalog/Web
4992,1975,Master,Together,17459.0,1,0,2013-09-19,12,6,4,16,3,10,30,3,3,1,2,7,1,0,69,6,9,0.3333333333333333,7.666666666666667,443,1.2,1,1,39,31-45,Low Income,Recent,6,Web,0,0,Digital Shoppers
7849,1970,PhD,Married,80336.0,0,0,2013-09-09,12,209,19,456,160,142,66,1,2,9,13,1,0,0,1052,24,25,0.04,42.08,453,1.2,0,0,44,31-45,Very High Income,Recent,6,Store,1,0,General Customers
4808,1956,Graduation,Married,15759.0,0,0,2013-05-09,12,1,2,5,6,0,3,1,1,0,2,7,0,0,17,3,4,0.25,4.25,576,1.6,0,0,58,46-60,Low Income,Recent,5,Store,0,0,Bargain Hunters
10401,1976,2n Cycle,Together,26326.0,0,0,2013-04-09,12,1,0,5,0,3,9,1,0,0,3,3,0,1,18,3,4,0.25,4.5,606,1.7,0,0,38,31-45,Low Income,Recent,4,Store,0,0,Bargain Hunters
7793,1976,Graduation,Together,62061.0,0,1,2013-08-31,12,641,7,84,0,30,38,3,10,4,7,6,0,0,800,21,24,0.125,33.333333333333336,462,1.3,1,1,38,31-45,High Income,Recent,5,Web,0,0,Digital Shoppers
9303,1976,Graduation,Married,5305.0,0,1,2013-07-30,12,12,4,7,1,3,5,0,1,0,0,13,0,0,32,1,1,0.0,32.0,494,1.4,1,1,38,31-45,Low Income,Recent,6,Web,0,0,Digital Shoppers
6853,1982,Master,Single,75777.0,0,0,2013-04-07,12,712,26,538,69,13,80,1,3,6,11,1,1,0,1438,20,21,0.047619047619047616,68.47619047619048,608,1.7,0,0,32,31-45,Very High Income,Recent,6,Store,1,0,General Customers
7366,1982,Master,Single,75777.0,0,0,2013-04-07,12,712,26,538,69,13,80,1,3,6,11,1,1,0,1438,20,21,0.047619047619047616,68.47619047619048,608,1.7,0,0,32,31-45,Very High Income,Recent,6,Store,1,0,General Customers
9780,1971,Master,Together,71499.0,0,1,2013-06-25,12,465,25,132,136,0,37,2,8,3,13,4,0,0,795,24,26,0.07692307692307693,30.576923076923077,529,1.4,1,1,43,31-45,Very High Income,Recent,5,Store,0,0,Family Customers
7573,1978,PhD,Single,31626.0,1,0,2013-10-05,12,39,1,9,2,1,34,1,2,1,2,7,1,0,86,5,6,0.16666666666666666,14.333333333333334,427,1.2,1,1,36,31-45,Low Income,Recent,6,Web,0,0,Digital Shoppers
1379,1992,Master,Together,42670.0,0,0,2013-04-27,12,154,2,46,20,4,15,1,4,2,4,4,0,0,241,10,11,0.09090909090909091,21.90909090909091,588,1.6,0,0,22,18-30,Mid Income,Recent,6,Web,0,0,Digital Shoppers
8923,1973,Graduation,Single,83917.0,0,0,2013-04-18,12,514,22,732,42,198,79,1,6,7,7,3,1,0,1587,20,21,0.047619047619047616,75.57142857142857,597,1.6,0,0,41,31-45,Very High Income,Recent,6,Catalog,1,0,High-Value Active Catalog/Web
3547,1969,Master,Together,41021.0,1,0,2012-12-30,12,14,7,9,6,16,12,2,2,0,3,6,1,0,64,5,7,0.2857142857142857,9.142857142857142,706,1.9,1,1,45,31-45,Mid Income,Recent,6,Store,0,0,Bargain Hunters
8707,1956,Graduation,Married,79456.0,0,0,2012-08-22,12,565,42,548,64,83,99,1,5,6,4,3,1,0,1401,15,16,0.0625,87.5625,836,2.3,0,0,58,46-60,Very High Income,Recent,6,Catalog,1,0,High-Value Active Catalog/Web
1891,1980,Master,Divorced,78789.0,0,0,2012-08-08,12,667,50,850,21,83,83,1,4,6,5,2,1,0,1754,15,16,0.0625,109.625,850,2.3,0,0,34,31-45,Very High Income,Recent,6,Catalog,1,0,High-Value Active Catalog/Web
6271,1952,PhD,Married,50870.0,0,1,2014-06-19,13,53,0,8,0,0,2,1,2,0,3,5,0,0,63,5,6,0.16666666666666666,10.5,170,0.5,1,1,62,60+,Mid Income,Recent,3,Store,0,0,Family Customers
9635,1983,Master,Married,35876.0,0,0,2014-04-20,13,66,2,40,4,3,14,1,3,1,3,6,0,0,129,7,8,0.125,16.125,230,0.6,0,0,31,31-45,Mid Income,Recent,6,Web,0,0,Digital Shoppers
9727,1957,Graduation,Married,23539.0,0,0,2014-02-28,13,4,24,11,16,1,25,1,2,0,4,6,0,0,81,6,7,0.14285714285714285,11.571428571428571,281,0.8,0,0,57,46-60,Low Income,Recent,6,Store,0,0,General Customers
6205,1967,Master,Single,32557.0,1,0,2014-02-24,13,34,3,29,0,4,10,3,2,1,3,5,1,0,80,6,9,0.3333333333333333,8.88888888888889,285,0.8,1,1,47,46-60,Low Income,Recent,5,Store,0,0,Bargain Hunters
10681,1970,2n Cycle,Married,62466.0,0,1,2014-01-15,13,129,129,259,168,121,83,5,6,3,12,4,0,0,889,21,26,0.19230769230769232,34.19230769230769,325,0.9,1,1,44,31-45,High Income,Recent,6,Store,0,0,Family Customers
5156,1970,2n Cycle,Married,62466.0,0,1,2014-01-15,13,129,129,259,168,121,83,5,6,3,12,4,0,0,889,21,26,0.19230769230769232,34.19230769230769,325,0.9,1,1,44,31-45,High Income,Recent,6,Store,0,0,Family Customers
3050,1966,Graduation,Married,54198.0,1,1,2013-12-17,13,185,0,28,3,2,17,6,3,1,6,4,0,0,235,10,16,0.375,14.6875,354,1.0,2,1,48,46-60,High Income,Recent,5,Store,0,0,Bargain Hunters
8164,1978,PhD,Married,82170.0,0,0,2013-11-25,13,1023,93,651,49,55,37,1,5,6,7,2,0,0,1908,18,19,0.05263157894736842,100.42105263157895,376,1.0,0,0,36,31-45,Very High Income,Recent,6,Store,1,0,General Customers
5626,1964,PhD,Single,61798.0,0,0,2013-11-23,13,338,4,89,11,8,13,1,4,2,9,4,0,0,463,15,16,0.0625,28.9375,378,1.0,0,0,50,46-60,High Income,Recent,6,Store,0,0,General Customers
7600,1992,Basic,Single,15253.0,1,0,2013-10-28,13,1,3,3,8,1,13,2,1,0,3,7,0,0,29,4,6,0.3333333333333333,4.833333333333333,404,1.1,1,1,22,18-30,Low Income,Recent,6,Store,0,0,Bargain Hunters
6406,1988,Master,Married,78285.0,0,0,2013-10-28,13,647,107,391,175,67,40,1,6,4,10,3,0,0,1427,20,21,0.047619047619047616,67.95238095238095,404,1.1,0,0,26,18-30,Very High Income,Recent,6,Store,1,0,General Customers
7002,1955,Graduation,Single,62535.0,0,1,2013-03-10,13,163,48,90,0,45,52,1,3,2,8,3,0,0,398,13,14,0.07142857142857142,28.428571428571427,636,1.7,1,1,59,46-60,High Income,Recent,5,Store,0,0,Family Customers
8234,1973,Basic,Together,27190.0,1,0,2013-08-15,13,1,6,7,0,1,3,1,1,0,2,8,1,0,18,3,4,0.25,4.5,478,1.3,1,1,41,31-45,Low Income,Recent,5,Store,0,0,Bargain Hunters
6116,1968,2n Cycle,Married,48985.0,0,1,2013-05-07,13,19,13,18,10,7,8,1,1,1,3,3,0,0,75,5,6,0.16666666666666666,12.5,578,1.6,1,1,46,46-60,Mid Income,Recent,6,Store,0,0,Family Customers
291,1970,Graduation,Married,72940.0,0,0,2013-06-19,13,182,74,298,162,149,116,1,3,3,6,1,0,0,981,12,13,0.07692307692307693,75.46153846153847,535,1.5,0,0,44,31-45,Very High Income,Recent,6,Store,0,0,General Customers
8779,1985,2n Cycle,Married,36145.0,1,0,2013-06-16,13,56,4,76,17,1,18,4,4,1,3,9,1,0,172,8,12,0.3333333333333333,14.333333333333334,538,1.5,1,1,29,18-30,Mid Income,Recent,6,Web,0,0,Digital Shoppers
4931,1977,Graduation,Together,157146.0,0,0,2013-04-29,13,1,0,1725,2,1,1,0,0,28,0,1,0,0,1730,28,28,0.0,61.785714285714285,586,1.6,0,0,37,31-45,Very High Income,Recent,5,Catalog,1,0,High-Value Active Catalog/Web
1650,1960,Master,Married,81843.0,0,0,2013-04-22,13,779,86,537,34,69,138,1,5,9,12,3,0,0,1643,26,27,0.037037037037037035,60.851851851851855,593,1.6,0,0,54,46-60,Very High Income,Recent,6,Store,1,0,General Customers
9701,1988,Graduation,Together,41883.0,1,0,2013-03-19,13,32,34,41,73,16,116,3,4,2,3,7,0,0,312,9,12,0.25,26.0,627,1.7,1,1,26,18-30,Mid Income,Recent,6,Web,0,0,Digital Shoppers
6431,1964,PhD,Married,45759.0,1,1,2013-02-23,13,42,1,18,3,0,4,2,2,0,3,7,0,0,68,5,7,0.2857142857142857,9.714285714285714,651,1.8,2,1,50,46-60,Mid Income,Recent,5,Store,0,0,Bargain Hunters
10789,1964,PhD,Married,45759.0,1,1,2013-02-23,13,42,1,18,3,0,4,2,2,0,3,7,0,0,68,5,7,0.2857142857142857,9.714285714285714,651,1.8,2,1,50,46-60,Mid Income,Recent,5,Store,0,0,Bargain Hunters
5302,1986,Graduation,Together,78394.0,0,0,2013-02-15,13,298,27,697,216,24,166,1,4,6,5,2,1,0,1428,15,16,0.0625,89.25,659,1.8,0,0,28,18-30,Very High Income,Recent,6,Catalog,1,0,High-Value Active Catalog/Web
4459,1989,Graduation,Single,30279.0,1,0,2012-12-30,13,10,4,14,4,4,1,1,1,0,3,8,0,0,37,4,5,0.2,7.4,706,1.9,1,1,25,18-30,Low Income,Recent,6,Store,0,0,Family Customers
10642,1989,Graduation,Single,30279.0,1,0,2012-12-30,13,10,4,14,4,4,1,1,1,0,3,8,0,0,37,4,5,0.2,7.4,706,1.9,1,1,25,18-30,Low Income,Recent,6,Store,0,0,Family Customers
9213,1970,Graduation,Widow,31880.0,1,0,2012-10-31,13,4,1,5,2,0,3,1,1,0,2,8,0,0,15,3,4,0.25,3.75,766,2.1,1,1,44,31-45,Low Income,Recent,5,Store,0,0,Bargain Hunters
3678,1973,Graduation,Widow,60208.0,1,1,2012-07-10,13,488,23,71,15,0,59,11,8,3,7,7,1,0,656,18,29,0.3793103448275862,22.620689655172413,879,2.4,2,1,41,31-45,High Income,Recent,5,Web,0,0,Digital Shoppers
3698,1983,Graduation,Together,78687.0,0,0,2012-09-08,13,817,185,687,145,55,241,1,4,6,8,2,1,0,2130,18,19,0.05263157894736842,112.10526315789474,819,2.2,0,0,31,31-45,Very High Income,Recent,6,Store,1,0,General Customers
5929,1973,PhD,Married,37401.0,1,0,2014-06-05,14,19,3,19,3,1,3,2,2,0,3,7,0,0,48,5,7,0.2857142857142857,6.857142857142857,184,0.5,1,1,41,31-45,Mid Income,Recent,6,Store,0,0,Bargain Hunters
10795,1973,PhD,Married,37401.0,1,0,2014-06-05,14,19,3,19,3,1,3,2,2,0,3,7,0,0,48,5,7,0.2857142857142857,6.857142857142857,184,0.5,1,1,41,31-45,Mid Income,Recent,6,Store,0,0,Bargain Hunters
4390,1954,Graduation,Together,75315.0,0,1,2014-04-15,14,459,15,171,142,23,31,2,5,4,12,2,0,0,841,21,23,0.08695652173913043,36.56521739130435,235,0.6,1,1,60,46-60,Very High Income,Recent,6,Store,0,0,Family Customers
9362,1965,Graduation,Single,69263.0,0,1,2014-05-03,14,492,5,32,13,5,21,1,9,1,7,6,0,0,568,17,18,0.05555555555555555,31.555555555555557,217,0.6,1,1,49,46-60,Very High Income,Recent,6,Web,0,0,Digital Shoppers
1577,1946,Graduation,Married,78569.0,0,0,2014-02-19,14,558,79,622,207,175,95,1,4,6,4,1,1,0,1736,14,15,0.06666666666666667,115.73333333333333,290,0.8,0,0,68,60+,Very High Income,Recent,6,Catalog,1,0,High-Value Active Catalog/Web
4609,1966,PhD,Married,57705.0,0,1,2014-11-01,14,383,0,53,6,4,40,3,8,1,6,6,0,0,486,15,18,0.16666666666666666,27.0,35,0.1,1,1,48,46-60,High Income,Recent,5,Web,0,0,Digital Shoppers
7143,1955,2n Cycle,Together,74805.0,0,1,2013-06-11,14,209,162,209,41,162,37,5,4,7,10,2,0,0,820,21,26,0.19230769230769232,31.53846153846154,543,1.5,1,1,59,46-60,Very High Income,Recent,6,Store,0,0,Family Customers
1729,1961,PhD,Together,66426.0,0,1,2013-02-10,14,1043,24,97,32,24,157,2,3,5,10,6,0,0,1377,18,20,0.1,68.85,664,1.8,1,1,53,46-60,High Income,Recent,6,Store,1,0,Family Customers
10664,1949,Master,Widow,51529.0,0,1,2013-07-09,14,400,4,35,6,0,22,2,9,1,5,8,0,0,467,15,17,0.11764705882352941,27.470588235294116,515,1.4,1,1,65,60+,High Income,Recent,5,Web,0,0,Digital Shoppers
5029,1946,Graduation,Married,18100.0,0,0,2013-06-08,14,3,1,2,4,3,1,1,0,0,3,5,0,0,14,3,4,0.25,3.5,546,1.5,0,0,68,60+,Low Income,Recent,6,Store,0,0,Bargain Hunters
10507,1977,2n Cycle,Divorced,59601.0,0,1,2013-07-25,14,691,7,69,0,7,23,4,2,2,7,8,0,0,797,11,15,0.26666666666666666,53.13333333333333,499,1.4,1,1,37,31-45,High Income,Recent,5,Store,0,0,Bargain Hunters
3865,1977,2n Cycle,Together,20981.0,0,0,2013-04-30,14,2,12,10,6,13,30,1,3,1,2,8,1,0,73,6,7,0.14285714285714285,10.428571428571429,585,1.6,0,0,37,31-45,Low Income,Recent,6,Web,0,0,Digital Shoppers
6982,1976,Graduation,Married,74068.0,0,0,2013-03-19,14,783,30,537,140,76,15,1,4,10,9,2,0,0,1581,23,24,0.041666666666666664,65.875,627,1.7,0,0,38,31-45,Very High Income,Recent,6,Catalog,1,0,High-Value Active Catalog/Web
7042,1983,Graduation,Married,36790.0,0,0,2013-01-03,14,3,3,14,15,21,10,1,2,1,2,9,1,0,66,5,6,0.16666666666666666,11.0,702,1.9,0,0,31,31-45,Mid Income,Recent,6,Web,0,0,Digital Shoppers
9668,1971,Graduation,Married,18793.0,1,0,2013-12-01,14,4,16,20,0,17,20,3,2,0,4,8,0,0,77,6,9,0.3333333333333333,8.555555555555555,370,1.0,1,1,43,31-45,Low Income,Recent,5,Store,0,0,Bargain Hunters
6878,1954,Graduation,Widow,27421.0,0,0,2012-12-12,14,43,12,96,78,40,55,3,4,1,6,7,0,0,324,11,14,0.21428571428571427,23.142857142857142,724,2.0,0,0,60,46-60,Low Income,Recent,6,Store,0,0,General Customers
4099,1972,Graduation,Married,30675.0,1,0,2012-12-11,14,10,2,16,11,2,21,1,1,0,3,8,0,0,62,4,5,0.2,12.4,725,2.0,1,1,42,31-45,Low Income,Recent,6,Store,0,0,Family Customers
5031,1974,Graduation,Together,83145.0,0,0,2012-09-22,14,777,35,731,39,137,114,1,5,9,11,2,1,0,1833,25,26,0.038461538461538464,70.5,805,2.2,0,0,40,31-45,Very High Income,Recent,6,Store,1,0,General Customers
1970,1968,Master,Together,34053.0,0,1,2012-10-09,14,63,0,21,7,0,12,1,3,0,3,8,0,0,103,6,7,0.14285714285714285,14.714285714285714,788,2.2,1,1,46,46-60,Low Income,Recent,4,Web,0,0,Digital Shoppers
5726,1983,Master,Single,31788.0,1,0,2014-03-20,15,16,7,23,0,8,6,3,3,0,4,5,0,1,60,7,10,0.3,6.0,261,0.7,1,1,31,31-45,Low Income,Recent,5,Store,0,0,Bargain Hunters
5231,1974,2n Cycle,Married,45894.0,0,2,2014-02-27,15,27,2,7,0,2,13,1,1,0,3,5,0,0,51,4,5,0.2,10.2,282,0.8,2,1,40,31-45,Mid Income,Recent,5,Store,0,0,Family Customers
1307,1978,Graduation,Divorced,41986.0,0,1,2014-09-02,15,27,5,8,8,3,12,3,3,0,4,4,0,0,63,7,10,0.3,6.3,95,0.3,1,1,36,31-45,Mid Income,Recent,6,Store,0,0,Bargain Hunters
10609,1962,PhD,Married,42769.0,0,1,2013-12-10,15,71,0,13,3,1,0,2,1,1,4,4,0,0,88,6,8,0.25,11.0,361,1.0,1,1,52,46-60,Mid Income,Recent,4,Store,0,0,Bargain Hunters
5782,1982,2n Cycle,Together,58582.0,0,1,2013-09-28,15,402,35,106,101,77,42,2,9,2,9,5,0,0,763,20,22,0.09090909090909091,34.68181818181818,434,1.2,1,1,32,31-45,High Income,Recent,6,Web,0,0,Digital Shoppers
7533,1964,Graduation,Married,49096.0,1,1,2013-09-24,15,144,1,32,2,1,7,4,4,1,4,7,0,0,187,9,13,0.3076923076923077,14.384615384615385,438,1.2,2,1,50,46-60,Mid Income,Recent,6,Web,0,0,Digital Shoppers
9493,1980,PhD,Single,76412.0,0,0,2013-05-05,15,840,53,804,23,71,17,1,5,4,8,3,1,0,1808,17,18,0.05555555555555555,100.44444444444444,580,1.6,0,0,34,31-45,Very High Income,Recent,6,Store,1,0,General Customers
2253,1990,Graduation,Married,18929.0,0,0,2013-02-16,15,32,0,8,23,4,18,1,1,0,4,6,0,0,85,5,6,0.16666666666666666,14.166666666666666,658,1.8,0,0,24,18-30,Low Income,Recent,5,Store,0,0,General Customers
2326,1990,Graduation,Married,18929.0,0,0,2013-02-16,15,32,0,8,23,4,18,1,1,0,4,6,0,0,85,5,6,0.16666666666666666,14.166666666666666,658,1.8,0,0,24,18-30,Low Income,Recent,5,Store,0,0,General Customers
1876,1990,Graduation,Married,18929.0,0,0,2013-02-16,15,32,0,8,23,4,18,1,1,0,4,6,0,0,85,5,6,0.16666666666666666,14.166666666666666,658,1.8,0,0,24,18-30,Low Income,Recent,5,Store,0,0,General Customers
7141,1986,Master,Single,21888.0,1,0,2012-12-29,15,88,10,46,2,3,64,4,5,1,2,10,1,0,213,8,12,0.3333333333333333,17.75,707,1.9,1,1,28,18-30,Low Income,Recent,6,Web,0,0,Digital Shoppers
7393,1978,Graduation,Together,41580.0,1,1,2012-10-12,15,56,5,24,4,0,3,3,2,1,3,5,0,0,92,6,9,0.3333333333333333,10.222222222222221,785,2.2,2,1,36,31-45,Mid Income,Recent,5,Store,0,0,Bargain Hunters
4713,1979,PhD,Married,31605.0,1,0,2012-11-22,15,74,0,42,2,1,6,2,2,1,4,7,0,0,125,7,9,0.2222222222222222,13.88888888888889,744,2.0,1,1,35,31-45,Low Income,Recent,5,Store,0,0,Family Customers
5093,1974,PhD,Divorced,25509.0,1,0,2012-09-18,15,40,3,30,10,7,11,3,3,0,3,9,1,0,101,6,9,0.3333333333333333,11.222222222222221,809,2.2,1,1,40,31-45,Low Income,Recent,6,Web,0,0,Digital Shoppers
8524,1974,PhD,Divorced,25509.0,1,0,2012-09-18,15,40,3,30,10,7,11,3,3,0,3,9,1,0,101,6,9,0.3333333333333333,11.222222222222221,809,2.2,1,1,40,31-45,Low Income,Recent,6,Web,0,0,Digital Shoppers
3766,1959,Master,Widow,33051.0,0,0,2012-08-16,15,100,71,243,108,94,219,3,9,1,8,9,1,0,835,18,21,0.14285714285714285,39.76190476190476,842,2.3,0,0,55,46-60,Low Income,Recent,6,Web,0,0,Digital Shoppers
9725,1966,PhD,Together,28764.0,1,1,2014-05-06,16,8,0,3,0,0,1,1,1,0,2,8,0,0,12,3,4,0.25,3.0,214,0.6,2,1,48,46-60,Low Income,Recent,3,Store,0,0,Bargain Hunters
8933,1983,2n Cycle,Married,32146.0,1,0,2014-12-05,16,26,3,23,4,7,3,2,2,0,4,6,0,0,66,6,8,0.25,8.25,1,0.0,1,1,31,31-45,Low Income,Recent,6,Store,0,0,Bargain Hunters
10779,1983,Graduation,Single,22148.0,0,0,2014-04-13,16,15,5,14,0,4,11,1,1,0,3,7,0,0,49,4,5,0.2,9.8,237,0.6,0,0,31,31-45,Low Income,Recent,5,Store,0,0,General Customers
9289,1979,Graduation,Married,36781.0,1,0,2014-10-04,16,29,1,17,0,3,13,1,2,1,2,8,1,0,63,5,6,0.16666666666666666,10.5,63,0.2,1,1,35,31-45,Mid Income,Recent,5,Web,0,0,Digital Shoppers
2613,1960,Master,Married,54197.0,0,1,2014-03-04,16,162,6,37,6,13,13,2,1,3,6,1,0,0,237,10,12,0.16666666666666666,19.75,277,0.8,1,1,54,46-60,High Income,Recent,6,Store,0,0,Family Customers
10133,1970,Graduation,Single,93790.0,0,0,2014-12-02,16,1302,68,731,89,114,45,0,6,7,12,2,1,0,2349,25,25,0.0,93.96,4,0.0,0,0,44,31-45,Very High Income,Recent,6,Store,1,0,General Customers
8443,1972,Graduation,Single,24762.0,1,0,2014-10-02,16,6,10,12,3,15,40,3,3,1,2,8,1,0,86,6,9,0.3333333333333333,9.555555555555555,65,0.2,1,1,42,31-45,Low Income,Recent,6,Web,0,0,Digital Shoppers
10796,1984,Master,Married,30477.0,1,0,2014-01-22,16,47,1,6,0,0,12,1,1,1,3,6,0,0,66,5,6,0.16666666666666666,11.0,318,0.9,1,1,30,18-30,Low Income,Recent,4,Store,0,0,Family Customers
10241,1975,2n Cycle,Divorced,11448.0,0,0,2013-12-15,16,0,0,0,6,2,6,1,1,0,2,6,0,0,14,3,4,0.25,3.5,356,1.0,0,0,39,31-45,Low Income,Recent,3,Store,0,0,Bargain Hunters
3388,1967,Graduation,Divorced,70844.0,1,1,2013-10-30,16,129,26,67,3,67,2,5,6,1,5,7,0,0,294,12,17,0.29411764705882354,17.294117647058822,402,1.1,2,1,47,46-60,Very High Income,Recent,6,Web,0,0,Digital Shoppers
6507,1980,Graduation,Single,30828.0,1,0,2013-04-10,16,16,11,15,2,0,12,2,1,1,4,3,0,0,56,6,8,0.25,7.0,605,1.7,1,1,34,31-45,Low Income,Recent,5,Store,0,0,Bargain Hunters
7446,1967,Master,Together,62513.0,0,1,2013-09-09,16,520,42,98,0,42,14,2,6,4,10,6,0,0,716,20,22,0.09090909090909091,32.54545454545455,453,1.2,1,1,47,46-60,High Income,Recent,5,Store,0,0,Family Customers
87,1981,2n Cycle,Married,27733.0,1,0,2013-08-26,16,0,7,5,26,2,17,2,2,0,3,7,0,0,57,5,7,0.2857142857142857,8.142857142857142,467,1.3,1,1,33,31-45,Low Income,Recent,5,Store,0,0,Bargain Hunters
10477,1973,PhD,Together,39435.0,1,0,2013-06-08,16,71,0,18,0,0,13,1,3,1,2,7,0,0,102,6,7,0.14285714285714285,14.571428571428571,546,1.5,1,1,41,31-45,Mid Income,Recent,3,Web,0,0,Digital Shoppers
6072,1970,Master,Single,75345.0,0,0,2013-02-02,16,918,57,842,99,38,133,1,5,8,6,3,1,0,2087,19,20,0.05,104.35,672,1.8,0,0,44,31-45,Very High Income,Recent,6,Catalog,1,0,High-Value Active Catalog/Web
2518,1986,2n Cycle,Together,20491.0,0,0,2013-01-25,16,5,4,5,4,2,10,1,0,1,2,7,0,0,30,3,4,0.25,7.5,680,1.9,0,0,28,18-30,Low Income,Recent,6,Store,0,0,Bargain Hunters
247,1971,Graduation,Married,36715.0,1,0,2012-11-17,16,172,10,125,21,13,16,6,7,2,4,9,1,0,357,13,19,0.3157894736842105,18.789473684210527,749,2.1,1,1,43,31-45,Mid Income,Recent,6,Web,0,0,Digital Shoppers
9463,1959,Graduation,Together,71706.0,0,1,2012-11-13,16,931,56,253,91,98,14,4,9,5,7,5,0,0,1443,21,25,0.16,57.72,753,2.1,1,1,55,46-60,Very High Income,Recent,6,Web,1,0,High-Value Active Catalog/Web
1459,1966,PhD,Married,69063.0,0,1,2012-07-11,16,666,35,124,69,8,26,1,5,3,5,3,0,0,928,13,14,0.07142857142857142,66.28571428571429,878,2.4,1,1,48,46-60,Very High Income,Recent,6,Web,0,0,Digital Shoppers
9530,1988,Graduation,Married,24645.0,1,0,2012-01-11,16,5,3,4,4,1,0,1,1,0,2,8,0,0,17,3,4,0.25,4.25,1060,2.9,1,1,26,18-30,Low Income,Recent,5,Store,0,0,Bargain Hunters
9653,1975,Graduation,Married,35797.0,0,1,2012-10-16,16,27,1,14,4,1,21,2,2,0,3,8,0,0,68,5,7,0.2857142857142857,9.714285714285714,781,2.1,1,1,39,31-45,Mid Income,Recent,6,Store,0,0,Bargain Hunters
10785,1969,Graduation,Married,44078.0,1,1,2014-06-19,17,24,1,10,2,0,4,2,2,0,3,5,0,0,41,5,7,0.2857142857142857,5.857142857142857,170,0.5,2,1,45,31-45,Mid Income,Recent,5,Store,0,0,Bargain Hunters
9392,1971,Graduation,Single,26954.0,1,0,2014-08-05,17,4,1,11,0,0,1,1,1,0,2,7,0,0,17,3,4,0.25,4.25,123,0.3,1,1,43,31-45,Low Income,Recent,4,Store,0,0,Bargain Hunters
3769,1972,PhD,Together,51381.5,1,0,2014-02-03,17,25,1,13,0,0,3,1,1,0,3,7,0,0,42,4,5,0.2,8.4,306,0.8,1,1,42,31-45,Mid Income,Recent,4,Store,0,0,Family Customers
10146,1972,PhD,Together,38887.0,1,0,2014-02-03,17,25,1,13,0,0,3,1,1,0,3,7,0,0,42,4,5,0.2,8.4,306,0.8,1,1,42,31-45,Mid Income,Recent,4,Store,0,0,Family Customers
4741,1974,2n Cycle,Married,65463.0,1,0,2014-01-30,17,391,32,70,21,32,16,2,6,2,9,5,0,0,562,17,19,0.10526315789473684,29.57894736842105,310,0.8,1,1,40,31-45,High Income,Recent,6,Store,0,0,Family Customers
1880,1959,PhD,Together,53537.0,1,1,2014-01-30,17,81,0,6,0,0,6,2,2,1,3,5,0,0,93,6,8,0.25,11.625,310,0.8,2,1,55,46-60,High Income,Recent,3,Store,0,0,Bargain Hunters
6471,1971,Master,Single,36230.0,1,0,2013-10-17,17,14,2,30,8,2,3,1,2,0,4,5,0,0,59,6,7,0.14285714285714285,8.428571428571429,415,1.1,1,1,43,31-45,Mid Income,Recent,6,Store,0,0,Family Customers
5718,1950,Graduation,Married,80763.0,0,0,2013-08-15,17,674,168,108,192,42,231,1,5,11,6,3,1,0,1415,22,23,0.043478260869565216,61.52173913043478,478,1.3,0,0,64,60+,Very High Income,Recent,6,Catalog,1,0,High-Value Active Catalog/Web
3478,1971,PhD,Married,60585.0,1,1,2013-06-24,17,267,42,309,55,42,21,10,7,4,9,5,1,0,736,20,30,0.3333333333333333,24.533333333333335,530,1.5,2,1,43,31-45,High Income,Recent,6,Store,0,0,Bargain Hunters
7848,1974,Graduation,Single,49166.0,0,1,2013-06-13,17,224,2,25,7,0,110,2,5,3,3,6,0,0,368,11,13,0.15384615384615385,28.307692307692307,541,1.5,1,1,40,31-45,Mid Income,Recent,5,Web,0,0,Digital Shoppers
7999,1955,PhD,Together,75261.0,0,0,2013-04-23,17,1239,17,413,23,34,17,1,5,6,5,2,1,0,1743,16,17,0.058823529411764705,102.52941176470588,592,1.6,0,0,59,46-60,Very High Income,Recent,6,Catalog,1,0,High-Value Active Catalog/Web
11101,1991,Graduation,Together,89891.0,0,0,2013-04-15,17,412,22,132,59,28,183,1,11,6,8,4,0,0,836,25,26,0.038461538461538464,32.15384615384615,600,1.6,0,0,23,18-30,Very High Income,Recent,6,Web,0,0,Digital Shoppers
9212,1962,Master,Married,72828.0,0,1,2013-02-14,17,1205,0,235,19,14,205,6,6,3,13,7,0,0,1678,22,28,0.21428571428571427,59.92857142857143,660,1.8,1,1,52,46-60,Very High Income,Recent,5,Store,1,0,Family Customers
10983,1952,Graduation,Together,75278.0,0,0,2013-01-29,17,304,98,230,150,74,74,1,6,3,13,3,0,0,930,22,23,0.043478260869565216,40.43478260869565,676,1.9,0,0,62,60+,Very High Income,Recent,6,Store,0,0,General Customers
3629,1978,Graduation,Single,38557.0,1,0,2012-12-19,17,76,3,31,4,4,27,2,3,1,3,7,0,0,145,7,9,0.2222222222222222,16.11111111111111,717,2.0,1,1,36,31-45,Mid Income,Recent,6,Web,0,0,Digital Shoppers
4673,1963,PhD,Married,81300.0,0,1,2012-10-30,17,1004,12,145,32,12,36,3,10,3,5,5,1,0,1241,18,21,0.14285714285714285,59.095238095238095,767,2.1,1,1,51,46-60,Very High Income,Recent,6,Web,1,0,High-Value Active Catalog/Web
796,1965,2n Cycle,Divorced,60161.0,0,1,2012-10-23,17,584,44,212,46,8,177,3,11,4,8,8,0,0,1071,23,26,0.11538461538461539,41.19230769230769,774,2.1,1,1,49,46-60,High Income,Recent,6,Web,1,0,High-Value Active Catalog/Web
618,1977,PhD,Married,69389.0,0,1,2012-09-28,17,422,7,238,69,46,15,1,7,2,12,4,0,0,797,21,22,0.045454545454545456,36.22727272727273,799,2.2,1,1,37,31-45,Very High Income,Recent,6,Store,0,0,Family Customers
380,1954,Graduation,Divorced,64497.0,0,1,2012-10-09,17,1170,48,320,42,32,192,5,11,4,9,8,1,0,1804,24,29,0.1724137931034483,62.206896551724135,788,2.2,1,1,60,46-60,High Income,Recent,6,Web,1,0,High-Value Active Catalog/Web
1092,1980,Graduation,Married,61014.0,0,1,2012-11-08,17,269,129,495,182,43,29,4,9,3,4,7,0,0,1147,16,20,0.2,57.35,758,2.1,1,1,34,31-45,High Income,Recent,6,Web,1,0,High-Value Active Catalog/Web
8962,1975,Master,Married,44319.0,1,1,2014-04-17,18,26,0,8,0,0,3,2,2,0,3,5,0,0,37,5,7,0.2857142857142857,5.285714285714286,233,0.6,2,1,39,31-45,Mid Income,Recent,3,Store,0,0,Bargain Hunters
8207,1957,2n Cycle,Married,53233.0,0,1,2014-03-18,18,28,0,9,3,0,0,1,1,0,3,4,0,0,40,4,5,0.2,8.0,263,0.7,1,1,57,46-60,High Income,Recent,3,Store,0,0,Family Customers
6521,1954,Graduation,Together,77972.0,0,0,2014-03-18,18,613,22,319,33,102,12,1,4,6,9,1,0,0,1101,19,20,0.05,55.05,263,0.7,0,0,60,46-60,Very High Income,Recent,6,Store,1,0,General Customers
535,1987,Graduation,Divorced,81361.0,0,0,2014-02-25,18,163,23,424,27,65,76,1,3,10,13,1,0,0,778,26,27,0.037037037037037035,28.814814814814813,284,0.8,0,0,27,18-30,Very High Income,Recent,6,Store,0,0,General Customers
4608,1987,Graduation,Divorced,81361.0,0,0,2014-02-25,18,163,23,424,27,65,76,1,3,10,13,1,1,0,778,26,27,0.037037037037037035,28.814814814814813,284,0.8,0,0,27,18-30,Very High Income,Recent,6,Store,0,0,General Customers
11086,1984,Basic,Single,25707.0,1,0,2014-01-18,18,1,6,2,3,6,3,1,1,0,3,7,0,0,21,4,5,0.2,4.2,322,0.9,1,1,30,18-30,Low Income,Recent,6,Store,0,0,Family Customers
1064,1971,PhD,Married,42403.0,1,0,2013-11-12,18,22,1,11,0,5,3,1,1,0,3,8,0,0,42,4,5,0.2,8.4,389,1.1,1,1,43,31-45,Mid Income,Recent,5,Store,0,0,Family Customers
7000,1972,2n Cycle,Single,65704.0,0,0,2013-10-13,18,279,172,74,38,8,246,1,2,10,10,1,0,0,817,22,23,0.043478260869565216,35.52173913043478,419,1.1,0,0,42,31-45,High Income,Recent,6,Catalog,0,0,Catalog Shoppers
1581,1980,Graduation,Married,37406.0,1,0,2013-10-10,18,2,0,8,2,2,3,1,1,0,2,8,1,0,17,3,4,0.25,4.25,422,1.2,1,1,34,31-45,Mid Income,Recent,5,Store,0,0,Bargain Hunters
7384,1951,Master,Together,39767.0,0,0,2013-07-21,18,113,61,204,34,26,47,2,7,1,7,8,0,0,485,15,17,0.11764705882352941,28.529411764705884,503,1.4,0,0,63,60+,Mid Income,Recent,6,Web,0,0,Digital Shoppers
10552,1979,2n Cycle,Married,54210.0,0,1,2013-05-20,18,70,54,109,80,9,45,2,4,1,7,5,0,0,367,12,14,0.14285714285714285,26.214285714285715,565,1.5,1,1,35,31-45,High Income,Recent,6,Store,0,0,Family Customers
6409,1967,Graduation,Divorced,57136.0,0,0,2013-05-18,18,267,140,599,34,12,127,1,7,5,7,6,1,0,1179,19,20,0.05,58.95,567,1.6,0,0,47,46-60,High Income,Recent,6,Web,1,0,High-Value Active Catalog/Web
9507,1975,Graduation,Married,40794.0,0,1,2013-07-04,18,261,23,73,4,23,50,2,6,3,5,7,0,0,434,14,16,0.125,27.125,520,1.4,1,1,39,31-45,Mid Income,Recent,6,Web,0,0,Digital Shoppers
9560,1965,Graduation,Together,83003.0,0,0,2013-03-03,18,856,61,570,40,25,122,1,7,6,8,3,1,0,1674,21,22,0.045454545454545456,76.0909090909091,643,1.8,0,0,49,46-60,Very High Income,Recent,6,Store,1,0,General Customers
10991,1960,Master,Married,89058.0,0,0,2012-07-12,18,454,194,106,31,22,43,1,5,4,4,2,0,0,850,13,14,0.07142857142857142,60.714285714285715,877,2.4,0,0,54,46-60,Very High Income,Recent,6,Web,0,0,Digital Shoppers
4712,1991,2n Cycle,Together,20193.0,0,0,2012-11-28,18,8,8,22,24,11,9,1,1,1,4,4,0,0,82,6,7,0.14285714285714285,11.714285714285714,738,2.0,0,0,23,18-30,Low Income,Recent,6,Store,0,0,General Customers
11056,1974,Graduation,Married,72099.0,0,0,2012-10-27,18,546,91,410,119,0,22,1,3,4,10,1,0,0,1188,17,18,0.05555555555555555,66.0,770,2.1,0,0,40,31-45,Very High Income,Recent,5,Store,1,0,General Customers
7414,1971,Graduation,Married,43824.0,1,1,2012-09-15,18,96,1,42,12,3,32,4,3,1,4,8,0,0,186,8,12,0.3333333333333333,15.5,812,2.2,2,1,43,31-45,Mid Income,Recent,6,Store,0,0,Bargain Hunters
3076,1975,Graduation,Together,66653.0,1,1,2012-07-09,18,452,18,102,16,18,6,4,4,2,12,3,0,0,612,18,22,0.18181818181818182,27.818181818181817,880,2.4,2,1,39,31-45,High Income,Recent,6,Store,0,0,Family Customers
6355,1978,Graduation,Married,44359.0,1,1,2014-06-17,19,20,0,14,7,3,1,3,2,0,4,3,0,0,45,6,9,0.3333333333333333,5.0,172,0.5,2,1,36,31-45,Mid Income,Recent,5,Store,0,0,Bargain Hunters
7959,1961,Graduation,Married,79410.0,0,0,2014-05-29,19,658,80,483,123,13,13,1,3,2,5,1,0,0,1370,10,11,0.09090909090909091,124.54545454545455,191,0.5,0,0,53,46-60,Very High Income,Recent,6,Store,1,0,General Customers
5512,1977,Master,Married,55842.0,0,1,2014-05-23,19,451,0,39,0,4,24,1,7,1,8,5,0,0,518,16,17,0.058823529411764705,30.470588235294116,197,0.5,1,1,37,31-45,High Income,Recent,4,Store,0,0,Family Customers
10102,1966,Graduation,Widow,79946.0,0,0,2014-12-05,19,395,183,565,166,141,28,1,5,11,5,3,0,0,1478,21,22,0.045454545454545456,67.18181818181819,1,0.0,0,0,48,46-60,Very High Income,Recent,6,Catalog,1,0,High-Value Active Catalog/Web
9369,1979,2n Cycle,Single,88194.0,0,1,2014-03-19,19,688,14,309,201,24,38,1,11,10,10,5,1,0,1274,31,32,0.03125,39.8125,262,0.7,1,1,35,31-45,Very High Income,Recent,6,Web,1,0,High-Value Active Catalog/Web
3711,1944,Master,Married,80184.0,0,0,2014-01-03,19,1035,134,670,25,38,0,1,6,3,10,3,0,0,1902,19,20,0.05,95.1,337,0.9,0,0,70,60+,Very High Income,Recent,5,Store,1,0,General Customers
6931,1967,Graduation,Divorced,76982.0,0,0,2014-02-15,19,464,151,292,65,60,30,1,8,3,4,4,1,0,1062,15,16,0.0625,66.375,294,0.8,0,0,47,46-60,Very High Income,Recent,6,Web,1,0,High-Value Active Catalog/Web
9596,1980,PhD,Single,65295.0,0,0,2013-12-23,19,365,32,117,34,110,6,1,3,3,13,2,0,0,664,19,20,0.05,33.2,348,1.0,0,0,34,31-45,High Income,Recent,6,Store,0,0,General Customers
2727,1973,Graduation,Together,57100.0,0,0,2013-04-12,19,181,21,69,39,3,96,1,3,3,6,3,0,0,409,12,13,0.07692307692307693,31.46153846153846,603,1.7,0,0,41,31-45,High Income,Recent,6,Store,0,0,General Customers
8416,1981,Graduation,Married,29009.0,1,0,2013-11-29,19,6,6,15,10,5,2,2,2,0,3,6,0,0,44,5,7,0.2857142857142857,6.285714285714286,372,1.0,1,1,33,31-45,Low Income,Recent,6,Store,0,0,Bargain Hunters
3967,1971,PhD,Married,78931.0,0,0,2013-10-25,19,331,197,170,58,152,35,1,2,8,13,1,0,0,943,23,24,0.041666666666666664,39.291666666666664,407,1.1,0,0,43,31-45,Very High Income,Recent,6,Store,0,0,General Customers
2139,1975,Master,Married,7500.0,1,0,2013-02-10,19,3,1,10,3,2,12,3,2,0,3,5,0,0,31,5,8,0.375,3.875,664,1.8,1,1,39,31-45,Low Income,Recent,6,Store,0,0,Bargain Hunters
2162,1976,Graduation,Married,56939.0,0,1,2013-09-18,19,256,34,103,90,29,49,2,3,3,10,3,0,0,561,16,18,0.1111111111111111,31.166666666666668,444,1.2,1,1,38,31-45,High Income,Recent,6,Store,0,0,Family Customers
9242,1990,Graduation,Single,64509.0,0,0,2013-08-17,19,836,185,575,24,25,77,1,6,3,9,4,1,0,1722,18,19,0.05263157894736842,90.63157894736842,476,1.3,0,0,24,18-30,High Income,Recent,6,Store,1,0,General Customers
10595,1990,Graduation,Married,30093.0,0,0,2013-08-07,19,2,6,28,13,4,16,1,2,0,3,7,0,0,69,5,6,0.16666666666666666,11.5,486,1.3,0,0,24,18-30,Low Income,Recent,6,Store,0,0,General Customers
4855,1974,PhD,Together,30351.0,1,0,2013-06-06,19,14,0,24,3,3,2,1,3,0,2,9,1,0,46,5,6,0.16666666666666666,7.666666666666667,548,1.5,1,1,40,31-45,Low Income,Recent,5,Web,0,0,Digital Shoppers
5049,1974,PhD,Together,30351.0,1,0,2013-06-06,19,14,0,24,3,3,2,1,3,0,2,9,0,0,46,5,6,0.16666666666666666,7.666666666666667,548,1.5,1,1,40,31-45,Low Income,Recent,5,Web,0,0,Digital Shoppers
4967,1960,PhD,Together,38201.0,0,1,2013-03-29,19,233,0,23,0,0,12,4,5,1,5,8,0,0,268,11,15,0.26666666666666666,17.866666666666667,617,1.7,1,1,54,46-60,Mid Income,Recent,3,Web,0,0,Digital Shoppers
5255,1986,Graduation,Single,51381.5,1,0,2013-02-20,19,5,1,3,3,263,362,0,27,0,0,1,0,0,637,27,27,0.0,23.59259259259259,654,1.8,1,1,28,18-30,Mid Income,Recent,6,Web,0,0,Digital Shoppers
9215,1980,PhD,Married,43974.0,1,0,2012-12-12,19,378,0,101,0,0,72,5,6,4,6,7,0,0,551,16,21,0.23809523809523808,26.238095238095237,724,2.0,1,1,34,31-45,Mid Income,Recent,3,Web,0,0,Digital Shoppers
3525,1970,Graduation,Together,38200.0,1,1,2012-07-12,19,12,0,4,0,0,1,1,1,0,2,7,0,0,17,3,4,0.25,4.25,877,2.4,2,1,44,31-45,Mid Income,Recent,3,Store,0,0,Bargain Hunters
3619,1960,2n Cycle,Divorced,87305.0,0,0,2012-09-23,19,345,25,501,63,138,80,1,5,3,8,2,1,0,1152,16,17,0.058823529411764705,67.76470588235294,804,2.2,0,0,54,46-60,Very High Income,Recent,6,Store,1,0,General Customers
4415,1961,Graduation,Married,16860.0,1,1,2012-12-09,19,10,4,4,3,3,14,3,1,1,3,7,0,0,38,5,8,0.375,4.75,727,2.0,2,1,53,46-60,Low Income,Recent,6,Store,0,0,Bargain Hunters
3645,1972,PhD,Single,27213.0,1,0,2012-08-30,19,19,3,26,10,9,3,3,2,0,4,8,1,0,70,6,9,0.3333333333333333,7.777777777777778,828,2.3,1,1,42,31-45,Low Income,Recent,6,Store,0,0,Bargain Hunters
4692,1976,Graduation,Married,7500.0,1,0,2012-01-08,19,7,0,12,13,7,32,5,4,1,2,9,1,0,71,7,12,0.4166666666666667,5.916666666666667,1063,2.9,1,1,38,31-45,Low Income,Recent,5,Web,0,0,Digital Shoppers
3955,1965,Graduation,Divorced,4861.0,0,0,2014-06-22,20,2,1,1,1,0,1,0,0,0,0,14,0,0,6,0,0,0.0,0.0,167,0.5,0,0,49,46-60,Low Income,Recent,5,No Channel Purchase,0,1,General Customers
5313,1971,Master,Married,38196.0,1,1,2014-04-18,20,30,0,11,0,0,3,3,2,0,4,5,0,0,44,6,9,0.3333333333333333,4.888888888888889,232,0.6,2,1,43,31-45,Mid Income,Recent,3,Store,0,0,Bargain Hunters
7196,1950,PhD,Married,41145.0,1,1,2014-08-02,20,9,0,3,0,0,1,1,0,0,3,3,0,0,13,3,4,0.25,3.25,126,0.3,2,1,64,60+,Mid Income,Recent,3,Store,0,0,Bargain Hunters
1381,1982,PhD,Single,38513.0,1,0,2014-01-28,20,172,3,115,16,0,18,5,6,1,5,8,1,0,324,12,17,0.29411764705882354,19.058823529411764,312,0.9,1,1,32,31-45,Mid Income,Recent,5,Web,0,0,Digital Shoppers
10951,1968,Graduation,Married,45688.0,0,1,2014-01-25,20,279,0,18,0,0,9,2,3,1,8,4,0,0,306,12,14,0.14285714285714285,21.857142857142858,315,0.9,1,1,46,46-60,Mid Income,Recent,3,Store,0,0,Family Customers
4322,1958,PhD,Together,77863.0,0,0,2013-11-27,20,881,38,319,16,25,12,1,4,5,10,2,0,0,1291,19,20,0.05,64.55,374,1.0,0,0,56,46-60,Very High Income,Recent,6,Store,1,0,General Customers
7444,1969,Master,Married,42169.0,1,1,2013-10-19,20,19,0,9,0,0,2,2,1,0,3,8,0,0,30,4,6,0.3333333333333333,5.0,413,1.1,2,1,45,31-45,Mid Income,Recent,3,Store,0,0,Bargain Hunters
2942,1964,Graduation,Single,45906.0,0,1,2013-07-05,20,305,3,27,4,3,144,2,5,4,4,5,0,0,486,13,15,0.13333333333333333,32.4,519,1.4,1,1,50,46-60,Mid Income,Recent,6,Web,0,0,Digital Shoppers
2874,1988,2n Cycle,Divorced,35388.0,1,0,2013-07-03,20,6,4,7,4,3,8,1,1,0,3,7,0,0,32,4,5,0.2,6.4,521,1.4,1,1,26,18-30,Low Income,Recent,6,Store,0,0,Family Customers
3667,1969,Graduation,Married,80952.0,0,0,2013-02-28,20,778,178,689,41,27,44,1,8,5,11,8,1,0,1757,24,25,0.04,70.28,646,1.8,0,0,45,31-45,Very High Income,Recent,6,Store,1,0,General Customers
3697,1954,Graduation,Together,39898.0,0,1,2013-12-02,20,69,8,26,12,7,12,2,3,0,4,7,0,0,134,7,9,0.2222222222222222,14.88888888888889,369,1.0,1,1,60,46-60,Mid Income,Recent,6,Store,0,0,Family Customers
9955,1954,Graduation,Together,39898.0,0,1,2013-12-02,20,69,8,26,12,7,12,2,3,0,4,7,0,0,134,7,9,0.2222222222222222,14.88888888888889,369,1.0,1,1,60,46-60,Mid Income,Recent,6,Store,0,0,Family Customers
5320,1973,Master,Divorced,44051.0,1,1,2013-01-29,20,79,7,58,6,3,18,4,3,1,4,6,1,0,171,8,12,0.3333333333333333,14.25,676,1.9,2,1,41,31-45,Mid Income,Recent,6,Store,0,0,Bargain Hunters
6422,1954,Graduation,Married,86718.0,0,0,2013-01-17,20,344,189,482,50,33,172,1,5,6,5,2,0,0,1270,16,17,0.058823529411764705,74.70588235294117,688,1.9,0,0,60,46-60,Very High Income,Recent,6,Catalog,1,0,High-Value Active Catalog/Web
3690,1986,Master,Married,80141.0,0,0,2013-11-01,20,1184,102,673,52,40,40,1,7,4,10,6,1,0,2091,21,22,0.045454545454545456,95.04545454545455,400,1.1,0,0,28,18-30,Very High Income,Recent,6,Store,1,0,General Customers
2408,1976,Graduation,Married,58597.0,1,1,2012-11-20,20,490,0,184,10,28,21,12,7,4,9,7,0,0,733,20,32,0.375,22.90625,746,2.0,2,1,38,31-45,High Income,Recent,5,Store,0,0,Bargain Hunters
9260,1945,PhD,Married,70356.0,0,0,2012-05-11,20,1349,16,249,43,16,33,2,10,6,9,6,0,0,1706,25,27,0.07407407407407407,63.18518518518518,939,2.6,0,0,69,60+,Very High Income,Recent,6,Web,1,0,High-Value Active Catalog/Web
9648,1967,Graduation,Single,46904.0,1,1,2012-03-11,20,153,4,56,0,9,31,4,5,1,4,8,0,0,253,10,14,0.2857142857142857,18.071428571428573,1000,2.7,2,1,47,46-60,Mid Income,Recent,5,Web,0,0,Digital Shoppers
4939,1946,Graduation,Together,37760.0,0,0,2012-08-31,20,84,5,38,150,12,28,2,4,1,6,7,0,0,317,11,13,0.15384615384615385,24.384615384615383,827,2.3,0,0,68,60+,Mid Income,Recent,6,Store,0,0,General Customers
8652,1946,Graduation,Together,37760.0,0,0,2012-08-31,20,84,5,38,150,12,28,2,4,1,6,7,0,0,317,11,13,0.15384615384615385,24.384615384615383,827,2.3,0,0,68,60+,Mid Income,Recent,6,Store,0,0,General Customers
4702,1964,Graduation,Single,61839.0,0,0,2012-12-08,20,1000,155,379,224,17,120,1,4,8,4,8,0,0,1895,16,17,0.058823529411764705,111.47058823529412,728,2.0,0,0,50,46-60,High Income,Recent,6,Catalog,1,0,High-Value Active Catalog/Web
2587,1972,PhD,Married,29791.0,1,0,2014-05-15,21,14,0,6,0,0,0,2,2,0,3,5,0,0,20,5,7,0.2857142857142857,2.857142857142857,205,0.6,1,1,42,31-45,Low Income,Recent,2,Store,0,0,Bargain Hunters
2811,1963,PhD,Single,48918.0,1,1,2014-12-04,21,52,0,9,0,0,1,2,1,0,4,4,0,0,62,5,7,0.2857142857142857,8.857142857142858,2,0.0,2,1,51,46-60,Mid Income,Recent,3,Store,0,0,Bargain Hunters
9150,1963,PhD,Single,48918.0,1,1,2014-12-04,21,52,0,9,0,0,1,2,1,0,4,4,0,0,62,5,7,0.2857142857142857,8.857142857142858,2,0.0,2,1,51,46-60,Mid Income,Recent,3,Store,0,0,Bargain Hunters
10127,1965,Graduation,Married,58692.0,0,1,2014-06-04,21,301,11,61,4,7,11,1,8,2,4,7,0,0,395,14,15,0.06666666666666667,26.333333333333332,185,0.5,1,1,49,46-60,High Income,Recent,6,Web,0,0,Digital Shoppers
5493,1976,Graduation,Married,39356.0,1,1,2014-03-19,21,15,0,2,0,0,6,1,1,0,2,6,0,0,23,3,4,0.25,5.75,262,0.7,2,1,38,31-45,Mid Income,Recent,3,Store,0,0,Bargain Hunters
2666,1972,Master,Married,76234.0,0,1,2014-06-02,21,519,50,167,130,0,41,1,8,3,11,3,0,0,907,22,23,0.043478260869565216,39.43478260869565,187,0.5,1,1,42,31-45,Very High Income,Recent,5,Store,0,0,Family Customers
10099,1984,Graduation,Married,55434.0,1,0,2013-05-10,21,238,115,215,169,69,76,3,5,3,13,4,0,0,882,21,24,0.125,36.75,575,1.6,1,1,30,18-30,High Income,Recent,6,Store,0,0,Family Customers
10562,1946,Master,Married,66835.0,0,0,2013-09-28,21,620,26,195,34,17,141,1,6,4,13,2,0,0,1033,23,24,0.041666666666666664,43.041666666666664,434,1.2,0,0,68,60+,High Income,Recent,6,Store,0,0,General Customers
7881,1946,Master,Married,66835.0,0,0,2013-09-28,21,620,26,195,34,17,141,1,6,4,13,2,0,0,1033,23,24,0.041666666666666664,43.041666666666664,434,1.2,0,0,68,60+,High Income,Recent,6,Store,0,0,General Customers
6721,1951,Graduation,Married,71965.0,0,1,2013-07-29,21,572,19,286,50,38,248,3,6,3,5,3,0,0,1213,14,17,0.17647058823529413,71.3529411764706,495,1.4,1,1,63,60+,Very High Income,Recent,6,Web,1,0,High-Value Active Catalog/Web
5204,1971,Graduation,Together,74538.0,0,0,2013-06-29,21,380,98,733,110,112,28,1,8,8,5,3,1,0,1461,21,22,0.045454545454545456,66.4090909090909,525,1.4,0,0,43,31-45,Very High Income,Recent,6,Web,1,0,High-Value Active Catalog/Web
5209,1954,Graduation,Divorced,50002.0,0,1,2013-06-17,21,443,5,71,21,16,82,2,8,2,7,7,0,0,638,17,19,0.10526315789473684,33.578947368421055,537,1.5,1,1,60,46-60,Mid Income,Recent,6,Web,0,0,Digital Shoppers
10128,1958,Graduation,Together,53977.0,0,1,2013-08-06,21,620,16,165,0,24,82,5,5,5,12,5,0,0,907,22,27,0.18518518518518517,33.592592592592595,487,1.3,1,1,56,46-60,High Income,Recent,5,Store,0,0,Family Customers
9284,1958,Graduation,Together,53977.0,0,1,2013-08-06,21,620,16,165,0,24,82,5,5,5,12,5,0,0,907,22,27,0.18518518518518517,33.592592592592595,487,1.3,1,1,56,46-60,High Income,Recent,5,Store,0,0,Family Customers
8643,1971,Graduation,Together,69930.0,0,0,2013-05-26,21,252,98,827,219,70,196,1,4,5,12,3,0,0,1662,21,22,0.045454545454545456,75.54545454545455,559,1.5,0,0,43,31-45,Very High Income,Recent,6,Store,1,0,General Customers
1685,1967,PhD,Together,62981.0,0,0,2013-03-17,21,796,14,590,38,44,0,1,4,5,13,3,0,0,1482,22,23,0.043478260869565216,64.43478260869566,629,1.7,0,0,47,46-60,High Income,Recent,5,Store,1,0,General Customers
2877,1974,Master,Together,46014.0,1,1,2013-01-21,21,410,0,59,19,9,44,10,7,1,8,7,0,0,541,16,26,0.38461538461538464,20.807692307692307,684,1.9,2,1,40,31-45,Mid Income,Recent,5,Store,0,0,Bargain Hunters
8369,1987,Graduation,Together,18227.0,1,0,2012-08-11,21,1,2,7,4,3,11,1,0,1,2,8,0,0,28,3,4,0.25,7.0,847,2.3,1,1,27,18-30,Low Income,Recent,6,Store,0,0,Bargain Hunters
6233,1976,Graduation,Married,65991.0,0,1,2012-07-09,21,507,19,364,25,47,9,3,9,5,10,7,0,0,971,24,27,0.1111111111111111,35.96296296296296,880,2.4,1,1,38,31-45,High Income,Recent,6,Store,0,0,Family Customers
195,1972,Graduation,Single,38808.0,1,0,2012-08-26,21,125,17,52,3,19,30,4,5,1,4,8,1,0,246,10,14,0.2857142857142857,17.571428571428573,832,2.3,1,1,42,31-45,Mid Income,Recent,6,Web,0,0,Digital Shoppers
1501,1982,PhD,Married,160803.0,0,0,2012-04-08,21,55,16,1622,17,3,4,15,0,28,1,0,0,0,1717,29,44,0.3409090909090909,39.02272727272727,972,2.7,0,0,32,31-45,Very High Income,Recent,6,Catalog,1,0,High-Value Active Catalog/Web
10846,1978,Master,Married,43783.0,1,0,2014-05-29,22,327,9,125,25,4,139,6,7,1,8,7,0,0,629,16,22,0.2727272727272727,28.59090909090909,191,0.5,1,1,36,31-45,Mid Income,Recent,6,Store,0,0,Bargain Hunters
8341,1969,PhD,Married,30396.0,1,0,2014-04-30,22,15,0,6,0,1,12,2,1,1,2,7,1,0,34,4,6,0.3333333333333333,5.666666666666667,220,0.6,1,1,45,31-45,Low Income,Recent,4,Store,0,0,Bargain Hunters
10766,1964,PhD,Married,65526.0,0,1,2014-11-04,22,397,19,69,12,0,9,1,4,4,8,2,0,0,506,16,17,0.058823529411764705,29.764705882352942,32,0.1,1,1,50,46-60,High Income,Recent,5,Store,0,0,Family Customers
9971,1964,PhD,Married,65526.0,0,1,2014-11-04,22,397,19,69,12,0,9,1,4,4,8,2,0,0,506,16,17,0.058823529411764705,29.764705882352942,32,0.1,1,1,50,46-60,High Income,Recent,5,Store,0,0,Family Customers
1740,1944,Graduation,Married,55956.0,0,0,2014-07-04,22,760,38,104,50,9,38,2,7,3,4,4,0,0,999,14,16,0.125,62.4375,155,0.4,0,0,70,60+,High Income,Recent,6,Web,0,0,Digital Shoppers
8737,1978,Graduation,Divorced,55563.0,0,1,2014-05-04,22,29,1,9,2,0,2,1,2,0,3,3,0,0,43,5,6,0.16666666666666666,7.166666666666667,216,0.6,1,1,36,31-45,High Income,Recent,5,Store,0,0,Family Customers
6466,1965,PhD,Married,57236.0,1,1,2014-12-03,22,105,0,9,2,1,4,3,2,1,4,3,0,0,121,7,10,0.3,12.1,3,0.0,2,1,49,46-60,High Income,Recent,5,Store,0,0,Bargain Hunters
10430,1973,Graduation,Divorced,89694.0,1,1,2013-09-10,22,1126,28,211,37,28,42,3,4,3,4,5,0,0,1472,11,14,0.21428571428571427,105.14285714285714,452,1.2,2,1,41,31-45,Very High Income,Recent,6,Web,1,0,High-Value Active Catalog/Web
8773,1971,Master,Together,57420.0,0,1,2013-06-25,22,280,0,18,0,0,24,3,5,1,6,7,0,0,322,12,15,0.2,21.466666666666665,529,1.4,1,1,43,31-45,High Income,Recent,3,Store,0,0,Family Customers
2371,1972,Graduation,Married,33622.0,1,1,2013-04-13,22,39,1,22,3,4,12,3,2,0,4,7,0,0,81,6,9,0.3333333333333333,9.0,602,1.6,2,1,42,31-45,Low Income,Recent,6,Store,0,0,Bargain Hunters
7786,1986,PhD,Single,29999.0,1,0,2013-02-13,22,68,7,59,10,5,11,4,3,1,4,8,0,0,160,8,12,0.3333333333333333,13.333333333333334,661,1.8,1,1,28,18-30,Low Income,Recent,6,Store,0,0,Bargain Hunters
4088,1962,PhD,Together,31497.0,0,1,2012-06-12,22,108,1,28,13,1,4,2,3,1,4,8,0,0,155,8,10,0.2,15.5,907,2.5,1,1,52,46-60,Low Income,Recent,6,Store,0,0,Family Customers
4971,1962,PhD,Together,31497.0,0,1,2012-06-12,22,108,1,28,13,1,4,2,3,1,4,8,0,0,155,8,10,0.2,15.5,907,2.5,1,1,52,46-60,Low Income,Recent,6,Store,0,0,Family Customers
10560,1980,PhD,Single,36802.0,1,0,2014-06-16,23,16,1,2,0,0,1,1,1,0,3,5,0,0,20,4,5,0.2,4.0,173,0.5,1,1,34,31-45,Mid Income,Recent,4,Store,0,0,Family Customers
6892,1968,Graduation,Divorced,61671.0,0,1,2014-03-06,23,641,7,56,0,0,28,8,10,4,6,8,0,0,732,20,28,0.2857142857142857,26.142857142857142,275,0.8,1,1,46,46-60,High Income,Recent,4,Web,0,0,Digital Shoppers
11004,1893,2n Cycle,Single,60182.0,0,1,2014-05-17,23,8,0,5,7,0,2,1,1,0,2,4,0,0,22,3,4,0.25,5.5,203,0.6,1,1,121,60+,High Income,Recent,4,Store,0,0,Bargain Hunters
1818,1971,PhD,Together,29732.0,1,0,2014-03-25,23,25,0,8,0,1,4,1,2,0,2,9,0,0,38,4,5,0.2,7.6,256,0.7,1,1,43,31-45,Low Income,Recent,4,Web,0,0,Digital Shoppers
9485,1986,PhD,Married,45921.0,0,0,2014-10-03,23,102,9,49,24,3,12,1,2,1,6,4,0,0,199,9,10,0.1,19.9,64,0.2,0,0,28,18-30,Mid Income,Recent,6,Store,0,0,General Customers
6646,1984,Graduation,Together,16529.0,1,0,2014-01-03,23,3,0,5,13,0,1,1,1,0,3,6,0,0,22,4,5,0.2,4.4,337,0.9,1,1,30,18-30,Low Income,Recent,4,Store,0,0,Family Customers
4248,1960,Master,Single,98777.0,0,0,2014-02-17,23,1000,19,711,125,115,38,0,4,6,9,1,0,0,2008,19,19,0.0,105.6842105263158,292,0.8,0,0,54,46-60,Very High Income,Recent,6,Store,1,0,General Customers
7451,1960,Master,Single,98777.0,0,0,2014-02-17,23,1000,19,711,125,115,38,0,4,6,9,1,0,0,2008,19,19,0.0,105.6842105263158,292,0.8,0,0,54,46-60,Very High Income,Recent,6,Store,1,0,General Customers
7861,1952,Master,Married,77027.0,0,1,2014-05-02,23,820,57,242,45,0,11,2,8,3,6,4,0,0,1175,17,19,0.10526315789473684,61.8421052631579,218,0.6,1,1,62,60+,Very High Income,Recent,5,Web,1,0,High-Value Active Catalog/Web
5232,1965,Graduation,Married,69139.0,0,1,2014-01-27,23,86,12,75,33,15,6,1,4,1,5,4,0,0,227,10,11,0.09090909090909091,20.636363636363637,313,0.9,1,1,49,46-60,Very High Income,Recent,6,Store,0,0,Family Customers
3011,1965,Graduation,Married,69139.0,0,1,2014-01-27,23,86,12,75,33,15,6,1,4,1,5,4,0,0,227,10,11,0.09090909090909091,20.636363636363637,313,0.9,1,1,49,46-60,Very High Income,Recent,6,Store,0,0,Family Customers
5758,1982,Graduation,Married,65169.0,0,0,2014-01-14,23,1074,0,69,0,0,46,1,10,4,13,6,1,0,1189,27,28,0.03571428571428571,42.464285714285715,326,0.9,0,0,32,31-45,High Income,Recent,3,Store,1,0,General Customers
2173,1952,Graduation,Widow,40049.0,0,1,2013-10-16,23,13,6,7,0,3,3,1,1,0,3,6,0,0,32,4,5,0.2,6.4,416,1.1,1,1,62,60+,Mid Income,Recent,5,Store,0,0,Family Customers
10711,1945,Graduation,Married,69755.0,0,0,2013-02-10,23,217,77,373,111,23,93,1,3,6,12,1,0,0,894,21,22,0.045454545454545456,40.63636363636363,664,1.8,0,0,69,60+,Very High Income,Recent,6,Store,0,0,General Customers
8268,1961,PhD,Married,51381.5,0,1,2013-11-07,23,352,0,27,10,0,15,3,6,1,7,6,0,0,404,14,17,0.17647058823529413,23.764705882352942,394,1.1,1,1,53,46-60,Mid Income,Recent,4,Store,0,0,Family Customers
2782,1961,PhD,Married,54456.0,0,1,2013-11-07,23,352,0,27,10,0,15,3,6,1,7,6,0,0,404,14,17,0.17647058823529413,23.764705882352942,394,1.1,1,1,53,46-60,High Income,Recent,4,Store,0,0,Family Customers
9432,1977,Graduation,Together,666666.0,1,0,2013-02-06,23,9,14,18,8,1,12,4,3,1,3,6,0,0,62,7,11,0.36363636363636365,5.636363636363637,668,1.8,1,1,37,31-45,Very High Income,Recent,6,Web,0,0,Digital Shoppers
5872,1951,Graduation,Single,60689.0,0,1,2013-01-06,23,240,90,216,63,6,24,4,4,4,10,3,0,0,639,18,22,0.18181818181818182,29.045454545454547,699,1.9,1,1,63,60+,High Income,Recent,6,Store,0,0,Family Customers
11187,1978,Basic,Single,26487.0,1,0,2013-05-20,23,2,8,10,12,14,23,3,2,1,3,5,0,0,69,6,9,0.3333333333333333,7.666666666666667,565,1.5,1,1,36,31-45,Low Income,Recent,6,Store,0,0,Bargain Hunters
2428,1970,Graduation,Married,28164.0,1,0,2013-04-05,23,3,18,26,11,8,12,3,2,0,4,7,0,0,78,6,9,0.3333333333333333,8.666666666666666,610,1.7,1,1,44,31-45,Low Income,Recent,6,Store,0,0,Bargain Hunters
1726,1970,Graduation,Single,22585.0,0,0,2013-03-18,23,3,9,15,13,2,39,1,1,1,2,9,1,0,81,4,5,0.2,16.2,628,1.7,0,0,44,31-45,Low Income,Recent,6,Store,0,0,General Customers
1802,1971,Graduation,Married,64795.0,0,1,2013-01-17,23,412,5,119,38,29,77,3,3,3,12,2,0,0,680,18,21,0.14285714285714285,32.38095238095238,688,1.9,1,1,43,31-45,High Income,Recent,6,Store,0,0,Family Customers
1162,1987,PhD,Single,42000.0,0,0,2013-10-01,23,124,83,267,85,59,35,2,5,2,11,5,1,0,653,18,20,0.1,32.65,431,1.2,0,0,27,18-30,Mid Income,Recent,6,Store,0,0,General Customers
10643,1987,PhD,Single,42000.0,0,0,2013-10-01,23,124,83,267,85,59,35,2,5,2,11,5,1,0,653,18,20,0.1,32.65,431,1.2,0,0,27,18-30,Mid Income,Recent,6,Store,0,0,General Customers
11112,1966,Graduation,Together,70713.0,0,1,2012-03-12,23,736,114,279,82,76,190,6,5,6,8,3,0,0,1477,19,25,0.24,59.08,999,2.7,1,1,48,46-60,Very High Income,Recent,6,Store,1,0,Family Customers
2114,1946,PhD,Single,82800.0,0,0,2012-11-24,23,1006,22,115,59,68,45,1,7,6,12,3,1,0,1315,25,26,0.038461538461538464,50.57692307692308,742,2.0,0,0,68,60+,Very High Income,Recent,6,Store,1,0,General Customers
4261,1946,PhD,Single,82800.0,0,0,2012-11-24,23,1006,22,115,59,68,45,1,7,6,12,3,1,0,1315,25,26,0.038461538461538464,50.57692307692308,742,2.0,0,0,68,60+,Very High Income,Recent,6,Store,1,0,General Customers
2457,1975,Basic,Married,30801.0,0,1,2012-10-26,23,8,4,5,15,2,11,2,1,0,3,7,0,0,45,4,6,0.3333333333333333,7.5,771,2.1,1,1,39,31-45,Low Income,Recent,6,Store,0,0,Bargain Hunters
2495,1974,Master,Married,83891.0,0,1,2014-06-20,24,217,38,350,111,85,15,1,4,7,10,1,0,0,816,21,22,0.045454545454545456,37.09090909090909,169,0.5,1,1,40,31-45,Very High Income,Recent,6,Store,0,0,Family Customers
6983,1950,Master,Divorced,38054.0,1,1,2014-01-05,24,23,2,17,2,1,0,2,2,0,3,7,0,0,45,5,7,0.2857142857142857,6.428571428571429,335,0.9,2,1,64,60+,Mid Income,Recent,5,Store,0,0,Bargain Hunters
3436,1969,Graduation,Married,14045.0,1,0,2014-01-26,24,11,0,5,2,1,1,1,1,0,3,7,0,0,20,4,5,0.2,4.0,314,0.9,1,1,45,31-45,Low Income,Recent,5,Store,0,0,Family Customers
7505,1957,PhD,Married,44155.0,1,1,2014-01-19,24,22,1,9,0,0,14,1,1,1,2,4,0,0,46,4,5,0.2,9.2,321,0.9,2,1,57,46-60,Mid Income,Recent,4,Store,0,0,Family Customers
4286,1970,PhD,Single,57642.0,0,1,2014-09-01,24,580,6,58,8,0,27,3,7,6,6,4,0,0,679,19,22,0.13636363636363635,30.863636363636363,96,0.3,1,1,44,31-45,High Income,Recent,5,Web,0,0,Digital Shoppers
7224,1977,Graduation,Married,31353.0,1,1,2013-12-29,24,10,0,10,3,1,7,2,1,1,2,8,0,0,31,4,6,0.3333333333333333,5.166666666666667,342,0.9,2,1,37,31-45,Low Income,Recent,5,Store,0,0,Bargain Hunters
6215,1977,Graduation,Married,31353.0,1,1,2013-12-29,24,10,0,10,3,1,7,2,1,1,2,8,1,0,31,4,6,0.3333333333333333,5.166666666666667,342,0.9,2,1,37,31-45,Low Income,Recent,5,Store,0,0,Bargain Hunters
968,1968,Master,Divorced,41335.0,1,0,2013-12-26,24,112,19,21,16,14,5,3,4,1,4,7,0,0,187,9,12,0.25,15.583333333333334,345,0.9,1,1,46,46-60,Mid Income,Recent,6,Web,0,0,Digital Shoppers
4096,1968,Master,Divorced,41335.0,1,0,2013-12-26,24,112,19,21,16,14,5,3,4,1,4,7,0,0,187,9,12,0.25,15.583333333333334,345,0.9,1,1,46,46-60,Mid Income,Recent,6,Web,0,0,Digital Shoppers
3153,1957,PhD,Single,40737.0,2,1,2013-08-12,24,11,0,4,0,0,2,1,1,0,2,8,0,0,17,3,4,0.25,4.25,481,1.3,3,1,57,46-60,Mid Income,Recent,3,Store,0,0,Bargain Hunters
6504,1975,2n Cycle,Together,19789.0,1,0,2013-11-20,24,2,5,9,28,6,28,3,2,1,3,5,0,0,78,6,9,0.3333333333333333,8.666666666666666,381,1.0,1,1,39,31-45,Low Income,Recent,6,Store,0,0,Bargain Hunters
5329,1949,PhD,Divorced,35946.0,1,1,2013-09-27,24,8,0,3,0,0,0,1,0,0,3,5,0,0,11,3,4,0.25,2.75,435,1.2,2,1,65,60+,Mid Income,Recent,2,Store,0,0,Bargain Hunters
1175,1983,Master,Married,36262.0,0,0,2013-09-20,24,88,39,54,64,28,153,1,3,5,3,6,1,0,426,11,12,0.08333333333333333,35.5,442,1.2,0,0,31,31-45,Mid Income,Recent,6,Catalog,0,0,Catalog Shoppers
1377,1954,Master,Widow,44551.0,0,1,2013-08-31,24,182,4,33,0,0,66,2,4,1,5,7,0,0,285,10,12,0.16666666666666666,23.75,462,1.3,1,1,60,46-60,Mid Income,Recent,4,Store,0,0,Family Customers
4607,1959,Graduation,Together,71367.0,0,0,2013-08-23,24,227,23,389,42,21,75,1,4,5,7,2,0,0,777,16,17,0.058823529411764705,45.705882352941174,470,1.3,0,0,55,46-60,Very High Income,Recent,6,Store,0,0,General Customers
4944,1959,Graduation,Together,71367.0,0,0,2013-08-23,24,227,23,389,42,21,75,1,4,5,7,2,0,0,777,16,17,0.058823529411764705,45.705882352941174,470,1.3,0,0,55,46-60,Very High Income,Recent,6,Store,0,0,General Customers
9483,1959,Graduation,Together,57957.0,0,1,2013-08-19,24,290,59,177,77,5,29,7,4,6,8,3,0,1,637,18,25,0.28,25.48,474,1.3,1,1,55,46-60,High Income,Recent,6,Store,0,0,Bargain Hunters
1378,1972,2n Cycle,Together,50334.0,0,1,2013-07-24,24,284,16,160,84,16,134,6,7,4,6,6,0,0,694,17,23,0.2608695652173913,30.17391304347826,500,1.4,1,1,42,31-45,Mid Income,Recent,6,Web,0,0,Digital Shoppers
5991,1949,Master,Married,48150.0,0,1,2013-08-06,24,173,2,39,3,2,47,3,5,1,4,7,0,0,266,10,13,0.23076923076923078,20.46153846153846,487,1.3,1,1,65,60+,Mid Income,Recent,6,Web,0,0,Digital Shoppers
2807,1969,Graduation,Married,56796.0,0,1,2013-02-16,24,656,38,161,62,47,37,3,8,9,7,7,0,0,1001,24,27,0.1111111111111111,37.074074074074076,658,1.8,1,1,45,31-45,High Income,Recent,6,Catalog,0,0,Catalog Shoppers
1052,1969,Graduation,Married,56796.0,0,1,2013-02-16,24,656,38,161,62,47,37,3,8,9,7,7,0,0,1001,24,27,0.1111111111111111,37.074074074074076,658,1.8,1,1,45,31-45,High Income,Recent,6,Catalog,0,0,Catalog Shoppers
9760,1963,PhD,Widow,52278.0,0,1,2013-01-25,24,953,0,71,0,0,174,6,10,5,10,8,1,0,1198,25,31,0.1935483870967742,38.645161290322584,680,1.9,1,1,51,46-60,High Income,Recent,3,Web,1,0,High-Value Active Catalog/Web
7101,1963,PhD,Widow,52278.0,0,1,2013-01-25,24,953,0,71,0,0,174,6,10,5,10,8,0,0,1198,25,31,0.1935483870967742,38.645161290322584,680,1.9,1,1,51,46-60,High Income,Recent,3,Web,1,0,High-Value Active Catalog/Web
9909,1996,2n Cycle,Married,7500.0,0,0,2012-09-11,24,3,18,14,15,22,50,3,3,1,3,9,1,0,122,7,10,0.3,12.2,816,2.2,0,0,18,18-30,Low Income,Recent,6,Web,0,0,Digital Shoppers
5907,1952,Master,Married,33444.0,1,1,2012-03-11,24,8,0,8,0,0,2,1,1,0,2,8,0,0,18,3,4,0.25,4.5,1000,2.7,2,1,62,60+,Low Income,Recent,3,Store,0,0,Bargain Hunters
793,1973,Graduation,Married,20895.0,1,0,2012-06-10,24,18,3,17,3,0,4,1,2,0,3,9,0,0,45,5,6,0.16666666666666666,7.5,909,2.5,1,1,41,31-45,Low Income,Recent,5,Store,0,0,Family Customers
8832,1976,Master,Together,37509.0,1,0,2012-12-09,24,37,5,56,12,8,5,2,3,0,4,7,0,0,123,7,9,0.2222222222222222,13.666666666666666,727,2.0,1,1,38,31-45,Mid Income,Recent,6,Store,0,0,Family Customers
2535,1978,Master,Married,88097.0,1,0,2012-08-18,24,163,0,480,0,126,75,1,6,5,8,9,1,0,844,19,20,0.05,42.2,840,2.3,1,1,36,31-45,Very High Income,Recent,4,Store,0,0,Family Customers
1523,1973,Graduation,Married,59041.0,1,1,2014-07-05,25,69,2,15,2,2,6,2,2,0,4,5,0,0,96,6,8,0.25,12.0,154,0.4,2,1,41,31-45,High Income,Recent,6,Store,0,0,Bargain Hunters
1839,1974,Graduation,Single,43322.0,0,0,2014-04-21,25,56,7,48,10,2,18,1,3,0,4,7,0,0,141,7,8,0.125,17.625,229,0.6,0,0,40,31-45,Mid Income,Recent,6,Store,0,0,General Customers
9972,1955,PhD,Together,46015.0,1,1,2014-04-13,25,38,0,2,0,0,6,1,1,0,3,7,0,0,46,4,5,0.2,9.2,237,0.6,2,1,59,46-60,Mid Income,Recent,3,Store,0,0,Family Customers
2945,1955,PhD,Together,46015.0,1,1,2014-04-13,25,38,0,2,0,0,6,1,1,0,3,7,0,0,46,4,5,0.2,9.2,237,0.6,2,1,59,46-60,Mid Income,Recent,3,Store,0,0,Family Customers
9291,1959,Master,Married,34242.0,0,1,2014-03-23,25,8,2,4,0,0,1,1,0,0,3,5,0,0,15,3,4,0.25,3.75,258,0.7,1,1,55,46-60,Low Income,Recent,4,Store,0,0,Bargain Hunters
2829,1955,Graduation,Married,65210.0,0,1,2014-10-03,25,626,0,70,0,7,28,2,9,3,8,6,0,0,731,20,22,0.09090909090909091,33.22727272727273,64,0.2,1,1,59,46-60,High Income,Recent,4,Web,0,0,Digital Shoppers
8594,1958,PhD,Widow,50520.0,0,1,2014-01-28,25,112,0,6,2,1,14,2,3,1,3,6,0,0,135,7,9,0.2222222222222222,15.0,312,0.9,1,1,56,46-60,Mid Income,Recent,5,Web,0,0,Digital Shoppers
1592,1970,Graduation,Married,90765.0,0,0,2014-01-24,25,547,99,812,151,82,33,0,4,6,5,1,0,0,1724,15,15,0.0,114.93333333333334,316,0.9,0,0,44,31-45,Very High Income,Recent,6,Catalog,1,0,High-Value Active Catalog/Web
4310,1944,Graduation,Married,80589.0,0,0,2014-01-22,25,507,93,520,242,40,26,1,5,10,5,1,1,0,1428,20,21,0.047619047619047616,68.0,318,0.9,0,0,70,60+,Very High Income,Recent,6,Catalog,1,0,High-Value Active Catalog/Web
6950,1958,Master,Married,49572.0,1,1,2013-12-15,25,35,1,16,0,1,1,2,2,0,3,7,0,0,54,5,7,0.2857142857142857,7.714285714285714,356,1.0,2,1,56,46-60,Mid Income,Recent,5,Store,0,0,Bargain Hunters
8492,1978,Graduation,Together,75437.0,0,0,2013-09-11,25,795,0,545,95,58,0,1,8,4,10,6,0,0,1493,22,23,0.043478260869565216,64.91304347826087,451,1.2,0,0,36,31-45,Very High Income,Recent,4,Store,1,0,General Customers
5684,1971,Master,Divorced,44635.0,1,1,2013-11-10,25,56,0,9,0,0,3,2,2,0,3,7,0,0,68,5,7,0.2857142857142857,9.714285714285714,391,1.1,2,1,43,31-45,Mid Income,Recent,3,Store,0,0,Bargain Hunters
5909,1964,Graduation,Married,58512.0,0,1,2013-09-19,25,895,10,101,13,0,152,5,3,4,8,8,0,0,1171,15,20,0.25,58.55,443,1.2,1,1,50,46-60,High Income,Recent,5,Store,1,0,Bargain Hunters
9855,1952,PhD,Single,62000.0,0,1,2013-08-25,25,899,0,101,0,0,20,1,6,6,13,4,0,0,1020,25,26,0.038461538461538464,39.23076923076923,468,1.3,1,1,62,60+,High Income,Recent,3,Store,0,0,Family Customers
975,1956,Graduation,Single,54252.0,1,1,2013-05-28,25,178,4,26,8,4,44,5,4,1,5,6,0,0,264,10,15,0.3333333333333333,17.6,557,1.5,2,1,58,46-60,High Income,Recent,6,Store,0,0,Bargain Hunters
8754,1974,PhD,Together,45068.0,0,1,2013-05-16,25,14,0,3,0,0,3,1,1,0,2,7,0,0,20,3,4,0.25,5.0,569,1.6,1,1,40,31-45,Mid Income,Recent,3,Store,0,0,Bargain Hunters
1456,1979,Graduation,Single,60474.0,0,1,2013-01-04,25,265,199,303,234,9,170,7,10,2,12,7,0,0,1180,24,31,0.22580645161290322,38.064516129032256,701,1.9,1,1,35,31-45,High Income,Recent,6,Store,1,0,Family Customers
2849,1979,Graduation,Single,60474.0,0,1,2013-01-04,25,265,199,303,234,9,170,7,10,2,12,7,0,0,1180,24,31,0.22580645161290322,38.064516129032256,701,1.9,1,1,35,31-45,High Income,Recent,6,Store,1,0,Family Customers
9984,1981,2n Cycle,Married,56337.0,1,1,2013-03-27,25,349,16,144,28,5,182,5,8,5,4,8,1,0,724,17,22,0.22727272727272727,32.90909090909091,619,1.7,2,1,33,31-45,High Income,Recent,6,Web,0,0,Digital Shoppers
5527,1987,Graduation,Together,22434.0,1,0,2013-02-13,25,4,12,11,3,13,15,2,2,0,3,8,0,0,58,5,7,0.2857142857142857,8.285714285714286,661,1.8,1,1,27,18-30,Low Income,Recent,6,Store,0,0,Bargain Hunters
5628,1982,Graduation,Together,61416.0,0,0,2013-08-02,25,848,154,323,201,61,78,1,10,3,10,6,0,0,1665,23,24,0.041666666666666664,69.375,491,1.3,0,0,32,31-45,High Income,Recent,6,Web,1,0,High-Value Active Catalog/Web
7627,1975,Master,Married,92163.0,0,0,2012-12-12,25,817,183,797,106,163,20,0,5,11,5,2,1,0,2086,21,21,0.0,99.33333333333333,724,2.0,0,0,39,31-45,Very High Income,Recent,6,Catalog,1,0,High-Value Active Catalog/Web
1351,1956,Master,Together,58656.0,0,1,2012-09-20,25,962,12,194,16,24,12,4,7,8,13,6,0,0,1220,28,32,0.125,38.125,807,2.2,1,1,58,46-60,High Income,Recent,6,Store,1,0,Family Customers
10629,1973,2n Cycle,Married,51381.5,1,0,2012-09-14,25,25,3,43,17,4,17,3,3,0,3,8,0,0,109,6,9,0.3333333333333333,12.11111111111111,813,2.2,1,1,41,31-45,Mid Income,Recent,6,Web,0,0,Digital Shoppers
10395,1986,Basic,Single,8940.0,1,0,2012-08-22,25,1,45,3,4,6,42,3,3,1,3,8,0,0,101,7,10,0.3,10.1,836,2.3,1,1,28,18-30,Low Income,Recent,6,Web,0,0,Digital Shoppers
6961,1974,Graduation,Married,26751.0,2,0,2014-05-22,26,1,1,5,0,3,1,1,1,0,2,8,0,0,11,3,4,0.25,2.75,198,0.5,2,1,40,31-45,Low Income,Recent,5,Store,0,0,Bargain Hunters
10196,1978,Graduation,Married,71427.0,2,0,2014-12-03,26,212,123,177,15,64,23,2,8,2,8,4,0,0,614,18,20,0.1,30.7,3,0.0,2,1,36,31-45,Very High Income,Recent,6,Web,0,0,Digital Shoppers
6182,1984,Graduation,Together,26646.0,1,0,2014-10-02,26,11,4,20,10,3,5,2,2,0,4,6,0,0,53,6,8,0.25,6.625,65,0.2,1,1,30,18-30,Low Income,Recent,6,Store,0,0,Bargain Hunters
10432,1974,Graduation,Divorced,19346.0,1,0,2014-01-30,26,2,0,9,3,6,2,1,1,0,3,8,0,0,22,4,5,0.2,4.4,310,0.8,1,1,40,31-45,Low Income,Recent,5,Store,0,0,Family Customers
1542,1975,Graduation,Single,56243.0,1,2,2013-12-30,26,347,0,35,4,3,7,6,4,2,8,5,0,0,396,14,20,0.3,19.8,341,0.9,3,1,39,31-45,High Income,Recent,5,Store,0,0,Bargain Hunters
4220,1970,PhD,Married,59892.0,0,1,2013-02-11,26,73,0,13,0,1,0,1,2,1,3,3,0,0,87,6,7,0.14285714285714285,12.428571428571429,663,1.8,1,1,44,31-45,High Income,Recent,3,Store,0,0,Family Customers
4141,1965,Graduation,Together,71613.0,0,0,2013-08-21,26,426,49,127,111,21,42,1,8,2,10,4,0,0,776,20,21,0.047619047619047616,36.95238095238095,472,1.3,0,0,49,46-60,Very High Income,Recent,6,Store,0,0,General Customers
1940,1986,Graduation,Married,25252.0,1,0,2013-12-07,26,1,3,4,2,2,6,1,1,0,2,8,0,0,18,3,4,0.25,4.5,364,1.0,1,1,28,18-30,Low Income,Recent,6,Store,0,0,Bargain Hunters
1506,1975,Graduation,Single,42160.0,1,1,2013-06-28,26,48,9,45,3,15,20,4,2,1,4,6,1,0,140,7,11,0.36363636363636365,12.727272727272727,526,1.4,2,1,39,31-45,Mid Income,Recent,6,Store,0,0,Bargain Hunters
6347,1979,Basic,Single,15862.0,1,0,2013-06-27,26,1,1,4,11,9,10,1,1,0,3,8,0,0,36,4,5,0.2,7.2,527,1.4,1,1,35,31-45,Low Income,Recent,6,Store,0,0,Family Customers
1361,1974,Master,Married,82584.0,0,0,2013-04-06,26,1076,68,103,29,91,68,1,3,4,8,1,1,0,1435,15,16,0.0625,89.6875,609,1.7,0,0,40,31-45,Very High Income,Recent,6,Store,1,0,General Customers
9422,1989,Graduation,Married,38360.0,1,0,2013-05-31,26,36,2,42,20,21,10,2,2,1,4,3,0,0,131,7,9,0.2222222222222222,14.555555555555555,554,1.5,1,1,25,18-30,Mid Income,Recent,6,Store,0,0,Family Customers
1081,1957,PhD,Married,75283.0,1,2,2013-03-27,26,733,9,180,12,19,66,11,6,3,5,4,0,0,1019,14,25,0.44,40.76,619,1.7,3,1,57,46-60,Very High Income,Recent,6,Web,0,0,Digital Shoppers
7458,1956,Master,Together,34941.0,1,1,2013-06-03,26,39,2,25,4,3,24,2,3,0,3,8,0,0,97,6,8,0.25,12.125,551,1.5,2,1,58,46-60,Low Income,Recent,6,Web,0,0,Digital Shoppers
1012,1952,Graduation,Single,61823.0,0,1,2013-02-18,26,523,7,134,37,14,169,4,8,2,10,7,0,0,884,20,24,0.16666666666666666,36.833333333333336,656,1.8,1,1,62,60+,High Income,Recent,6,Store,0,0,Family Customers
5453,1956,Master,Married,90226.0,0,0,2012-09-26,26,1083,108,649,253,151,108,1,4,7,12,2,0,0,2352,23,24,0.041666666666666664,98.0,801,2.2,0,0,58,46-60,Very High Income,Recent,6,Store,1,0,General Customers
6818,1974,Graduation,Married,44989.0,0,1,2012-12-09,26,98,0,106,49,10,106,5,5,1,5,6,0,0,369,11,16,0.3125,23.0625,727,2.0,1,1,40,31-45,Mid Income,Recent,5,Web,0,0,Digital Shoppers
7807,1974,Graduation,Married,44989.0,0,1,2012-12-09,26,98,0,106,49,10,106,5,5,1,5,6,0,0,369,11,16,0.3125,23.0625,727,2.0,1,1,40,31-45,Mid Income,Recent,5,Web,0,0,Digital Shoppers
7532,1980,Graduation,Married,43586.0,0,1,2012-08-30,26,99,2,11,4,0,16,3,3,0,4,8,0,0,132,7,10,0.3,13.2,828,2.3,1,1,34,31-45,Mid Income,Recent,5,Store,0,0,Bargain Hunters
8346,1974,Graduation,Single,32233.0,1,0,2012-08-19,26,138,15,35,25,11,72,2,6,2,2,9,1,0,296,10,12,0.16666666666666666,24.666666666666668,839,2.3,1,1,40,31-45,Low Income,Recent,6,Web,0,0,Digital Shoppers
5564,1969,Graduation,Together,62882.0,0,1,2012-09-08,26,509,133,497,78,24,97,2,7,5,6,4,0,0,1338,18,20,0.1,66.9,819,2.2,1,1,45,31-45,High Income,Recent,6,Web,1,0,High-Value Active Catalog/Web
3267,1963,Master,Together,57288.0,0,1,2014-06-25,27,527,0,21,0,0,60,3,8,1,8,6,0,0,608,17,20,0.15,30.4,164,0.4,1,1,51,46-60,High Income,Recent,3,Web,0,0,Digital Shoppers
3091,1981,2n Cycle,Together,75774.0,1,0,2014-02-05,27,340,21,134,258,14,56,1,7,5,8,4,0,0,823,20,21,0.047619047619047616,39.19047619047619,304,0.8,1,1,33,31-45,Very High Income,Recent,6,Store,0,0,Family Customers
762,1981,2n Cycle,Together,75774.0,1,0,2014-02-05,27,340,21,134,258,14,56,1,7,5,8,4,0,0,823,20,21,0.047619047619047616,39.19047619047619,304,0.8,1,1,33,31-45,Very High Income,Recent,6,Store,0,0,Family Customers
8029,1988,Master,Single,90247.0,0,0,2014-04-29,27,1184,32,352,21,16,16,1,3,4,7,1,1,0,1621,14,15,0.06666666666666667,108.06666666666666,221,0.6,0,0,26,18-30,Very High Income,Recent,6,Store,1,0,General Customers
4376,1960,2n Cycle,Single,32218.0,0,0,2014-02-15,27,10,24,15,13,1,30,1,2,1,3,7,1,0,93,6,7,0.14285714285714285,13.285714285714286,294,0.8,0,0,54,46-60,Low Income,Recent,6,Store,0,0,General Customers
10981,1988,Graduation,Married,84219.0,0,0,2014-02-02,27,434,137,400,45,137,45,1,3,4,10,1,0,0,1198,17,18,0.05555555555555555,66.55555555555556,307,0.8,0,0,26,18-30,Very High Income,Recent,6,Store,1,0,General Customers
486,1988,Graduation,Married,84219.0,0,0,2014-02-02,27,434,137,400,45,137,45,1,3,4,10,1,0,0,1198,17,18,0.05555555555555555,66.55555555555556,307,0.8,0,0,26,18-30,Very High Income,Recent,6,Store,1,0,General Customers
1158,1966,Graduation,Divorced,48877.0,0,1,2014-05-01,27,102,1,15,2,0,24,1,3,0,4,7,0,0,144,7,8,0.125,18.0,219,0.6,1,1,48,46-60,Mid Income,Recent,5,Store,0,0,Family Customers
9119,1950,Graduation,Together,60905.0,0,1,2013-05-12,27,208,17,76,36,17,38,2,3,3,7,2,0,0,392,13,15,0.13333333333333333,26.133333333333333,573,1.6,1,1,64,60+,High Income,Recent,6,Store,0,0,Family Customers
6694,1964,Graduation,Married,75236.0,0,1,2013-11-25,27,438,66,400,12,38,114,1,8,3,13,4,0,0,1068,24,25,0.04,42.72,376,1.0,1,1,50,46-60,Very High Income,Recent,6,Store,1,0,Family Customers
10573,1953,Graduation,Divorced,62551.0,0,0,2013-11-18,27,125,16,98,134,21,27,1,6,7,4,3,0,0,421,17,18,0.05555555555555555,23.38888888888889,383,1.0,0,0,61,60+,High Income,Recent,6,Catalog,0,0,Catalog Shoppers
10140,1983,PhD,Together,70123.0,0,0,2013-09-28,27,1308,0,396,23,0,0,1,5,7,4,3,0,0,1727,16,17,0.058823529411764705,101.58823529411765,434,1.2,0,0,31,31-45,Very High Income,Recent,3,Catalog,1,0,High-Value Active Catalog/Web
2286,1962,Graduation,Single,50785.0,1,1,2013-10-09,27,64,1,21,0,1,27,2,2,1,3,6,0,0,114,6,8,0.25,14.25,423,1.2,2,1,52,46-60,Mid Income,Recent,5,Store,0,0,Bargain Hunters
8420,1970,2n Cycle,Married,15315.0,0,0,2013-03-08,27,7,4,13,15,8,17,2,2,0,4,5,0,0,64,6,8,0.25,8.0,638,1.7,0,0,44,31-45,Low Income,Recent,6,Store,0,0,Bargain Hunters
10065,1970,2n Cycle,Married,15315.0,0,0,2013-03-08,27,7,4,13,15,8,17,2,2,0,4,5,0,0,64,6,8,0.25,8.0,638,1.7,0,0,44,31-45,Low Income,Recent,6,Store,0,0,Bargain Hunters
1029,1970,PhD,Together,64413.0,0,1,2013-01-08,27,200,5,44,0,10,20,1,5,1,5,5,0,0,279,11,12,0.08333333333333333,23.25,697,1.9,1,1,44,31-45,High Income,Recent,5,Web,0,0,Digital Shoppers
4207,1981,PhD,Married,87171.0,0,0,2013-01-05,27,1001,44,107,58,44,44,1,6,7,11,2,0,0,1298,24,25,0.04,51.92,700,1.9,0,0,33,31-45,Very High Income,Recent,6,Store,1,0,General Customers
10277,1961,Graduation,Single,30081.0,0,1,2013-02-21,27,36,0,2,0,0,4,1,1,0,3,7,0,0,42,4,5,0.2,8.4,653,1.8,1,1,53,46-60,Low Income,Recent,3,Store,0,0,Family Customers
4436,1976,Graduation,Single,20180.0,0,0,2013-02-20,27,18,42,24,15,20,18,1,2,1,4,7,0,0,137,7,8,0.125,17.125,654,1.8,0,0,38,31-45,Low Income,Recent,6,Store,0,0,General Customers
2929,1976,Graduation,Single,20180.0,0,0,2013-02-20,27,18,42,24,15,20,18,1,2,1,4,7,0,0,137,7,8,0.125,17.125,654,1.8,0,0,38,31-45,Low Income,Recent,6,Store,0,0,General Customers
6281,1966,Graduation,Divorced,55686.0,0,1,2013-02-14,27,673,0,199,37,47,26,2,6,3,5,4,0,0,982,14,16,0.125,61.375,660,1.8,1,1,48,46-60,High Income,Recent,5,Web,0,0,Digital Shoppers
10390,1959,2n Cycle,Married,26887.0,0,1,2013-10-02,27,6,7,4,3,4,6,1,1,0,3,6,0,0,30,4,5,0.2,6.0,430,1.2,1,1,55,46-60,Low Income,Recent,6,Store,0,0,Family Customers
2574,1977,PhD,Married,61996.0,0,1,2013-01-31,27,1050,12,144,0,0,24,3,6,4,8,5,1,0,1230,18,21,0.14285714285714285,58.57142857142857,674,1.8,1,1,37,31-45,High Income,Recent,4,Store,1,0,Family Customers
709,1952,Graduation,Divorced,51537.0,0,1,2012-09-12,27,787,20,204,0,0,92,3,2,2,11,8,0,0,1103,15,18,0.16666666666666666,61.27777777777778,815,2.2,1,1,62,60+,High Income,Recent,4,Store,1,0,Family Customers
5955,1962,Graduation,Together,72025.0,0,0,2012-11-17,27,833,33,549,151,133,233,1,4,3,8,3,0,0,1932,15,16,0.0625,120.75,749,2.1,0,0,52,46-60,Very High Income,Recent,6,Store,1,0,General Customers
8486,1971,Master,Together,30538.0,1,0,2012-01-10,27,284,0,52,8,3,20,4,9,0,4,10,0,0,367,13,17,0.23529411764705882,21.58823529411765,1061,2.9,1,1,43,31-45,Low Income,Recent,5,Web,0,0,Digital Shoppers
10343,1991,2n Cycle,Single,61618.0,0,0,2012-09-29,27,605,91,399,0,45,205,2,3,6,8,3,0,0,1345,17,19,0.10526315789473684,70.78947368421052,798,2.2,0,0,23,18-30,High Income,Recent,5,Store,1,0,General Customers
6652,1965,Graduation,Married,77343.0,0,0,2014-09-06,28,227,151,573,98,54,31,1,3,4,9,1,0,0,1134,16,17,0.058823529411764705,66.70588235294117,91,0.2,0,0,49,46-60,Very High Income,Recent,6,Store,1,0,General Customers
8746,1989,Graduation,Married,75433.0,1,0,2014-05-04,28,800,0,297,0,34,57,2,2,5,10,6,0,0,1188,17,19,0.10526315789473684,62.526315789473685,216,0.6,1,1,25,18-30,Very High Income,Recent,4,Store,1,0,Family Customers
4686,1962,PhD,Widow,82571.0,0,0,2014-02-04,28,861,31,558,62,95,79,0,6,5,13,2,0,0,1686,24,24,0.0,70.25,305,0.8,0,0,52,46-60,Very High Income,Recent,6,Store,1,0,General Customers
3551,1954,Master,Together,60033.0,0,1,2014-03-29,28,62,1,57,19,11,48,2,2,1,5,2,0,0,198,8,10,0.2,19.8,252,0.7,1,1,60,46-60,High Income,Recent,6,Store,0,0,Family Customers
4338,1983,Graduation,Single,39062.0,1,0,2014-03-25,28,23,0,9,0,0,12,1,1,0,3,4,0,0,44,4,5,0.2,8.8,256,0.7,1,1,31,31-45,Mid Income,Recent,3,Store,0,0,Family Customers
4444,1972,Graduation,Married,30023.0,1,0,2014-03-24,28,11,0,16,7,6,21,1,2,0,3,8,0,0,61,5,6,0.16666666666666666,10.166666666666666,257,0.7,1,1,42,31-45,Low Income,Recent,5,Store,0,0,Family Customers
498,1970,Graduation,Single,30015.0,1,0,2014-02-02,28,25,0,22,2,3,5,2,1,0,4,5,0,0,57,5,7,0.2857142857142857,8.142857142857142,307,0.8,1,1,44,31-45,Low Income,Recent,5,Store,0,0,Bargain Hunters
8230,1980,Graduation,Married,33228.0,1,0,2014-01-23,28,22,2,31,7,4,5,1,2,0,3,7,0,0,71,5,6,0.16666666666666666,11.833333333333334,317,0.9,1,1,34,31-45,Low Income,Recent,6,Store,0,0,Family Customers
2826,1967,Graduation,Married,22574.0,2,1,2013-10-28,28,25,0,8,2,0,2,2,2,0,3,7,0,0,37,5,7,0.2857142857142857,5.285714285714286,404,1.1,3,1,47,46-60,Low Income,Recent,4,Store,0,0,Bargain Hunters
6222,1967,Graduation,Married,22574.0,2,1,2013-10-28,28,25,0,8,2,0,2,2,2,0,3,7,0,0,37,5,7,0.2857142857142857,5.285714285714286,404,1.1,3,1,47,46-60,Low Income,Recent,4,Store,0,0,Bargain Hunters
7352,1957,Graduation,Married,55267.0,0,1,2013-10-21,28,161,28,136,32,3,45,4,3,4,6,3,0,0,405,13,17,0.23529411764705882,23.823529411764707,411,1.1,1,1,57,46-60,High Income,Recent,6,Store,0,0,Family Customers
10928,1958,Graduation,Together,66886.0,0,1,2013-09-16,28,315,4,62,41,31,146,2,7,1,7,5,0,0,599,15,17,0.11764705882352941,35.23529411764706,446,1.2,1,1,56,46-60,High Income,Recent,6,Web,0,0,Digital Shoppers
10736,1971,Graduation,Single,72258.0,0,1,2013-12-09,28,522,0,522,227,120,134,2,6,9,5,2,0,0,1525,20,22,0.09090909090909091,69.31818181818181,362,1.0,1,1,43,31-45,Very High Income,Recent,5,Catalog,1,0,High-Value Active Catalog/Web
10163,1984,PhD,Single,82733.0,0,0,2013-10-09,28,712,50,420,65,38,38,1,8,4,7,4,1,0,1323,19,20,0.05,66.15,423,1.2,0,0,30,18-30,Very High Income,Recent,6,Web,1,0,High-Value Active Catalog/Web
6168,1963,Graduation,Divorced,45146.0,1,1,2013-07-15,28,33,0,5,0,0,15,2,1,1,2,4,0,0,53,4,6,0.3333333333333333,8.833333333333334,509,1.4,2,1,51,46-60,Mid Income,Recent,3,Store,0,0,Bargain Hunters
4656,1990,2n Cycle,Single,51250.0,1,0,2013-03-30,28,342,32,230,34,32,40,5,10,5,4,9,0,0,710,19,24,0.20833333333333334,29.583333333333332,616,1.7,1,1,24,18-30,Mid Income,Recent,6,Web,0,0,Digital Shoppers
626,1951,Graduation,Married,32871.0,1,1,2013-09-03,28,22,2,12,0,2,5,1,1,0,3,4,0,0,43,4,5,0.2,8.6,459,1.3,2,1,63,60+,Low Income,Recent,5,Store,0,0,Family Customers
3870,1978,2n Cycle,Together,63855.0,0,0,2013-09-02,28,359,35,314,93,116,89,1,7,3,13,4,0,0,1006,23,24,0.041666666666666664,41.916666666666664,460,1.3,0,0,36,31-45,High Income,Recent,6,Store,0,0,General Customers
6299,1968,PhD,Divorced,42564.0,0,1,2013-02-01,28,324,48,186,39,18,198,6,6,8,4,7,1,0,813,18,24,0.25,33.875,673,1.8,1,1,46,46-60,Mid Income,Recent,6,Catalog,0,0,Catalog Shoppers
7798,1972,2n Cycle,Together,46344.0,0,1,2012-12-14,28,233,20,57,8,20,91,4,7,1,5,7,0,0,429,13,17,0.23529411764705882,25.235294117647058,722,2.0,1,1,42,31-45,Mid Income,Recent,6,Web,0,0,Digital Shoppers
9973,1963,Graduation,Married,50437.0,0,2,2012-10-17,28,370,9,92,6,9,4,3,7,1,8,7,0,0,490,16,19,0.15789473684210525,25.789473684210527,780,2.1,2,1,51,46-60,Mid Income,Recent,6,Store,0,0,Family Customers
4299,1960,Graduation,Together,70971.0,0,1,2012-09-21,28,1001,17,572,93,125,17,7,11,11,5,7,1,0,1825,27,34,0.20588235294117646,53.6764705882353,806,2.2,1,1,54,46-60,Very High Income,Recent,6,Web,1,0,High-Value Active Catalog/Web
10971,1977,Graduation,Single,37774.0,2,0,2012-03-09,28,173,8,107,7,2,176,4,7,2,3,9,1,1,473,12,16,0.25,29.5625,1002,2.7,2,1,37,31-45,Mid Income,Recent,6,Web,0,0,Digital Shoppers
9931,1963,PhD,Married,4023.0,1,1,2014-06-23,29,5,0,1,1,1,1,15,0,0,0,19,0,0,9,0,15,1.0,0.6,166,0.5,2,1,51,46-60,Low Income,Recent,5,No Channel Purchase,0,0,Bargain Hunters
6679,1966,Graduation,Single,33279.0,0,0,2014-12-06,29,10,3,3,0,0,0,1,0,0,3,3,0,0,16,3,4,0.25,4.0,0,0.0,0,0,48,46-60,Low Income,Recent,3,Store,0,0,Bargain Hunters
5961,1978,Graduation,Married,42693.0,1,0,2014-07-06,29,8,4,20,6,3,16,1,1,0,3,5,0,0,57,4,5,0.2,11.4,153,0.4,1,1,36,31-45,Mid Income,Recent,6,Store,0,0,Family Customers
6255,1952,Master,Together,70545.0,0,1,2014-03-06,29,138,39,63,55,18,21,1,4,1,7,2,0,0,334,12,13,0.07692307692307693,25.692307692307693,275,0.8,1,1,62,60+,Very High Income,Recent,6,Store,0,0,Family Customers
8614,1957,Graduation,Widow,65486.0,0,1,2014-12-05,29,245,19,125,37,67,14,1,4,2,10,2,0,0,507,16,17,0.058823529411764705,29.823529411764707,1,0.0,1,1,57,46-60,High Income,Recent,6,Store,0,0,Family Customers
7828,1981,Master,Together,77882.0,0,0,2014-04-30,29,68,129,396,188,22,15,1,3,3,5,1,0,0,818,11,12,0.08333333333333333,68.16666666666667,220,0.6,0,0,33,31-45,Very High Income,Recent,6,Store,0,0,General Customers
1277,1960,Graduation,Together,78468.0,0,0,2014-09-04,29,434,22,388,104,22,34,1,10,7,10,4,0,0,1004,27,28,0.03571428571428571,35.857142857142854,93,0.3,0,0,54,46-60,Very High Income,Recent,6,Web,0,0,Digital Shoppers
3595,1963,Graduation,Together,77226.0,0,1,2014-02-28,29,631,43,239,128,76,21,2,6,8,12,3,0,0,1138,26,28,0.07142857142857142,40.642857142857146,281,0.8,1,1,51,46-60,Very High Income,Recent,6,Store,1,0,Family Customers
5735,1991,Master,Single,90638.0,0,0,2014-02-13,29,1156,120,915,94,144,96,1,3,4,10,1,0,0,2525,17,18,0.05555555555555555,140.27777777777777,296,0.8,0,0,23,18-30,Very High Income,Recent,6,Store,1,0,General Customers
5350,1991,Master,Single,90638.0,0,0,2014-02-13,29,1156,120,915,94,144,96,1,3,4,10,1,1,0,2525,17,18,0.05555555555555555,140.27777777777777,296,0.8,0,0,23,18-30,Very High Income,Recent,6,Store,1,0,General Customers
4137,1948,Graduation,Together,70666.0,0,0,2013-06-12,29,398,40,367,119,122,30,1,7,4,4,4,0,0,1076,15,16,0.0625,67.25,542,1.5,0,0,66,60+,Very High Income,Recent,6,Web,1,0,High-Value Active Catalog/Web
6357,1959,2n Cycle,Divorced,59052.0,0,1,2013-11-17,29,230,35,75,63,57,31,3,7,1,7,5,0,0,491,15,18,0.16666666666666666,27.27777777777778,384,1.1,1,1,55,46-60,High Income,Recent,6,Web,0,0,Digital Shoppers
9316,1952,Basic,Together,13084.0,0,0,2013-02-11,29,2,0,7,3,7,10,1,1,0,3,6,0,0,29,4,5,0.2,5.8,663,1.8,0,0,62,60+,Low Income,Recent,5,Store,0,0,General Customers
3578,1949,Graduation,Divorced,49160.0,0,1,2013-10-20,29,122,21,43,25,10,15,2,3,1,6,6,0,0,236,10,12,0.16666666666666666,19.666666666666668,412,1.1,1,1,65,60+,Mid Income,Recent,6,Store,0,0,Family Customers
153,1953,Graduation,Divorced,23272.0,0,0,2013-10-17,29,19,3,6,4,2,12,1,1,0,3,4,0,0,46,4,5,0.2,9.2,415,1.1,0,0,61,60+,Low Income,Recent,6,Store,0,0,General Customers
10524,1963,Master,Divorced,49476.0,0,1,2013-06-20,29,386,23,95,54,41,196,4,2,11,5,2,0,0,795,18,22,0.18181818181818182,36.13636363636363,534,1.5,1,1,51,46-60,Mid Income,Recent,6,Catalog,0,0,Catalog Shoppers
1518,1965,Master,Married,62694.0,1,1,2013-06-17,29,379,6,157,25,91,91,5,9,3,7,7,0,0,749,19,24,0.20833333333333334,31.208333333333332,537,1.5,2,1,49,46-60,High Income,Recent,6,Web,0,0,Digital Shoppers
2036,1973,PhD,Together,57906.0,0,1,2013-11-06,29,243,11,119,10,3,15,3,4,2,8,4,0,0,401,14,17,0.17647058823529413,23.58823529411765,395,1.1,1,1,41,31-45,High Income,Recent,6,Store,0,0,Family Customers
9495,1982,Graduation,Together,71853.0,0,0,2013-08-05,29,358,108,413,141,97,32,1,2,8,6,1,0,0,1149,16,17,0.058823529411764705,67.58823529411765,488,1.3,0,0,32,31-45,Very High Income,Recent,6,Catalog,1,0,High-Value Active Catalog/Web
2631,1982,Graduation,Together,71853.0,0,0,2013-08-05,29,358,108,413,141,97,32,1,2,8,6,1,0,0,1149,16,17,0.058823529411764705,67.58823529411765,488,1.3,0,0,32,31-45,Very High Income,Recent,6,Catalog,1,0,High-Value Active Catalog/Web
6312,1959,Graduation,Married,65031.0,0,1,2013-03-17,29,258,107,291,84,37,86,4,10,3,13,7,0,0,863,26,30,0.13333333333333333,28.766666666666666,629,1.7,1,1,55,46-60,High Income,Recent,6,Store,0,0,Family Customers
615,1960,Graduation,Together,30507.0,0,0,2013-11-03,29,65,36,74,38,20,110,1,5,1,4,7,0,0,343,10,11,0.09090909090909091,31.181818181818183,398,1.1,0,0,54,46-60,Low Income,Recent,6,Web,0,0,Digital Shoppers
4406,1970,Graduation,Together,67419.0,0,1,2013-01-16,29,846,84,352,91,56,42,4,9,4,8,5,0,0,1471,21,25,0.16,58.84,689,1.9,1,1,44,31-45,High Income,Recent,6,Web,1,0,High-Value Active Catalog/Web
10061,1950,Graduation,Married,59462.0,0,1,2013-05-01,29,724,17,143,0,8,196,2,9,2,12,7,0,0,1088,23,25,0.08,43.52,584,1.6,1,1,64,60+,High Income,Recent,5,Store,1,0,Family Customers
10619,1994,Graduation,Single,95529.0,0,0,2012-03-12,29,770,29,890,250,27,24,1,7,3,7,3,1,0,1990,17,18,0.05555555555555555,110.55555555555556,999,2.7,0,0,20,18-30,Very High Income,Recent,6,Web,1,0,High-Value Active Catalog/Web
4945,1953,Graduation,Widow,53653.0,0,0,2012-07-11,29,815,10,239,28,10,108,2,10,4,12,6,0,0,1210,26,28,0.07142857142857142,43.214285714285715,878,2.4,0,0,61,60+,High Income,Recent,6,Store,1,0,General Customers
1777,1980,Basic,Married,25965.0,0,0,2012-07-09,29,2,2,11,41,7,11,1,2,0,3,8,0,0,74,5,6,0.16666666666666666,12.333333333333334,880,2.4,0,0,34,31-45,Low Income,Recent,6,Store,0,0,General Customers
4023,1970,Graduation,Married,22979.0,1,0,2012-06-09,29,16,17,19,20,21,22,3,3,2,2,8,1,0,115,7,10,0.3,11.5,910,2.5,1,1,44,31-45,Low Income,Recent,6,Web,0,0,Digital Shoppers
7922,1951,PhD,Single,64950.0,0,1,2012-12-08,29,819,0,72,12,0,63,2,11,2,10,7,0,0,966,23,25,0.08,38.64,728,2.0,1,1,63,60+,High Income,Recent,4,Web,0,0,Digital Shoppers
10699,1985,Graduation,Married,44322.0,1,0,2014-06-16,30,46,0,40,3,0,3,2,3,0,3,8,0,0,92,6,8,0.25,11.5,173,0.5,1,1,29,18-30,Mid Income,Recent,4,Web,0,0,Digital Shoppers
7516,1983,Graduation,Married,30096.0,1,0,2014-05-22,30,5,3,11,12,5,9,1,2,0,3,6,0,0,45,5,6,0.16666666666666666,7.5,198,0.5,1,1,31,31-45,Low Income,Recent,6,Store,0,0,Family Customers
3129,1983,Graduation,Married,30096.0,1,0,2014-05-22,30,5,3,11,12,5,9,1,2,0,3,6,0,0,45,5,6,0.16666666666666666,7.5,198,0.5,1,1,31,31-45,Low Income,Recent,6,Store,0,0,Family Customers
5121,1977,Graduation,Single,56628.0,0,1,2014-03-21,30,479,5,82,7,17,171,2,7,6,5,5,0,0,761,18,20,0.1,38.05,260,0.7,1,1,37,31-45,High Income,Recent,6,Web,0,0,Digital Shoppers
2186,1977,2n Cycle,Together,82326.0,0,0,2014-10-03,30,938,142,754,159,81,183,1,5,10,6,2,1,0,2257,21,22,0.045454545454545456,102.5909090909091,64,0.2,0,0,37,31-45,Very High Income,Recent,6,Catalog,1,0,High-Value Active Catalog/Web
10548,1995,Graduation,Single,71163.0,0,0,2014-09-03,30,283,17,372,138,106,44,1,3,8,12,1,0,0,960,23,24,0.041666666666666664,40.0,94,0.3,0,0,19,18-30,Very High Income,Recent,6,Store,0,0,General Customers
6384,1978,Graduation,Divorced,71022.0,0,1,2014-11-02,30,909,12,278,0,12,242,3,5,2,11,8,0,0,1453,18,21,0.14285714285714285,69.19047619047619,34,0.1,1,1,36,31-45,Very High Income,Recent,5,Store,1,0,Family Customers
2625,1954,2n Cycle,Single,42607.0,0,1,2013-11-17,30,156,29,56,30,32,47,2,3,2,7,3,0,0,350,12,14,0.14285714285714285,25.0,384,1.1,1,1,60,46-60,Mid Income,Recent,6,Store,0,0,Family Customers
1676,1975,Graduation,Married,43057.0,0,1,2013-10-30,30,213,2,44,0,2,5,4,4,2,5,5,0,0,266,11,15,0.26666666666666666,17.733333333333334,402,1.1,1,1,39,31-45,Mid Income,Recent,5,Store,0,0,Bargain Hunters
5534,1975,Master,Married,47808.0,0,1,2013-10-20,30,123,1,26,2,0,72,2,3,2,3,7,0,0,224,8,10,0.2,22.4,412,1.1,1,1,39,31-45,Mid Income,Recent,5,Web,0,0,Digital Shoppers
6859,1987,Graduation,Single,29236.0,1,0,2013-08-10,30,37,4,24,16,9,9,2,4,0,3,9,0,0,99,7,9,0.2222222222222222,11.0,483,1.3,1,1,27,18-30,Low Income,Recent,6,Web,0,0,Digital Shoppers
271,1969,Graduation,Widow,40590.0,1,1,2013-02-10,30,154,0,50,6,11,37,5,3,4,3,6,0,0,258,10,15,0.3333333333333333,17.2,664,1.8,2,1,45,31-45,Mid Income,Recent,5,Catalog,0,0,Catalog Shoppers
7699,1969,Graduation,Widow,40590.0,1,1,2013-02-10,30,154,0,50,6,11,37,5,3,4,3,6,0,0,258,10,15,0.3333333333333333,17.2,664,1.8,2,1,45,31-45,Mid Income,Recent,5,Catalog,0,0,Catalog Shoppers
7832,1959,Master,Married,77520.0,0,1,2013-08-28,30,940,44,396,0,88,58,1,8,7,7,4,1,0,1526,22,23,0.043478260869565216,66.34782608695652,465,1.3,1,1,55,46-60,Very High Income,Recent,5,Web,1,0,High-Value Active Catalog/Web
938,1981,Graduation,Married,40211.0,1,1,2013-07-30,30,51,1,7,2,1,25,2,2,1,2,8,0,0,87,5,7,0.2857142857142857,12.428571428571429,494,1.4,2,1,33,31-45,Mid Income,Recent,6,Web,0,0,Digital Shoppers
7873,1973,PhD,Together,63516.0,1,1,2013-06-07,30,141,11,114,15,14,5,4,4,1,7,5,0,0,300,12,16,0.25,18.75,547,1.5,2,1,41,31-45,High Income,Recent,6,Store,0,0,Bargain Hunters
9967,1974,Graduation,Divorced,53034.0,1,1,2013-05-30,30,160,15,196,15,11,50,8,6,1,7,8,0,0,447,14,22,0.36363636363636365,20.318181818181817,555,1.5,2,1,40,31-45,High Income,Recent,6,Store,0,0,Bargain Hunters
1087,1975,Master,Together,22669.0,1,0,2013-05-22,30,16,14,36,37,22,48,3,4,1,2,9,1,0,173,7,10,0.3,17.3,563,1.5,1,1,39,31-45,Low Income,Recent,6,Web,0,0,Digital Shoppers
8314,1982,Graduation,Married,79908.0,0,0,2013-05-04,30,557,129,761,29,185,111,1,5,6,7,2,0,0,1772,18,19,0.05263157894736842,93.26315789473684,581,1.6,0,0,32,31-45,Very High Income,Recent,6,Store,1,0,General Customers
3762,1986,PhD,Single,69867.0,0,0,2013-02-04,30,196,0,512,33,130,54,1,3,5,8,1,1,0,925,16,17,0.058823529411764705,54.411764705882355,670,1.8,0,0,28,18-30,Very High Income,Recent,5,Store,0,0,General Customers
10383,1966,Graduation,Divorced,70287.0,0,0,2013-02-04,30,295,35,482,121,120,40,1,5,5,10,3,1,0,1093,20,21,0.047619047619047616,52.04761904761905,670,1.8,0,0,48,46-60,Very High Income,Recent,6,Store,1,0,General Customers
6798,1966,Graduation,Single,37070.0,1,1,2013-03-20,30,231,7,137,4,15,39,9,5,1,8,7,1,0,433,14,23,0.391304347826087,18.82608695652174,626,1.7,2,1,48,46-60,Mid Income,Recent,6,Store,0,0,Bargain Hunters
4168,1966,Graduation,Single,37070.0,1,1,2013-03-20,30,231,7,137,4,15,39,9,5,1,8,7,1,0,433,14,23,0.391304347826087,18.82608695652174,626,1.7,2,1,48,46-60,Mid Income,Recent,6,Store,0,0,Bargain Hunters
6690,1966,Master,Married,38179.0,1,1,2013-03-14,30,38,4,22,4,2,20,4,3,1,3,7,0,0,90,7,11,0.36363636363636365,8.181818181818182,632,1.7,2,1,48,46-60,Mid Income,Recent,6,Web,0,0,Digital Shoppers
10602,1983,Graduation,Married,39922.0,1,0,2013-02-14,30,29,12,59,19,1,36,2,3,0,4,8,0,0,156,7,9,0.2222222222222222,17.333333333333332,660,1.8,1,1,31,31-45,Mid Income,Recent,6,Store,0,0,Family Customers
3220,1983,Graduation,Married,39922.0,1,0,2013-02-14,30,29,12,59,19,1,36,2,3,0,4,8,0,0,156,7,9,0.2222222222222222,17.333333333333332,660,1.8,1,1,31,31-45,Mid Income,Recent,6,Store,0,0,Family Customers
5424,1983,Graduation,Married,39922.0,1,0,2013-02-14,30,29,12,59,19,1,36,2,3,0,4,8,0,0,156,7,9,0.2222222222222222,17.333333333333332,660,1.8,1,1,31,31-45,Mid Income,Recent,6,Store,0,0,Family Customers
7488,1963,Master,Single,64191.0,0,1,2013-01-22,30,420,15,186,151,38,15,3,5,3,13,3,0,0,825,21,24,0.125,34.375,683,1.9,1,1,51,46-60,High Income,Recent,6,Store,0,0,Family Customers
5289,1975,2n Cycle,Single,41658.0,1,1,2012-09-11,30,8,4,12,15,4,29,2,1,1,2,4,0,0,72,4,6,0.3333333333333333,12.0,816,2.2,2,1,39,31-45,Mid Income,Recent,6,Store,0,0,Bargain Hunters
347,1976,Graduation,Divorced,40780.0,0,1,2012-08-09,30,229,27,71,13,3,34,4,7,1,5,9,0,0,377,13,17,0.23529411764705882,22.176470588235293,849,2.3,1,1,38,31-45,Mid Income,Recent,6,Web,0,0,Digital Shoppers
5236,1979,Graduation,Together,77568.0,0,1,2012-08-25,30,1230,0,396,232,178,158,1,10,2,8,5,0,0,2194,20,21,0.047619047619047616,104.47619047619048,833,2.3,1,1,35,31-45,Very High Income,Recent,5,Web,1,0,High-Value Active Catalog/Web
9478,1985,Graduation,Single,66503.0,1,0,2012-08-14,30,91,64,128,65,3,50,2,4,3,6,3,0,0,401,13,15,0.13333333333333333,26.733333333333334,844,2.3,1,1,29,18-30,High Income,Recent,6,Store,0,0,Family Customers
477,1986,Graduation,Married,83512.0,0,0,2014-06-17,31,1060,61,835,80,20,101,1,4,7,10,1,1,0,2157,21,22,0.045454545454545456,98.04545454545455,172,0.5,0,0,28,18-30,Very High Income,Warm,6,Store,1,0,General Customers
7411,1964,PhD,Married,31686.0,1,1,2014-05-06,31,11,0,5,0,0,1,2,1,0,3,6,0,0,17,4,6,0.3333333333333333,2.8333333333333335,214,0.6,2,1,50,46-60,Low Income,Warm,3,Store,0,0,Bargain Hunters
3107,1976,Graduation,Together,71322.0,0,1,2014-02-05,31,121,24,124,24,15,42,1,4,1,7,2,0,0,350,12,13,0.07692307692307693,26.923076923076923,304,0.8,1,1,38,31-45,Very High Income,Warm,6,Store,0,0,Family Customers
7437,1988,Graduation,Single,27938.0,1,0,2014-04-28,31,13,0,8,2,1,5,1,1,0,4,3,0,0,29,5,6,0.16666666666666666,4.833333333333333,222,0.6,1,1,26,18-30,Low Income,Warm,5,Store,0,0,Family Customers
255,1951,Graduation,Divorced,22263.0,1,1,2014-03-30,31,17,0,2,0,0,2,2,1,0,3,6,0,1,21,4,6,0.3333333333333333,3.5,251,0.7,2,1,63,60+,Low Income,Warm,3,Store,0,0,Bargain Hunters
3790,1956,Graduation,Together,34633.0,2,1,2014-01-23,31,8,1,5,0,0,1,1,1,0,2,6,0,0,15,3,4,0.25,3.75,317,0.9,3,1,58,46-60,Low Income,Warm,4,Store,0,0,Bargain Hunters
749,1981,Graduation,Together,42162.0,1,0,2013-11-19,31,46,7,59,2,4,27,2,3,1,3,6,1,0,145,7,9,0.2222222222222222,16.11111111111111,382,1.0,1,1,33,31-45,Mid Income,Warm,6,Web,0,0,Digital Shoppers
1503,1976,PhD,Together,162397.0,1,1,2013-03-06,31,85,1,16,2,1,2,0,0,0,1,1,0,0,107,1,1,0.0,107.0,640,1.8,2,1,38,31-45,Very High Income,Warm,6,Store,0,0,Family Customers
8650,1978,Graduation,Widow,54162.0,1,1,2013-03-18,31,5,6,10,6,5,10,1,1,0,3,4,0,0,42,4,5,0.2,8.4,628,1.7,2,1,36,31-45,High Income,Warm,6,Store,0,0,Family Customers
607,1955,2n Cycle,Divorced,41769.0,0,1,2013-02-13,31,302,29,131,32,0,27,6,8,1,7,8,0,0,521,16,22,0.2727272727272727,23.681818181818183,661,1.8,1,1,59,46-60,Mid Income,Warm,5,Web,0,0,Digital Shoppers
1008,1981,PhD,Together,44953.0,0,0,2012-12-21,31,728,17,133,11,8,124,1,7,3,13,6,0,0,1021,23,24,0.041666666666666664,42.541666666666664,715,2.0,0,0,33,31-45,Mid Income,Warm,6,Store,0,0,General Customers
9396,1978,PhD,Married,37717.0,1,0,2012-11-23,31,9,0,6,4,1,5,1,1,0,2,9,0,0,25,3,4,0.25,6.25,743,2.0,1,1,36,31-45,Mid Income,Warm,5,Store,0,0,Bargain Hunters
933,1978,PhD,Married,37717.0,1,0,2012-11-23,31,9,0,6,4,1,5,1,1,0,2,9,0,0,25,3,4,0.25,6.25,743,2.0,1,1,36,31-45,Mid Income,Warm,5,Store,0,0,Bargain Hunters
5710,1970,Graduation,Together,40548.0,0,1,2012-10-10,31,110,0,5,2,0,3,2,2,1,4,5,0,0,120,7,9,0.2222222222222222,13.333333333333334,787,2.2,1,1,44,31-45,Mid Income,Warm,4,Store,0,0,Family Customers
2882,1975,2n Cycle,Divorced,67893.0,0,1,2012-01-10,31,711,28,142,49,18,47,2,3,2,9,8,0,0,995,14,16,0.125,62.1875,1061,2.9,1,1,39,31-45,High Income,Warm,6,Store,0,0,Family Customers
2379,1953,Graduation,Single,69267.0,0,0,2012-09-22,31,778,44,499,95,73,146,2,3,4,5,7,1,0,1635,12,14,0.14285714285714285,116.78571428571429,805,2.2,0,0,61,60+,Very High Income,Warm,6,Store,1,0,General Customers
5342,1976,Basic,Divorced,9548.0,1,0,2012-08-08,31,0,1,3,10,6,9,2,1,0,3,8,0,0,29,4,6,0.3333333333333333,4.833333333333333,850,2.3,1,1,38,31-45,Low Income,Warm,5,Store,0,0,Bargain Hunters
3262,1958,Graduation,Single,68281.0,0,0,2012-07-08,31,995,112,417,42,48,41,1,2,9,13,5,1,0,1655,24,25,0.04,66.2,881,2.4,0,0,56,46-60,High Income,Warm,6,Store,1,0,General Customers
5832,1960,2n Cycle,Together,92556.0,0,0,2014-04-20,32,493,183,352,184,23,28,0,3,5,13,0,0,0,1263,21,21,0.0,60.142857142857146,230,0.6,0,0,54,46-60,Very High Income,Warm,6,Store,1,0,General Customers
5025,1979,Graduation,Single,48526.0,1,0,2013-12-24,32,23,17,23,43,20,9,1,2,1,4,3,0,0,135,7,8,0.125,16.875,347,1.0,1,1,35,31-45,Mid Income,Warm,6,Store,0,0,Family Customers
569,1991,Graduation,Single,90273.0,0,0,2013-12-14,32,704,129,853,120,74,111,1,5,6,7,2,1,0,1991,18,19,0.05263157894736842,104.78947368421052,357,1.0,0,0,23,18-30,Very High Income,Warm,6,Store,1,0,General Customers
3102,1981,2n Cycle,Together,19414.0,1,0,2013-10-16,32,2,3,12,3,5,7,1,1,0,3,8,0,0,32,4,5,0.2,6.4,416,1.1,1,1,33,31-45,Low Income,Warm,6,Store,0,0,Family Customers
9449,1958,PhD,Single,79761.0,0,1,2013-04-10,32,415,5,124,15,35,11,1,5,2,11,3,0,0,605,18,19,0.05263157894736842,31.842105263157894,605,1.7,1,1,56,46-60,Very High Income,Warm,6,Store,0,0,Family Customers
8104,1951,PhD,Married,53312.0,0,0,2013-09-08,32,241,0,12,0,0,25,1,5,1,5,7,0,0,278,11,12,0.08333333333333333,23.166666666666668,454,1.2,0,0,63,60+,High Income,Warm,3,Web,0,0,Digital Shoppers
75,1982,2n Cycle,Together,41039.0,0,0,2013-07-25,32,34,11,137,179,61,45,1,8,1,5,8,0,0,467,14,15,0.06666666666666667,31.133333333333333,499,1.4,0,0,32,31-45,Mid Income,Warm,6,Web,0,0,Digital Shoppers
6421,1961,Graduation,Together,88347.0,0,0,2013-03-07,32,1050,178,555,77,138,118,1,4,7,9,1,0,0,2116,20,21,0.047619047619047616,100.76190476190476,639,1.8,0,0,53,46-60,Very High Income,Warm,6,Store,1,0,General Customers
3037,1983,PhD,Married,50150.0,0,0,2013-06-20,32,135,46,92,65,61,11,2,5,2,7,5,0,0,410,14,16,0.125,25.625,534,1.5,0,0,31,31-45,Mid Income,Warm,6,Store,0,0,General Customers
4698,1983,PhD,Married,50150.0,0,0,2013-06-20,32,135,46,92,65,61,11,2,5,2,7,5,0,0,410,14,16,0.125,25.625,534,1.5,0,0,31,31-45,Mid Income,Warm,6,Store,0,0,General Customers
948,1971,Graduation,Single,10245.0,1,0,2013-05-15,32,4,7,7,6,4,13,3,1,2,2,5,0,0,41,5,8,0.375,5.125,570,1.6,1,1,43,31-45,Low Income,Warm,6,Catalog,0,0,Catalog Shoppers
6177,1985,PhD,Married,33454.0,1,0,2013-08-05,32,76,10,56,3,1,23,2,4,0,4,8,0,0,169,8,10,0.2,16.9,488,1.3,1,1,29,18-30,Low Income,Warm,6,Web,0,0,Digital Shoppers
3517,1952,Graduation,Single,40887.0,1,1,2013-06-05,32,50,4,44,10,10,43,3,3,1,3,9,1,0,161,7,10,0.3,16.1,549,1.5,2,1,62,60+,Mid Income,Warm,6,Web,0,0,Digital Shoppers
3491,1975,Graduation,Together,55914.0,0,1,2013-04-29,32,384,60,364,119,101,232,4,11,6,8,7,0,0,1260,25,29,0.13793103448275862,43.44827586206897,586,1.6,1,1,39,31-45,High Income,Warm,6,Web,1,0,High-Value Active Catalog/Web
7610,1983,Graduation,Together,37292.0,1,0,2013-04-18,32,275,0,86,10,23,66,5,6,3,5,8,0,0,460,14,19,0.2631578947368421,24.210526315789473,597,1.6,1,1,31,31-45,Mid Income,Warm,5,Web,0,0,Digital Shoppers
4377,1971,Graduation,Married,52914.0,0,1,2013-07-01,32,254,10,44,30,10,227,2,7,3,3,7,0,0,575,13,15,0.13333333333333333,38.333333333333336,523,1.4,1,1,43,31-45,High Income,Warm,6,Web,0,0,Digital Shoppers
9850,1972,2n Cycle,Married,24884.0,1,0,2012-11-29,32,3,6,7,0,0,3,1,0,0,3,7,0,0,19,3,4,0.25,4.75,737,2.0,1,1,42,31-45,Low Income,Warm,4,Store,0,0,Bargain Hunters
5544,1970,Graduation,Single,67384.0,0,1,2012-10-11,32,957,40,175,158,53,107,2,7,8,5,5,0,0,1490,20,22,0.09090909090909091,67.72727272727273,786,2.2,1,1,44,31-45,High Income,Warm,6,Catalog,1,0,High-Value Active Catalog/Web
6497,1960,Graduation,Married,51651.0,0,1,2012-07-11,32,293,6,23,13,6,92,4,6,2,5,8,0,0,433,13,17,0.23529411764705882,25.470588235294116,878,2.4,1,1,54,46-60,High Income,Warm,6,Web,0,0,Digital Shoppers
4543,1980,Graduation,Married,82497.0,0,0,2012-10-31,32,777,129,573,216,21,203,1,2,7,9,4,0,0,1919,18,19,0.05263157894736842,101.0,766,2.1,0,0,34,31-45,Very High Income,Warm,6,Store,1,0,General Customers
5117,1963,2n Cycle,Married,32632.0,0,0,2012-02-08,32,63,151,137,153,19,53,2,4,4,8,5,0,0,576,16,18,0.1111111111111111,32.0,1032,2.8,0,0,51,46-60,Low Income,Warm,6,Store,0,0,General Customers
1448,1963,Master,Married,33562.0,1,2,2014-06-25,33,21,12,12,0,3,3,3,2,0,4,4,0,0,51,6,9,0.3333333333333333,5.666666666666667,164,0.4,3,1,51,46-60,Low Income,Warm,5,Store,0,0,Bargain Hunters
6887,1967,Graduation,Single,79146.0,1,1,2014-04-24,33,245,16,223,21,43,16,2,8,1,8,6,0,0,564,17,19,0.10526315789473684,29.68421052631579,226,0.6,2,1,47,46-60,Very High Income,Warm,6,Web,0,0,Digital Shoppers
7500,1967,Graduation,Single,79146.0,1,1,2014-04-24,33,245,16,223,21,43,16,2,8,1,8,6,0,0,564,17,19,0.10526315789473684,29.68421052631579,226,0.6,2,1,47,46-60,Very High Income,Warm,6,Web,0,0,Digital Shoppers
2724,1981,Master,Single,36143.0,1,0,2014-03-30,33,12,0,1,0,0,6,1,0,1,2,3,0,0,19,3,4,0.25,4.75,251,0.7,1,1,33,31-45,Mid Income,Warm,3,Store,0,0,Bargain Hunters
2256,1973,Master,Married,27159.0,1,1,2014-03-29,33,17,0,3,0,0,1,2,1,0,3,6,0,0,21,4,6,0.3333333333333333,3.5,252,0.7,2,1,41,31-45,Low Income,Warm,3,Store,0,0,Bargain Hunters
1100,1960,Master,Together,41275.0,1,2,2014-03-24,33,24,4,22,0,2,9,4,3,1,3,5,0,0,61,7,11,0.36363636363636365,5.545454545454546,257,0.7,3,1,54,46-60,Mid Income,Warm,5,Web,0,0,Digital Shoppers
7725,1965,2n Cycle,Married,76800.0,0,0,2014-08-03,33,173,26,255,35,71,81,1,4,4,7,1,0,0,641,15,16,0.0625,40.0625,125,0.3,0,0,49,46-60,Very High Income,Warm,6,Store,0,0,General Customers
2612,1987,Graduation,Married,75794.0,0,0,2013-12-24,33,754,160,625,63,32,48,1,7,5,12,3,0,0,1682,24,25,0.04,67.28,347,1.0,0,0,27,18-30,Very High Income,Warm,6,Store,1,0,General Customers
113,1951,Graduation,Married,30833.0,1,1,2013-07-16,33,11,0,7,3,1,6,2,1,0,3,5,0,0,28,4,6,0.3333333333333333,4.666666666666667,508,1.4,2,1,63,60+,Low Income,Warm,5,Store,0,0,Bargain Hunters
2868,1949,PhD,Single,26518.0,1,1,2013-08-04,33,20,1,28,3,3,2,3,2,0,3,8,1,0,57,5,8,0.375,7.125,489,1.3,2,1,65,60+,Low Income,Warm,6,Store,0,0,Bargain Hunters
4216,1981,Graduation,Single,91065.0,0,0,2013-02-22,33,822,114,108,179,137,114,1,7,9,9,3,1,0,1474,25,26,0.038461538461538464,56.69230769230769,652,1.8,0,0,33,31-45,Very High Income,Warm,6,Catalog,1,0,High-Value Active Catalog/Web
199,1962,Master,Single,45183.0,0,0,2013-01-20,33,219,3,60,12,9,12,1,4,1,7,7,0,0,315,12,13,0.07692307692307693,24.23076923076923,685,1.9,0,0,52,46-60,Mid Income,Warm,6,Store,0,0,General Customers
359,1950,Graduation,Together,48070.0,0,1,2013-01-13,33,373,14,83,6,9,19,3,8,2,6,7,0,1,504,16,19,0.15789473684210525,26.526315789473685,692,1.9,1,1,64,60+,Mid Income,Warm,6,Web,0,0,Digital Shoppers
8842,1971,Graduation,Widow,30372.0,1,1,2012-12-25,33,15,0,12,7,3,7,3,2,0,3,7,0,0,44,5,8,0.375,5.5,711,1.9,2,1,43,31-45,Low Income,Warm,5,Store,0,0,Bargain Hunters
2154,1971,Graduation,Widow,30372.0,1,1,2012-12-25,33,15,0,12,7,3,7,3,2,0,3,7,0,0,44,5,8,0.375,5.5,711,1.9,2,1,43,31-45,Low Income,Warm,5,Store,0,0,Bargain Hunters
6050,1975,2n Cycle,Married,57036.0,0,1,2012-11-12,33,1171,43,219,19,14,47,4,6,3,13,9,0,0,1513,22,26,0.15384615384615385,58.19230769230769,754,2.1,1,1,39,31-45,High Income,Warm,6,Store,1,0,Family Customers
9204,1970,Graduation,Widow,66731.0,0,1,2012-12-09,33,371,159,194,58,106,141,4,4,3,6,3,0,0,1029,13,17,0.23529411764705882,60.529411764705884,727,2.0,1,1,44,31-45,High Income,Warm,6,Store,0,0,Family Customers
4472,1970,PhD,Divorced,35682.0,1,0,2014-06-27,34,23,0,8,6,2,18,1,1,1,3,2,0,0,57,5,6,0.16666666666666666,9.5,162,0.4,1,1,44,31-45,Mid Income,Warm,5,Store,0,0,Family Customers
6864,1989,Master,Divorced,10979.0,0,0,2014-05-22,34,8,4,10,2,2,4,2,3,0,3,5,0,0,30,6,8,0.25,3.75,198,0.5,0,0,25,18-30,Low Income,Warm,6,Web,0,0,Digital Shoppers
10617,1989,Master,Divorced,10979.0,0,0,2014-05-22,34,8,4,10,2,2,4,2,3,0,3,5,0,0,30,6,8,0.25,3.75,198,0.5,0,0,25,18-30,Low Income,Warm,6,Web,0,0,Digital Shoppers
3924,1965,PhD,Divorced,57912.0,0,1,2014-03-17,34,801,0,80,0,0,35,5,8,3,12,5,0,0,916,23,28,0.17857142857142858,32.714285714285715,264,0.7,1,1,49,46-60,High Income,Warm,3,Store,0,0,Family Customers
5654,1972,Graduation,Married,36026.0,2,1,2014-03-16,34,20,4,10,6,4,17,2,2,0,3,6,0,0,61,5,7,0.2857142857142857,8.714285714285714,265,0.7,3,1,42,31-45,Mid Income,Warm,6,Store,0,0,Bargain Hunters
9216,1971,Graduation,Married,35788.0,1,1,2014-01-23,34,23,2,11,3,1,4,2,2,0,3,6,0,0,44,5,7,0.2857142857142857,6.285714285714286,317,0.9,2,1,43,31-45,Mid Income,Warm,6,Store,0,0,Bargain Hunters
8086,1959,Graduation,Married,42243.0,1,1,2013-11-12,34,48,0,2,0,0,5,2,2,0,3,7,0,0,55,5,7,0.2857142857142857,7.857142857142857,389,1.1,2,1,55,46-60,Mid Income,Warm,3,Store,0,0,Bargain Hunters
9097,1956,Graduation,Divorced,46086.0,0,1,2013-03-11,34,244,8,32,7,2,50,4,3,1,8,4,0,0,343,12,16,0.25,21.4375,635,1.7,1,1,58,46-60,Mid Income,Warm,6,Store,0,0,Bargain Hunters
7631,1978,Master,Together,61346.0,1,0,2013-06-10,34,562,58,168,43,16,142,1,5,7,10,3,0,0,989,22,23,0.043478260869565216,43.0,544,1.5,1,1,36,31-45,High Income,Warm,6,Store,0,0,Family Customers
7275,1971,Master,Single,33316.0,1,1,2013-04-10,34,79,1,31,4,4,12,3,2,1,4,6,0,0,131,7,10,0.3,13.1,605,1.7,2,1,43,31-45,Low Income,Warm,6,Store,0,0,Bargain Hunters
8334,1971,Master,Single,33316.0,1,1,2013-04-10,34,79,1,31,4,4,12,3,2,1,4,6,0,0,131,7,10,0.3,13.1,605,1.7,2,1,43,31-45,Low Income,Warm,6,Store,0,0,Bargain Hunters
1987,1987,Basic,Single,21063.0,1,0,2013-09-25,34,1,10,11,19,3,15,2,2,0,3,6,0,0,59,5,7,0.2857142857142857,8.428571428571429,437,1.2,1,1,27,18-30,Low Income,Warm,6,Store,0,0,Bargain Hunters
2281,1970,Graduation,Single,33697.0,1,0,2013-09-15,34,4,3,7,0,3,11,1,1,0,2,7,0,0,28,3,4,0.25,7.0,447,1.2,1,1,44,31-45,Low Income,Warm,5,Store,0,0,Bargain Hunters
7034,1978,2n Cycle,Married,25804.0,1,0,2013-01-09,34,8,7,9,13,6,12,2,2,0,3,8,0,0,55,5,7,0.2857142857142857,7.857142857142857,696,1.9,1,1,36,31-45,Low Income,Warm,6,Store,0,0,Bargain Hunters
2797,1977,Graduation,Married,72117.0,0,1,2013-08-20,34,707,20,171,65,60,50,1,9,7,9,5,0,0,1073,25,26,0.038461538461538464,41.26923076923077,473,1.3,1,1,37,31-45,Very High Income,Warm,6,Web,1,0,High-Value Active Catalog/Web
3934,1966,Graduation,Married,61286.0,0,1,2013-02-08,34,356,0,107,19,9,117,2,7,1,8,5,0,0,608,16,18,0.1111111111111111,33.77777777777778,666,1.8,1,1,48,46-60,High Income,Warm,5,Store,0,0,Family Customers
2493,1966,Graduation,Married,61286.0,0,1,2013-02-08,34,356,0,107,19,9,117,2,7,1,8,5,0,0,608,16,18,0.1111111111111111,33.77777777777778,666,1.8,1,1,48,46-60,High Income,Warm,5,Store,0,0,Family Customers
3759,1958,Graduation,Together,65196.0,0,2,2013-07-25,34,743,19,181,12,0,200,2,7,6,11,5,0,0,1155,24,26,0.07692307692307693,44.42307692307692,499,1.4,2,1,56,46-60,High Income,Warm,5,Store,1,0,Family Customers
965,1971,Graduation,Divorced,55635.0,0,1,2012-11-13,34,235,65,164,50,49,27,4,7,3,7,6,0,0,590,17,21,0.19047619047619047,28.095238095238095,753,2.1,1,1,43,31-45,High Income,Warm,6,Web,0,0,Digital Shoppers
7378,1981,Master,Together,42021.0,1,0,2012-08-31,34,393,5,136,7,5,27,5,10,1,6,9,0,0,573,17,22,0.22727272727272727,26.045454545454547,827,2.3,1,1,33,31-45,Mid Income,Warm,6,Web,0,0,Digital Shoppers
1859,1972,Master,Married,75251.0,0,0,2012-08-27,34,721,111,925,97,18,18,1,7,6,5,5,1,0,1890,18,19,0.05263157894736842,99.47368421052632,831,2.3,0,0,42,31-45,Very High Income,Warm,6,Web,1,0,High-Value Active Catalog/Web
6263,1968,Graduation,Together,35322.0,1,2,2012-08-22,34,28,9,37,12,7,13,3,2,0,4,8,0,0,106,6,9,0.3333333333333333,11.777777777777779,836,2.3,3,1,46,46-60,Low Income,Warm,6,Store,0,0,Bargain Hunters
2072,1969,PhD,Together,53374.0,0,1,2012-08-16,34,896,10,101,13,10,34,6,4,2,9,9,1,0,1064,15,21,0.2857142857142857,50.666666666666664,842,2.3,1,1,45,31-45,High Income,Warm,6,Store,1,0,Bargain Hunters
8908,1959,Graduation,Married,87195.0,0,0,2014-08-05,35,217,76,690,50,26,38,1,3,11,5,1,1,0,1097,19,20,0.05,54.85,123,0.3,0,0,55,46-60,Very High Income,Warm,6,Catalog,1,0,High-Value Active Catalog/Web
738,1981,2n Cycle,Single,42395.0,1,1,2014-04-04,35,48,13,57,24,15,25,4,3,1,4,7,0,0,182,8,12,0.3333333333333333,15.166666666666666,246,0.7,2,1,33,31-45,Mid Income,Warm,6,Store,0,0,Bargain Hunters
10129,1966,Graduation,Together,82427.0,0,0,2014-12-03,35,482,147,509,104,107,107,1,3,5,12,1,0,0,1456,20,21,0.047619047619047616,69.33333333333333,3,0.0,0,0,48,46-60,Very High Income,Warm,6,Store,1,0,General Customers
807,1969,Master,Together,44602.0,1,1,2014-02-15,35,167,2,89,0,0,34,6,6,1,4,8,0,0,292,11,17,0.35294117647058826,17.176470588235293,294,0.8,2,1,45,31-45,Mid Income,Warm,4,Web,0,0,Digital Shoppers
3334,1951,Graduation,Married,94642.0,0,0,2014-12-02,35,879,143,797,106,143,143,0,5,7,9,1,0,0,2211,21,21,0.0,105.28571428571429,4,0.0,0,0,63,60+,Very High Income,Warm,6,Store,1,0,General Customers
5423,1983,Graduation,Together,28359.0,1,0,2013-10-27,35,6,0,5,2,1,2,1,1,0,2,7,0,0,16,3,4,0.25,4.0,405,1.1,1,1,31,31-45,Low Income,Warm,5,Store,0,0,Bargain Hunters
4426,1975,Graduation,Single,55801.0,1,1,2013-09-22,35,367,4,51,6,4,95,6,7,2,6,7,0,0,527,15,21,0.2857142857142857,25.095238095238095,440,1.2,2,1,39,31-45,High Income,Warm,6,Web,0,0,Digital Shoppers
10489,1973,Graduation,Married,92955.0,0,0,2013-08-19,35,693,21,925,31,24,84,1,6,7,9,2,1,0,1778,22,23,0.043478260869565216,77.30434782608695,474,1.3,0,0,41,31-45,Very High Income,Warm,6,Store,1,0,General Customers
2570,1968,Graduation,Together,56534.0,0,1,2013-07-23,35,691,7,61,10,0,46,4,10,4,7,8,1,0,815,21,25,0.16,32.6,501,1.4,1,1,46,46-60,High Income,Warm,5,Web,0,0,Digital Shoppers
3834,1962,Graduation,Single,69627.0,0,1,2013-03-17,35,231,161,215,171,30,53,2,8,2,11,5,0,0,861,21,23,0.08695652173913043,37.43478260869565,629,1.7,1,1,52,46-60,Very High Income,Warm,6,Store,0,0,Family Customers
590,1970,Master,Divorced,78579.0,0,0,2012-12-22,35,816,66,549,216,66,99,1,5,6,4,3,1,0,1812,15,16,0.0625,113.25,714,2.0,0,0,44,31-45,Very High Income,Warm,6,Catalog,1,0,High-Value Active Catalog/Web
4791,1980,Graduation,Together,44964.0,1,1,2012-12-16,35,19,1,17,2,0,2,1,1,0,3,8,0,0,41,4,5,0.2,8.2,720,2.0,2,1,34,31-45,Mid Income,Warm,5,Store,0,0,Family Customers
5304,1974,PhD,Single,30899.0,1,0,2012-10-13,35,24,0,8,0,0,1,2,1,0,3,6,0,0,33,4,6,0.3333333333333333,5.5,784,2.1,1,1,40,31-45,Low Income,Warm,3,Store,0,0,Bargain Hunters
2426,1964,PhD,Divorced,78825.0,0,0,2012-09-14,35,483,74,114,169,37,18,1,5,10,13,3,1,0,895,28,29,0.034482758620689655,30.862068965517242,813,2.2,0,0,50,46-60,Very High Income,Warm,6,Store,0,0,General Customers
35,1987,Graduation,Married,25545.0,1,0,2012-08-09,35,32,1,64,16,12,85,3,2,2,3,6,1,0,210,7,10,0.3,21.0,849,2.3,1,1,27,18-30,Low Income,Warm,6,Store,0,0,Bargain Hunters
8041,1971,PhD,Widow,47111.0,0,1,2012-08-09,35,595,71,153,120,112,41,6,3,2,10,9,0,0,1092,15,21,0.2857142857142857,52.0,849,2.3,1,1,43,31-45,Mid Income,Warm,6,Store,1,0,Bargain Hunters
3584,1955,PhD,Single,49667.0,0,0,2012-08-20,35,1181,26,120,17,13,39,2,5,10,5,8,1,0,1396,20,22,0.09090909090909091,63.45454545454545,838,2.3,0,0,59,46-60,Mid Income,Warm,6,Catalog,1,0,High-Value Active Catalog/Web
7718,1947,Master,Together,66000.0,0,0,2014-04-20,36,244,51,270,101,0,45,1,1,3,5,1,0,0,711,9,10,0.1,71.1,230,0.6,0,0,67,60+,High Income,Warm,5,Store,0,0,General Customers
8605,1964,PhD,Together,46910.0,1,1,2014-03-23,36,48,0,14,0,0,6,2,2,0,3,6,0,0,68,5,7,0.2857142857142857,9.714285714285714,258,0.7,2,1,50,46-60,Mid Income,Warm,3,Store,0,0,Bargain Hunters
1646,1972,Basic,Married,25224.0,1,0,2014-03-16,36,4,9,12,11,2,8,2,1,1,3,3,0,0,46,5,7,0.2857142857142857,6.571428571428571,265,0.7,1,1,42,31-45,Low Income,Warm,6,Store,0,0,Bargain Hunters
9206,1968,Graduation,Together,77382.0,0,1,2014-07-01,36,491,48,231,112,105,134,2,5,7,12,1,0,0,1121,24,26,0.07692307692307693,43.11538461538461,158,0.4,1,1,46,46-60,Very High Income,Warm,6,Store,1,0,Family Customers
10757,1967,PhD,Divorced,28420.0,1,0,2013-12-24,36,4,2,5,2,0,0,1,1,0,2,6,0,0,13,3,4,0.25,3.25,347,1.0,1,1,47,46-60,Low Income,Warm,4,Store,0,0,Bargain Hunters
6885,1977,Graduation,Divorced,32952.0,1,0,2013-01-12,36,38,0,12,3,1,1,1,2,0,3,7,0,0,55,5,6,0.16666666666666666,9.166666666666666,693,1.9,1,1,37,31-45,Low Income,Warm,5,Store,0,0,Family Customers
907,1975,Graduation,Married,46149.0,0,1,2013-11-29,36,254,6,71,4,0,27,5,5,1,7,5,0,0,362,13,18,0.2777777777777778,20.11111111111111,372,1.0,1,1,39,31-45,Mid Income,Warm,5,Store,0,0,Bargain Hunters
1150,1899,PhD,Together,83532.0,0,0,2013-09-26,36,755,144,562,104,64,224,1,4,6,4,1,0,0,1853,14,15,0.06666666666666667,123.53333333333333,436,1.2,0,0,115,60+,Very High Income,Warm,6,Catalog,1,0,High-Value Active Catalog/Web
3867,1947,PhD,Together,73059.0,0,1,2013-08-31,36,410,112,420,0,82,71,1,9,3,13,4,0,0,1095,25,26,0.038461538461538464,42.11538461538461,462,1.3,1,1,67,60+,Very High Income,Warm,5,Store,1,0,Family Customers
3859,1947,PhD,Together,73059.0,0,1,2013-08-31,36,410,112,420,0,82,71,1,9,3,13,4,0,0,1095,25,26,0.038461538461538464,42.11538461538461,462,1.3,1,1,67,60+,Very High Income,Warm,5,Store,1,0,Family Customers
3265,1959,Graduation,Married,35701.0,0,0,2013-03-19,36,21,1,9,7,3,5,1,1,0,3,6,0,0,46,4,5,0.2,9.2,627,1.7,0,0,55,46-60,Mid Income,Warm,6,Store,0,0,General Customers
4418,1983,Master,Single,89616.0,0,0,2013-02-25,36,671,47,655,145,111,15,1,7,5,12,2,1,0,1644,24,25,0.04,65.76,649,1.8,0,0,31,31-45,Very High Income,Warm,6,Store,1,0,General Customers
4611,1970,Graduation,Together,105471.0,0,0,2013-01-21,36,1009,181,104,202,21,207,0,9,8,13,3,1,0,1724,30,30,0.0,57.46666666666667,684,1.9,0,0,44,31-45,Very High Income,Warm,6,Store,1,0,General Customers
4530,1948,Master,Widow,78427.0,0,0,2012-10-24,36,972,19,595,180,26,138,3,3,7,10,3,1,0,1930,20,23,0.13043478260869565,83.91304347826087,773,2.1,0,0,66,60+,Very High Income,Warm,6,Store,1,0,General Customers
7736,1986,Graduation,Married,22518.0,1,0,2012-10-22,36,11,7,12,2,2,27,2,2,1,2,5,1,0,61,5,7,0.2857142857142857,8.714285714285714,775,2.1,1,1,28,18-30,Low Income,Warm,6,Web,0,0,Digital Shoppers
9949,1976,Graduation,Married,59809.0,0,2,2012-10-18,36,598,16,141,32,41,49,3,3,3,6,8,0,0,877,12,15,0.2,58.46666666666667,779,2.1,2,1,38,31-45,High Income,Warm,6,Store,0,0,Family Customers
942,1982,Graduation,Single,39660.0,1,0,2012-08-08,36,139,13,78,20,13,36,3,7,1,3,9,1,0,299,11,14,0.21428571428571427,21.357142857142858,850,2.3,1,1,32,31-45,Mid Income,Warm,6,Web,0,0,Digital Shoppers
6181,1950,2n Cycle,Together,52203.0,0,0,2012-07-31,36,488,21,238,56,108,28,1,8,7,11,6,0,0,939,26,27,0.037037037037037035,34.77777777777778,858,2.4,0,0,64,60+,High Income,Warm,6,Store,0,0,General Customers
7660,1973,PhD,Other,35860.0,1,1,2014-05-19,37,15,0,8,4,2,20,2,1,1,2,5,1,0,49,4,6,0.3333333333333333,8.166666666666666,201,0.6,2,1,41,31-45,Mid Income,Warm,5,Store,0,0,Bargain Hunters
2055,1973,PhD,Divorced,35860.0,1,1,2014-05-19,37,15,0,8,4,2,20,2,1,1,2,5,0,0,49,4,6,0.3333333333333333,8.166666666666666,201,0.6,2,1,41,31-45,Mid Income,Warm,5,Store,0,0,Bargain Hunters
5107,1973,PhD,Divorced,35860.0,1,1,2014-05-19,37,15,0,8,4,2,20,2,1,1,2,5,0,0,49,4,6,0.3333333333333333,8.166666666666666,201,0.6,2,1,41,31-45,Mid Income,Warm,5,Store,0,0,Bargain Hunters
1626,1973,PhD,Divorced,35860.0,1,1,2014-05-19,37,15,0,8,4,2,20,2,1,1,2,5,1,0,49,4,6,0.3333333333333333,8.166666666666666,201,0.6,2,1,41,31-45,Mid Income,Warm,5,Store,0,0,Bargain Hunters
6428,1950,PhD,Widow,76842.0,0,0,2014-03-05,37,605,10,345,84,54,32,1,1,8,7,0,0,0,1130,16,17,0.058823529411764705,66.47058823529412,276,0.8,0,0,64,60+,Very High Income,Warm,6,Catalog,1,0,High-Value Active Catalog/Web
9617,1951,Graduation,Single,15033.0,0,0,2014-04-16,37,0,4,5,6,0,4,1,1,0,3,3,0,0,19,4,5,0.2,3.8,234,0.6,0,0,63,60+,Low Income,Warm,4,Store,0,0,General Customers
4339,1970,PhD,Married,67353.0,0,1,2013-12-31,37,702,17,151,0,8,35,5,5,6,12,2,0,0,913,23,28,0.17857142857142858,32.607142857142854,340,0.9,1,1,44,31-45,High Income,Warm,5,Store,0,0,Family Customers
7235,1975,2n Cycle,Married,17003.0,1,0,2013-09-12,37,2,5,12,4,8,7,3,2,0,4,5,0,0,38,6,9,0.3333333333333333,4.222222222222222,450,1.2,1,1,39,31-45,Low Income,Warm,6,Store,0,0,Bargain Hunters
8527,1965,Master,Together,65735.0,1,1,2013-07-12,37,239,7,119,4,15,11,5,6,2,6,7,0,0,395,14,19,0.2631578947368421,20.789473684210527,512,1.4,2,1,49,46-60,High Income,Warm,6,Web,0,0,Digital Shoppers
1968,1971,Graduation,Widow,45684.0,1,0,2013-02-12,37,5,1,5,10,0,7,1,1,0,2,7,0,0,28,3,4,0.25,7.0,662,1.8,1,1,43,31-45,Mid Income,Warm,5,Store,0,0,Bargain Hunters
9862,1969,Graduation,Together,21918.0,1,0,2013-11-14,37,1,6,7,11,5,3,2,2,0,3,6,0,0,33,5,7,0.2857142857142857,4.714285714285714,387,1.1,1,1,45,31-45,Low Income,Warm,6,Store,0,0,Bargain Hunters
11075,1978,Graduation,Married,51267.0,1,1,2013-10-29,37,183,2,64,7,2,12,4,3,3,5,4,0,0,270,11,15,0.26666666666666666,18.0,403,1.1,2,1,36,31-45,Mid Income,Warm,6,Store,0,0,Bargain Hunters
6658,1972,Graduation,Together,59868.0,0,1,2013-07-22,37,771,51,154,54,10,154,7,11,2,12,6,0,0,1194,25,32,0.21875,37.3125,502,1.4,1,1,42,31-45,High Income,Warm,6,Store,1,0,Family Customers
4552,1991,Graduation,Married,51373.0,0,0,2013-06-22,37,83,2,101,64,26,117,1,3,5,3,4,0,0,393,11,12,0.08333333333333333,32.75,532,1.5,0,0,23,18-30,Mid Income,Warm,6,Catalog,0,0,Catalog Shoppers
10377,1958,Master,Together,46692.0,0,1,2013-06-06,37,170,6,97,24,12,88,3,6,1,5,6,0,0,397,12,15,0.2,26.466666666666665,548,1.5,1,1,56,46-60,Mid Income,Warm,6,Web,0,0,Digital Shoppers
5336,1971,Master,Together,157733.0,1,0,2013-04-06,37,39,1,9,2,0,8,0,1,0,1,1,0,0,59,2,2,0.0,29.5,609,1.7,1,1,43,31-45,Very High Income,Warm,5,Web,0,0,Digital Shoppers
10350,1950,PhD,Married,54432.0,2,1,2013-09-05,37,33,0,5,0,0,0,1,1,0,3,4,0,0,38,4,5,0.2,7.6,457,1.3,3,1,64,60+,High Income,Warm,2,Store,0,0,Family Customers
11071,1984,Graduation,Single,79607.0,0,0,2013-04-21,37,450,133,951,173,0,216,1,3,6,6,1,1,0,1923,15,16,0.0625,120.1875,594,1.6,0,0,30,18-30,Very High Income,Warm,5,Catalog,1,0,High-Value Active Catalog/Web
11100,1972,Graduation,Divorced,51813.0,1,1,2013-11-04,37,51,2,7,0,1,2,2,2,0,3,7,0,0,63,5,7,0.2857142857142857,9.0,397,1.1,2,1,42,31-45,High Income,Warm,5,Store,0,0,Bargain Hunters
6516,1989,Basic,Married,17487.0,1,0,2013-03-18,37,0,0,1,7,4,6,1,1,0,2,7,0,0,18,3,4,0.25,4.5,628,1.7,1,1,25,18-30,Low Income,Warm,4,Store,0,0,Bargain Hunters
1734,1968,PhD,Together,40706.0,2,1,2013-01-17,37,59,0,11,4,2,5,4,3,0,4,7,0,0,81,7,11,0.36363636363636365,7.363636363636363,688,1.9,3,1,46,46-60,Mid Income,Warm,5,Store,0,0,Bargain Hunters
2131,1959,PhD,Divorced,62859.0,0,1,2012-12-30,37,1063,89,102,16,12,25,4,9,4,6,6,0,0,1307,19,23,0.17391304347826086,56.82608695652174,706,1.9,1,1,55,46-60,High Income,Warm,6,Web,1,0,High-Value Active Catalog/Web
6439,1958,Graduation,Married,61074.0,0,1,2012-08-17,37,789,0,133,0,28,152,7,11,5,8,7,0,0,1102,24,31,0.22580645161290322,35.54838709677419,841,2.3,1,1,56,46-60,High Income,Warm,4,Web,1,0,High-Value Active Catalog/Web
10591,1969,Graduation,Widow,43638.0,0,1,2012-06-08,37,63,10,83,7,19,19,2,4,1,4,7,0,0,201,9,11,0.18181818181818182,18.272727272727273,911,2.5,1,1,45,31-45,Mid Income,Warm,6,Web,0,0,Digital Shoppers
9797,1956,Graduation,Married,58116.0,0,1,2014-04-13,38,228,19,130,4,11,51,2,3,3,8,2,0,0,443,14,16,0.125,27.6875,237,0.6,1,1,58,46-60,High Income,Warm,6,Store,0,0,Family Customers
9336,1969,PhD,Widow,62187.0,0,1,2014-03-22,38,512,0,83,0,0,41,3,6,2,10,4,0,0,636,18,21,0.14285714285714285,30.285714285714285,259,0.7,1,1,45,31-45,High Income,Warm,3,Store,0,0,Family Customers
2174,1954,Graduation,Single,46344.0,1,1,2014-08-03,38,11,1,6,2,1,6,2,1,1,2,5,0,0,27,4,6,0.3333333333333333,4.5,125,0.3,2,1,60,46-60,Mid Income,Warm,6,Store,0,0,Bargain Hunters
3197,1980,Graduation,Married,77353.0,0,1,2013-12-16,38,275,59,107,69,101,59,2,6,4,8,4,0,0,670,18,20,0.1,33.5,355,1.0,1,1,34,31-45,Very High Income,Warm,6,Store,0,0,Family Customers
9185,1966,PhD,Single,69759.0,0,0,2013-10-28,38,452,20,514,13,30,0,3,4,6,5,3,1,0,1029,15,18,0.16666666666666666,57.166666666666664,404,1.1,0,0,48,46-60,Very High Income,Warm,5,Catalog,0,0,Catalog Shoppers
905,1986,Graduation,Divorced,21846.0,1,0,2013-10-22,38,7,17,18,6,10,26,4,4,0,3,8,0,0,84,7,11,0.36363636363636365,7.636363636363637,410,1.1,1,1,28,18-30,Low Income,Warm,6,Web,0,0,Digital Shoppers
10858,1975,Graduation,Together,76532.0,1,1,2013-09-09,38,355,30,177,90,138,30,4,9,5,7,5,0,0,820,21,25,0.16,32.8,453,1.2,2,1,39,31-45,Very High Income,Warm,6,Web,0,0,Digital Shoppers
8925,1965,Master,Married,70053.0,0,1,2013-03-07,38,512,53,98,81,179,89,3,8,5,10,5,0,0,1012,23,26,0.11538461538461539,38.92307692307692,639,1.8,1,1,49,46-60,Very High Income,Warm,6,Store,0,0,Family Customers
2499,1958,2n Cycle,Single,75342.0,0,1,2013-06-05,38,204,97,97,21,118,26,1,5,2,10,4,0,0,563,17,18,0.05555555555555555,31.27777777777778,549,1.5,1,1,56,46-60,Very High Income,Warm,6,Store,0,0,Family Customers
1109,1982,Master,Together,27590.0,1,0,2013-04-23,38,6,0,5,0,0,1,1,1,0,2,7,0,0,12,3,4,0.25,3.0,592,1.6,1,1,32,31-45,Low Income,Warm,3,Store,0,0,Bargain Hunters
326,1973,Graduation,Married,51148.0,1,1,2013-02-18,38,235,6,45,8,9,12,4,5,1,6,6,0,0,315,12,16,0.25,19.6875,656,1.8,2,1,41,31-45,Mid Income,Warm,6,Store,0,0,Bargain Hunters
10967,1963,Graduation,Divorced,33378.0,1,1,2013-06-02,38,33,6,40,3,7,10,3,2,0,4,7,0,0,99,6,9,0.3333333333333333,11.0,552,1.5,2,1,51,46-60,Low Income,Warm,6,Store,0,0,Bargain Hunters
5370,1973,PhD,Married,32644.0,1,0,2013-01-16,38,239,3,141,0,7,23,4,7,1,6,8,0,0,413,14,18,0.2222222222222222,22.944444444444443,689,1.9,1,1,41,31-45,Low Income,Warm,5,Web,0,0,Digital Shoppers
2098,1969,PhD,Married,33581.0,2,0,2013-08-01,38,11,0,5,0,0,1,1,1,0,2,8,0,0,17,3,4,0.25,4.25,492,1.3,2,1,45,31-45,Low Income,Warm,3,Store,0,0,Bargain Hunters
1773,1978,2n Cycle,Married,12393.0,0,0,2012-04-12,38,5,6,15,11,7,13,1,2,0,3,9,0,0,57,5,6,0.16666666666666666,9.5,968,2.7,0,0,36,31-45,Low Income,Warm,6,Store,0,0,General Customers
5036,1984,PhD,Single,42710.0,1,0,2012-11-28,38,252,3,42,4,3,102,2,4,5,3,6,0,0,406,12,14,0.14285714285714285,29.0,738,2.0,1,1,30,18-30,Mid Income,Warm,6,Catalog,0,0,Catalog Shoppers
4856,1957,2n Cycle,Married,82347.0,0,0,2012-06-11,38,556,54,845,202,133,63,1,7,7,10,3,0,0,1853,24,25,0.04,74.12,908,2.5,0,0,57,46-60,Very High Income,Warm,6,Store,1,0,General Customers
8722,1957,2n Cycle,Married,82347.0,0,0,2012-06-11,38,556,54,845,202,133,63,1,7,7,10,3,1,0,1853,24,25,0.04,74.12,908,2.5,0,0,57,46-60,Very High Income,Warm,6,Store,1,0,General Customers
2156,1955,PhD,Married,22554.0,1,1,2012-03-11,38,27,0,10,0,0,4,4,2,0,4,5,0,0,41,6,10,0.4,4.1,1000,2.7,2,1,59,46-60,Low Income,Warm,3,Store,0,0,Bargain Hunters
2569,1987,Graduation,Married,17323.0,0,0,2012-10-10,38,3,14,17,6,1,5,1,1,0,3,8,0,0,46,4,5,0.2,9.2,787,2.2,0,0,27,18-30,Low Income,Warm,6,Store,0,0,General Customers
10151,1960,Graduation,Divorced,62204.0,0,2,2012-12-09,38,317,46,247,151,46,139,1,4,5,12,3,0,0,946,21,22,0.045454545454545456,43.0,727,2.0,2,1,54,46-60,High Income,Warm,6,Store,0,0,Family Customers
10473,1956,PhD,Widow,78028.0,0,1,2012-10-09,38,158,19,288,25,0,38,1,6,4,9,7,1,0,528,19,20,0.05,26.4,788,2.2,1,1,58,46-60,Very High Income,Warm,5,Store,0,0,Family Customers
7079,1962,Graduation,Divorced,63887.0,0,1,2012-08-09,38,897,23,207,15,11,92,5,9,6,12,6,0,0,1245,27,32,0.15625,38.90625,849,2.3,1,1,52,46-60,High Income,Warm,6,Store,1,0,Family Customers
6875,1965,PhD,Together,32727.0,0,0,2012-08-28,38,167,13,180,86,13,70,2,7,3,5,8,0,0,529,15,17,0.11764705882352941,31.11764705882353,830,2.3,0,0,49,46-60,Low Income,Warm,6,Web,0,0,Digital Shoppers
6728,1985,Graduation,Together,29103.0,1,0,2012-08-27,38,16,0,17,6,3,6,2,1,0,3,9,0,0,48,4,6,0.3333333333333333,8.0,831,2.3,1,1,29,18-30,Low Income,Warm,5,Store,0,0,Bargain Hunters
2471,1965,Graduation,Married,61482.0,0,0,2014-06-27,39,48,58,68,16,66,43,1,3,2,6,2,0,0,299,11,12,0.08333333333333333,24.916666666666668,162,0.4,0,0,49,46-60,High Income,Warm,6,Store,0,0,General Customers
49,1970,Graduation,Single,20587.0,1,0,2014-11-05,39,2,3,6,4,1,9,1,1,1,2,7,0,0,25,4,5,0.2,5.0,31,0.1,1,1,44,31-45,Low Income,Warm,6,Store,0,0,Family Customers
4973,1970,Graduation,Single,20587.0,1,0,2014-11-05,39,2,3,6,4,1,9,1,1,1,2,7,0,0,25,4,5,0.2,5.0,31,0.1,1,1,44,31-45,Low Income,Warm,6,Store,0,0,Family Customers
6387,1976,PhD,Together,52190.0,1,1,2014-08-05,39,42,0,17,0,0,18,3,2,1,3,5,0,0,77,6,9,0.3333333333333333,8.555555555555555,123,0.3,2,1,38,31-45,High Income,Warm,3,Store,0,0,Bargain Hunters
5866,1974,Graduation,Together,48186.0,1,0,2014-03-20,39,97,3,66,12,7,34,3,4,1,4,7,0,0,219,9,12,0.25,18.25,261,0.7,1,1,40,31-45,Mid Income,Warm,6,Web,0,0,Digital Shoppers
8523,1968,Graduation,Married,19329.0,1,0,2013-12-14,39,24,1,16,12,2,5,3,4,0,3,8,0,0,60,7,10,0.3,6.0,357,1.0,1,1,46,46-60,Low Income,Warm,6,Web,0,0,Digital Shoppers
7901,1971,Master,Married,34109.0,0,1,2013-06-11,39,9,1,5,2,1,4,1,0,0,3,4,0,0,22,3,4,0.25,5.5,543,1.5,1,1,43,31-45,Low Income,Warm,6,Store,0,0,Bargain Hunters
898,1986,Graduation,Married,23477.0,1,0,2013-10-21,39,38,15,54,3,8,29,3,3,0,4,8,0,0,147,7,10,0.3,14.7,411,1.1,1,1,28,18-30,Low Income,Warm,6,Store,0,0,Bargain Hunters
10242,1966,PhD,Together,47472.0,1,1,2013-09-16,39,56,0,11,0,0,8,2,2,0,4,5,0,0,75,6,8,0.25,9.375,446,1.2,2,1,48,46-60,Mid Income,Warm,3,Store,0,0,Bargain Hunters
5835,1976,PhD,Divorced,14849.0,1,0,2013-02-07,39,21,2,28,3,2,9,3,2,0,4,8,0,0,65,6,9,0.3333333333333333,7.222222222222222,667,1.8,1,1,38,31-45,Low Income,Warm,6,Store,0,0,Bargain Hunters
6919,1978,2n Cycle,Married,26224.0,1,0,2013-04-06,39,4,7,15,13,9,15,3,2,1,3,6,0,0,63,6,9,0.3333333333333333,7.0,609,1.7,1,1,36,31-45,Low Income,Warm,6,Store,0,0,Bargain Hunters
6197,1962,PhD,Single,27238.0,1,1,2013-04-20,39,37,0,17,0,0,3,3,3,0,3,9,0,0,57,6,9,0.3333333333333333,6.333333333333333,595,1.6,2,1,52,46-60,Low Income,Warm,3,Web,0,0,Digital Shoppers
10475,1970,Master,Together,51381.5,0,1,2013-01-04,39,187,5,65,26,20,14,2,4,2,6,5,0,0,317,12,14,0.14285714285714285,22.642857142857142,701,1.9,1,1,44,31-45,Mid Income,Warm,6,Store,0,0,Family Customers
4201,1962,Graduation,Single,57967.0,0,1,2013-03-03,39,229,7,137,4,0,91,5,4,2,8,5,0,0,468,14,19,0.2631578947368421,24.63157894736842,643,1.8,1,1,52,46-60,High Income,Warm,5,Store,0,0,Bargain Hunters
5092,1949,PhD,Widow,51569.0,0,1,2013-12-02,39,380,0,47,6,0,34,4,7,1,7,8,1,0,467,15,19,0.21052631578947367,24.57894736842105,369,1.0,1,1,65,60+,High Income,Warm,4,Web,0,0,Digital Shoppers
6566,1954,PhD,Married,72550.0,1,1,2012-08-11,39,826,50,317,50,38,38,9,5,2,12,8,0,0,1319,19,28,0.32142857142857145,47.107142857142854,847,2.3,2,1,60,46-60,Very High Income,Warm,6,Store,1,0,Bargain Hunters
6613,1970,Master,Married,44511.0,1,0,2012-12-10,39,513,7,133,46,14,14,6,8,4,8,8,0,0,727,20,26,0.23076923076923078,27.96153846153846,726,2.0,1,1,44,31-45,Mid Income,Warm,6,Web,0,0,Digital Shoppers
9094,1955,2n Cycle,Married,62972.0,0,1,2012-03-08,39,313,15,47,20,0,192,2,7,4,3,6,1,0,587,14,16,0.125,36.6875,1003,2.7,1,1,59,46-60,High Income,Warm,5,Web,0,0,Digital Shoppers
9847,1955,2n Cycle,Married,62972.0,0,1,2012-03-08,39,313,15,47,20,0,192,2,7,4,3,6,0,0,587,14,16,0.125,36.6875,1003,2.7,1,1,59,46-60,High Income,Warm,5,Web,0,0,Digital Shoppers
10767,1989,PhD,Together,77845.0,0,0,2014-05-16,40,760,40,480,0,40,26,1,3,5,12,1,0,0,1346,20,21,0.047619047619047616,64.0952380952381,204,0.6,0,0,25,18-30,Very High Income,Warm,5,Store,1,0,General Customers
7943,1975,PhD,Married,36663.0,1,0,2014-04-25,40,18,0,6,3,3,5,1,1,1,3,2,0,0,35,5,6,0.16666666666666666,5.833333333333333,225,0.6,1,1,39,31-45,Mid Income,Warm,5,Store,0,0,Family Customers
1055,1976,Master,Married,53204.0,1,1,2014-03-20,40,29,0,8,2,0,6,1,1,0,3,4,0,0,45,4,5,0.2,9.0,261,0.7,2,1,38,31-45,High Income,Warm,4,Store,0,0,Family Customers
1458,1982,Master,Married,21059.0,1,0,2014-07-01,40,8,3,19,3,3,8,3,3,0,3,6,0,0,44,6,9,0.3333333333333333,4.888888888888889,158,0.4,1,1,32,31-45,Low Income,Warm,6,Web,0,0,Digital Shoppers
8402,1953,Master,Married,67087.0,0,1,2013-12-17,40,329,35,222,130,35,43,2,7,5,8,4,0,0,794,20,22,0.09090909090909091,36.09090909090909,354,1.0,1,1,61,60+,High Income,Warm,6,Store,0,0,Family Customers
6246,1953,Graduation,Single,73892.0,0,0,2013-11-13,40,703,102,601,0,58,43,1,3,11,8,1,1,0,1507,22,23,0.043478260869565216,65.52173913043478,388,1.1,0,0,61,60+,Very High Income,Warm,5,Catalog,1,0,High-Value Active Catalog/Web
4654,1992,Graduation,Together,75114.0,0,0,2013-07-11,40,571,12,523,63,60,24,1,3,10,5,2,0,0,1253,18,19,0.05263157894736842,65.94736842105263,513,1.4,0,0,22,18-30,Very High Income,Warm,6,Catalog,1,0,High-Value Active Catalog/Web
6103,1948,Graduation,Married,42192.0,0,0,2013-06-09,40,40,15,15,17,6,7,1,2,1,3,4,0,0,100,6,7,0.14285714285714285,14.285714285714286,545,1.5,0,0,66,60+,Mid Income,Warm,6,Store,0,0,General Customers
8147,1960,Graduation,Married,31454.0,1,1,2013-06-07,40,28,0,11,0,0,9,3,2,0,3,8,0,0,48,5,8,0.375,6.0,547,1.5,2,1,54,46-60,Low Income,Warm,3,Store,0,0,Bargain Hunters
10207,1978,Graduation,Together,22775.0,1,0,2013-06-19,40,5,1,8,0,0,1,1,1,0,2,8,0,0,15,3,4,0.25,3.75,535,1.5,1,1,36,31-45,Low Income,Warm,4,Store,0,0,Bargain Hunters
4838,1978,Graduation,Together,22775.0,1,0,2013-06-19,40,5,1,8,0,0,1,1,1,0,2,8,0,0,15,3,4,0.25,3.75,535,1.5,1,1,36,31-45,Low Income,Warm,4,Store,0,0,Bargain Hunters
10219,1972,Graduation,Together,31590.0,1,0,2013-06-18,40,6,2,15,6,6,3,1,1,0,3,8,0,0,38,4,5,0.2,7.6,536,1.5,1,1,42,31-45,Low Income,Warm,6,Store,0,0,Family Customers
2176,1972,Graduation,Married,80134.0,1,0,2013-05-20,40,1218,16,272,104,0,80,2,5,3,6,6,1,0,1690,14,16,0.125,105.625,565,1.5,1,1,42,31-45,Very High Income,Warm,5,Store,1,0,Family Customers
9121,1972,Graduation,Married,80134.0,1,0,2013-05-20,40,1218,16,272,104,0,80,2,5,3,6,6,1,0,1690,14,16,0.125,105.625,565,1.5,1,1,42,31-45,Very High Income,Warm,5,Store,1,0,Family Customers
5802,1972,Basic,Married,14188.0,0,0,2013-02-28,40,2,7,11,16,12,27,1,2,0,4,6,0,0,75,6,7,0.14285714285714285,10.714285714285714,646,1.8,0,0,42,31-45,Low Income,Warm,6,Store,0,0,General Customers
10790,1985,PhD,Married,18169.0,1,0,2013-02-19,40,9,0,5,0,0,7,1,1,0,2,8,0,0,21,3,4,0.25,5.25,655,1.8,1,1,29,18-30,Low Income,Warm,3,Store,0,0,Bargain Hunters
178,1956,Graduation,Married,62503.0,0,1,2013-02-18,40,478,0,193,110,75,117,4,8,3,11,5,0,0,973,22,26,0.15384615384615385,37.42307692307692,656,1.8,1,1,58,46-60,High Income,Warm,5,Store,0,0,Family Customers
2308,1954,Graduation,Married,46734.0,0,1,2012-11-18,40,110,5,137,26,23,29,2,6,1,5,7,0,0,330,12,14,0.14285714285714285,23.571428571428573,748,2.0,1,1,60,46-60,Mid Income,Warm,6,Web,0,0,Digital Shoppers
7431,1991,PhD,Single,68126.0,0,0,2012-10-11,40,1332,17,311,23,51,86,1,7,4,5,9,1,0,1820,16,17,0.058823529411764705,107.05882352941177,786,2.2,0,0,23,18-30,High Income,Warm,6,Web,1,0,High-Value Active Catalog/Web
9405,1954,PhD,Married,52869.0,1,1,2012-10-15,40,84,3,61,2,1,21,3,3,1,4,7,1,0,172,8,11,0.2727272727272727,15.636363636363637,782,2.1,2,1,60,46-60,High Income,Warm,6,Store,0,0,Bargain Hunters
10525,1986,Graduation,Single,26576.0,1,0,2012-10-13,40,10,0,8,0,0,9,1,1,0,2,9,1,0,27,3,4,0.25,6.75,784,2.1,1,1,28,18-30,Low Income,Warm,3,Store,0,0,Bargain Hunters
7503,1976,Graduation,Single,75825.0,0,0,2012-12-10,40,1032,105,779,137,105,51,0,5,8,9,4,1,0,2209,22,22,0.0,100.4090909090909,726,2.0,0,0,38,31-45,Very High Income,Warm,6,Store,1,0,General Customers
8783,1950,Graduation,Married,57045.0,0,1,2012-08-09,40,296,13,104,11,13,17,3,4,2,9,3,0,0,454,15,18,0.16666666666666666,25.22222222222222,849,2.3,1,1,64,60+,High Income,Warm,6,Store,0,0,Family Customers
1403,1975,2n Cycle,Together,34984.0,1,1,2012-06-09,40,8,4,15,3,5,3,2,1,0,3,7,0,0,38,4,6,0.3333333333333333,6.333333333333333,910,2.5,2,1,39,31-45,Low Income,Warm,6,Store,0,0,Bargain Hunters
4643,1973,Graduation,Married,27803.0,1,0,2012-08-26,40,8,26,46,38,9,49,2,3,0,4,8,0,0,176,7,9,0.2222222222222222,19.555555555555557,832,2.3,1,1,41,31-45,Low Income,Warm,6,Store,0,0,Family Customers
3463,1975,PhD,Married,69283.0,0,1,2014-06-14,41,674,62,134,0,26,8,4,7,3,13,5,0,0,904,23,27,0.14814814814814814,33.48148148148148,175,0.5,1,1,39,31-45,Very High Income,Warm,5,Store,0,0,Family Customers
4055,1992,Basic,Single,18746.0,1,0,2014-05-29,41,2,10,11,12,9,20,2,3,0,3,6,0,0,64,6,8,0.25,8.0,191,0.5,1,1,22,18-30,Low Income,Warm,6,Web,0,0,Digital Shoppers
7010,1965,2n Cycle,Married,70924.0,0,0,2014-07-04,41,635,114,254,132,152,76,1,6,6,7,3,0,0,1363,19,20,0.05,68.15,155,0.4,0,0,49,46-60,Very High Income,Warm,6,Store,1,0,General Customers
4767,1965,2n Cycle,Married,70924.0,0,0,2014-07-04,41,635,114,254,132,152,76,1,6,6,7,3,0,0,1363,19,20,0.05,68.15,155,0.4,0,0,49,46-60,Very High Income,Warm,6,Store,1,0,General Customers
1927,1973,2n Cycle,Together,69401.0,0,1,2014-03-23,41,399,27,159,58,8,39,4,4,4,5,2,0,0,690,13,17,0.23529411764705882,40.588235294117645,258,0.7,1,1,41,31-45,Very High Income,Warm,6,Store,0,0,Family Customers
437,1976,Master,Divorced,75012.0,0,0,2014-01-25,41,294,142,218,164,58,151,1,3,8,11,1,0,0,1027,22,23,0.043478260869565216,44.65217391304348,315,0.9,0,0,38,31-45,Very High Income,Warm,6,Store,0,0,General Customers
4331,1978,Master,Together,85738.0,0,0,2014-01-23,41,913,26,376,17,26,13,1,3,6,11,1,0,0,1371,20,21,0.047619047619047616,65.28571428571429,317,0.9,0,0,36,31-45,Very High Income,Warm,6,Store,1,0,General Customers
4084,1975,Graduation,Together,60934.0,0,1,2014-01-17,41,224,155,155,192,93,54,2,6,4,11,4,0,0,873,21,23,0.08695652173913043,37.95652173913044,323,0.9,1,1,39,31-45,High Income,Warm,6,Store,0,0,Family Customers
8135,1986,Master,Married,27161.0,1,0,2013-10-28,41,7,4,23,7,0,11,1,1,0,3,7,0,0,52,4,5,0.2,10.4,404,1.1,1,1,28,18-30,Low Income,Warm,5,Store,0,0,Family Customers
9750,1961,PhD,Divorced,64325.0,0,1,2013-07-02,41,731,60,353,78,12,73,5,10,3,5,7,0,0,1307,18,23,0.21739130434782608,56.82608695652174,522,1.4,1,1,53,46-60,High Income,Warm,6,Web,1,0,High-Value Active Catalog/Web
6682,1973,Basic,Married,18978.0,1,0,2012-11-12,41,2,8,1,4,7,15,1,1,0,3,8,0,0,37,4,5,0.2,7.4,754,2.1,1,1,41,31-45,Low Income,Warm,6,Store,0,0,Family Customers
10581,1977,Graduation,Married,41124.0,1,0,2012-10-31,41,281,7,84,15,0,119,7,7,3,4,8,0,0,506,14,21,0.3333333333333333,24.095238095238095,766,2.1,1,1,37,31-45,Mid Income,Warm,5,Web,0,0,Digital Shoppers
3710,1984,PhD,Single,39684.0,1,0,2012-12-10,41,19,0,35,6,4,17,2,2,1,2,7,1,1,81,5,7,0.2857142857142857,11.571428571428571,726,2.0,1,1,30,18-30,Mid Income,Warm,5,Web,0,0,Digital Shoppers
5207,1963,PhD,Married,53378.0,1,1,2012-09-24,41,489,6,152,8,6,132,10,9,4,6,8,1,0,793,19,29,0.3448275862068966,27.344827586206897,803,2.2,2,1,51,46-60,High Income,Warm,6,Web,0,0,Digital Shoppers
9360,1982,Graduation,Married,37040.0,0,0,2012-08-08,41,86,2,73,69,38,48,1,4,2,5,8,0,0,316,11,12,0.08333333333333333,26.333333333333332,850,2.3,0,0,32,31-45,Mid Income,Warm,6,Store,0,0,General Customers
4679,1977,Master,Married,78710.0,0,1,2014-05-23,42,721,0,152,119,50,50,3,7,6,12,4,0,0,1092,25,28,0.10714285714285714,39.0,197,0.5,1,1,37,31-45,Very High Income,Warm,5,Store,1,0,Family Customers
1340,1986,Graduation,Married,92910.0,0,0,2014-04-24,42,551,137,792,179,103,33,1,6,7,13,1,0,0,1795,26,27,0.037037037037037035,66.48148148148148,226,0.6,0,0,28,18-30,Very High Income,Warm,6,Store,1,0,General Customers
10839,1976,Graduation,Together,36283.0,1,1,2014-04-14,42,6,5,5,8,0,5,2,1,0,3,4,0,0,29,4,6,0.3333333333333333,4.833333333333333,236,0.6,2,1,38,31-45,Mid Income,Warm,5,Store,0,0,Bargain Hunters
5303,1974,PhD,Together,79632.0,0,0,2014-08-04,42,471,0,510,99,21,12,1,6,4,9,2,0,0,1113,19,20,0.05,55.65,124,0.3,0,0,40,31-45,Very High Income,Warm,5,Store,1,0,General Customers
9829,1978,Graduation,Together,28587.0,1,0,2014-12-02,42,22,4,17,12,10,13,3,2,0,4,6,0,0,78,6,9,0.3333333333333333,8.666666666666666,4,0.0,1,1,36,31-45,Low Income,Warm,6,Store,0,0,Bargain Hunters
10469,1981,Graduation,Together,88325.0,0,0,2014-05-02,42,519,71,860,93,27,53,1,6,2,9,2,0,0,1623,17,18,0.05555555555555555,90.16666666666667,218,0.6,0,0,33,31-45,Very High Income,Warm,6,Store,1,0,General Customers
3602,1958,Master,Married,51412.0,0,1,2013-12-31,42,140,3,29,4,5,14,2,3,2,4,4,0,0,195,9,11,0.18181818181818182,17.727272727272727,340,0.9,1,1,56,46-60,High Income,Warm,6,Store,0,0,Family Customers
4756,1952,2n Cycle,Divorced,63998.0,0,0,2013-12-20,42,176,29,818,0,33,112,1,7,6,11,4,1,0,1168,24,25,0.04,46.72,351,1.0,0,0,62,60+,High Income,Warm,5,Store,1,0,General Customers
8181,1978,2n Cycle,Single,38593.0,1,0,2013-09-13,42,51,12,49,17,24,24,3,4,1,3,8,0,0,177,8,11,0.2727272727272727,16.09090909090909,449,1.2,1,1,36,31-45,Mid Income,Warm,6,Web,0,0,Digital Shoppers
6958,1977,Master,Married,27889.0,1,0,2013-05-07,42,14,0,4,0,0,8,1,1,1,2,6,0,0,26,4,5,0.2,5.2,578,1.6,1,1,37,31-45,Low Income,Warm,3,Store,0,0,Family Customers
10856,1980,2n Cycle,Single,45889.0,0,1,2013-02-07,42,31,0,6,0,1,8,1,1,0,3,6,0,0,46,4,5,0.2,9.2,667,1.8,1,1,34,31-45,Mid Income,Warm,4,Store,0,0,Family Customers
3321,1967,PhD,Together,56575.0,0,2,2013-05-05,42,421,5,90,0,16,10,3,7,3,7,5,0,0,542,17,20,0.15,27.1,580,1.6,2,1,47,46-60,High Income,Warm,5,Web,0,0,Digital Shoppers
5394,1979,Basic,Single,16014.0,1,1,2013-03-17,42,3,9,4,7,8,7,4,1,1,4,3,0,0,38,6,10,0.4,3.8,629,1.7,2,1,35,31-45,Low Income,Warm,6,Store,0,0,Bargain Hunters
433,1958,Master,Other,61331.0,1,1,2013-10-03,42,534,5,47,0,5,41,5,11,1,6,8,0,0,632,18,23,0.21739130434782608,27.47826086956522,429,1.2,2,1,56,46-60,High Income,Warm,5,Web,0,0,Digital Shoppers
6320,1976,Master,Single,70893.0,0,0,2013-06-02,42,768,44,561,77,44,14,1,6,6,10,3,0,0,1508,22,23,0.043478260869565216,65.56521739130434,552,1.5,0,0,38,31-45,Very High Income,Warm,6,Store,1,0,General Customers
5376,1979,Graduation,Married,2447.0,1,0,2013-06-01,42,1,1,1725,1,1,1,15,0,28,0,1,0,0,1730,28,43,0.3488372093023256,40.23255813953488,553,1.5,1,1,35,31-45,Low Income,Warm,6,Catalog,1,0,High-Value Active Catalog/Web
1867,1957,Graduation,Single,64849.0,0,0,2012-11-13,42,652,48,350,94,84,108,1,9,3,6,5,1,0,1336,18,19,0.05263157894736842,70.3157894736842,753,2.1,0,0,57,46-60,High Income,Warm,6,Web,1,0,High-Value Active Catalog/Web
4324,1989,Graduation,Married,42387.0,1,0,2012-10-29,42,235,0,235,19,4,191,5,8,1,7,8,0,0,684,16,21,0.23809523809523808,32.57142857142857,768,2.1,1,1,25,18-30,Mid Income,Warm,5,Web,0,0,Digital Shoppers
3661,1995,2n Cycle,Single,80617.0,0,0,2012-12-10,42,594,51,631,72,55,32,1,4,6,8,2,0,0,1435,18,19,0.05263157894736842,75.52631578947368,726,2.0,0,0,19,18-30,Very High Income,Warm,6,Store,1,0,General Customers
521,1985,Graduation,Together,54006.0,1,0,2012-09-18,42,174,77,203,6,24,97,2,8,1,7,7,0,0,581,16,18,0.1111111111111111,32.27777777777778,809,2.2,1,1,29,18-30,High Income,Warm,6,Web,0,0,Digital Shoppers
10403,1978,Graduation,Together,16531.0,1,0,2014-06-18,43,2,13,6,7,5,11,3,3,0,3,7,0,0,44,6,9,0.3333333333333333,4.888888888888889,171,0.5,1,1,36,31-45,Low Income,Warm,6,Web,0,0,Digital Shoppers
7186,1966,PhD,Together,30843.0,1,1,2014-05-26,43,24,0,2,0,0,9,2,1,1,2,5,0,0,35,4,6,0.3333333333333333,5.833333333333333,194,0.5,2,1,48,46-60,Low Income,Warm,3,Store,0,0,Bargain Hunters
4329,1984,PhD,Married,18988.0,1,0,2014-05-23,43,6,0,6,2,1,1,2,1,0,3,7,0,0,16,4,6,0.3333333333333333,2.6666666666666665,197,0.5,1,1,30,18-30,Low Income,Warm,5,Store,0,0,Bargain Hunters
4394,1965,PhD,Married,81051.0,0,0,2014-05-23,43,1142,29,249,38,29,14,1,5,5,12,2,0,0,1501,22,23,0.043478260869565216,65.26086956521739,197,0.5,0,0,49,46-60,Very High Income,Warm,6,Store,1,0,General Customers
1717,1988,Graduation,Single,39747.0,1,0,2014-04-13,43,80,15,93,20,13,52,3,5,1,4,8,0,0,273,10,13,0.23076923076923078,21.0,237,0.6,1,1,26,18-30,Mid Income,Warm,6,Web,0,0,Digital Shoppers
1016,1959,PhD,Single,34554.0,0,1,2014-03-30,43,41,1,6,2,0,5,2,2,0,3,6,0,0,55,5,7,0.2857142857142857,7.857142857142857,251,0.7,1,1,55,46-60,Low Income,Warm,5,Store,0,0,Bargain Hunters
3783,1959,PhD,Married,52854.0,1,1,2014-03-24,43,105,0,10,0,1,0,2,2,1,4,5,0,0,116,7,9,0.2222222222222222,12.88888888888889,257,0.7,2,1,55,46-60,High Income,Warm,3,Store,0,0,Family Customers
5848,1970,Graduation,Together,81205.0,0,0,2014-01-13,43,724,74,929,97,55,130,1,5,6,7,2,1,0,2009,18,19,0.05263157894736842,105.73684210526316,327,0.9,0,0,44,31-45,Very High Income,Warm,6,Store,1,0,General Customers
10727,1970,PhD,Married,69084.0,1,0,2013-11-19,43,1181,107,199,39,30,30,2,7,3,13,8,0,0,1586,23,25,0.08,63.44,382,1.0,1,1,44,31-45,Very High Income,Warm,6,Store,1,0,Family Customers
5299,1970,PhD,Married,69084.0,1,0,2013-11-19,43,1181,107,199,39,30,30,2,7,3,13,8,0,0,1586,23,25,0.08,63.44,382,1.0,1,1,44,31-45,Very High Income,Warm,6,Store,1,0,Family Customers
6872,1974,PhD,Married,65352.0,0,1,2013-08-21,43,284,3,84,4,7,23,2,4,2,8,4,0,0,405,14,16,0.125,25.3125,472,1.3,1,1,40,31-45,High Income,Warm,6,Store,0,0,Family Customers
1143,1972,Graduation,Married,22063.0,1,0,2013-08-08,43,7,10,13,3,11,11,2,2,0,3,7,0,0,55,5,7,0.2857142857142857,7.857142857142857,485,1.3,1,1,42,31-45,Low Income,Warm,6,Store,0,0,Bargain Hunters
10381,1979,Graduation,Single,47691.0,0,1,2013-05-07,43,14,0,3,0,0,4,1,1,0,2,6,0,0,21,3,4,0.25,5.25,578,1.6,1,1,35,31-45,Mid Income,Warm,3,Store,0,0,Bargain Hunters
11007,1968,PhD,Married,29187.0,1,0,2013-09-05,43,26,0,6,0,0,2,1,1,0,3,8,0,0,34,4,5,0.2,6.8,457,1.3,1,1,46,46-60,Low Income,Warm,3,Store,0,0,Family Customers
9145,1972,Graduation,Single,72504.0,0,1,2013-06-04,43,604,26,470,123,161,94,2,5,9,6,2,0,0,1478,20,22,0.09090909090909091,67.18181818181819,550,1.5,1,1,42,31-45,Very High Income,Warm,6,Catalog,1,0,High-Value Active Catalog/Web
5267,1970,Graduation,Divorced,33986.0,1,0,2013-03-14,43,16,2,18,2,1,5,1,1,0,3,7,0,0,44,4,5,0.2,8.8,632,1.7,1,1,44,31-45,Low Income,Warm,6,Store,0,0,Family Customers
9738,1986,Master,Together,42386.0,1,0,2013-01-13,43,65,4,16,0,4,11,1,3,0,3,8,0,0,100,6,7,0.14285714285714285,14.285714285714286,692,1.9,1,1,28,18-30,Mid Income,Warm,5,Web,0,0,Digital Shoppers
10212,1986,Master,Together,42386.0,1,0,2013-01-13,43,65,4,16,0,4,11,1,3,0,3,8,0,0,100,6,7,0.14285714285714285,14.285714285714286,692,1.9,1,1,28,18-30,Mid Income,Warm,5,Web,0,0,Digital Shoppers
10010,1953,PhD,Divorced,36957.0,1,1,2012-06-09,43,100,2,16,2,1,31,4,3,2,2,9,1,0,152,7,11,0.36363636363636365,13.818181818181818,910,2.5,2,1,61,60+,Mid Income,Warm,6,Web,0,0,Digital Shoppers
10069,1988,Basic,Together,13724.0,1,0,2012-08-31,43,2,7,5,2,15,27,1,2,0,2,9,0,0,58,4,5,0.2,11.6,827,2.3,1,1,26,18-30,Low Income,Warm,6,Web,0,0,Digital Shoppers
2694,1967,Graduation,Married,42664.0,0,1,2014-03-18,44,21,0,3,0,0,0,1,1,0,3,6,0,0,24,4,5,0.2,4.8,263,0.7,1,1,47,46-60,Mid Income,Warm,2,Store,0,0,Family Customers
10613,1958,PhD,Together,37334.0,1,1,2014-02-26,44,26,1,16,2,2,15,4,3,0,4,4,0,0,62,7,11,0.36363636363636365,5.636363636363637,283,0.8,2,1,56,46-60,Mid Income,Warm,6,Store,0,0,Bargain Hunters
4646,1951,2n Cycle,Married,78497.0,0,0,2013-01-12,44,207,26,447,75,0,223,1,5,7,12,2,0,0,978,24,25,0.04,39.12,693,1.9,0,0,63,60+,Very High Income,Warm,5,Store,0,0,General Customers
6935,1951,2n Cycle,Married,78497.0,0,0,2013-01-12,44,207,26,447,75,0,223,1,5,7,12,2,0,0,978,24,25,0.04,39.12,693,1.9,0,0,63,60+,Very High Income,Warm,5,Store,0,0,General Customers
5596,1956,2n Cycle,Together,58821.0,0,1,2013-12-10,44,513,14,154,19,0,28,1,9,2,9,6,0,0,728,20,21,0.047619047619047616,34.666666666666664,361,1.0,1,1,58,46-60,High Income,Warm,5,Web,0,0,Digital Shoppers
1044,1953,Graduation,Together,58398.0,0,0,2013-05-14,44,299,5,201,21,21,49,3,5,4,8,4,0,0,596,17,20,0.15,29.8,571,1.6,0,0,61,60+,High Income,Warm,6,Store,0,0,General Customers
9274,1961,Master,Married,80950.0,0,0,2013-03-28,44,525,147,112,219,147,63,1,6,7,9,2,0,0,1213,22,23,0.043478260869565216,52.73913043478261,618,1.7,0,0,53,46-60,Very High Income,Warm,6,Store,1,0,General Customers
9076,1980,PhD,Married,30732.0,1,0,2013-05-01,44,155,1,25,0,1,3,4,4,1,4,8,0,0,185,9,13,0.3076923076923077,14.23076923076923,584,1.6,1,1,34,31-45,Low Income,Warm,5,Web,0,0,Digital Shoppers
4947,1966,2n Cycle,Single,89572.0,0,0,2012-09-15,44,606,24,974,197,194,64,1,7,7,9,4,1,0,2059,23,24,0.041666666666666664,85.79166666666667,812,2.2,0,0,48,46-60,Very High Income,Warm,6,Store,1,0,General Customers
10176,1968,Graduation,Single,57107.0,0,1,2012-08-24,44,159,0,120,0,0,137,7,4,4,8,8,1,0,416,16,23,0.30434782608695654,18.08695652173913,834,2.3,1,1,46,46-60,High Income,Warm,3,Store,0,0,Bargain Hunters
3507,1970,Graduation,Single,76467.0,1,0,2012-08-17,44,676,161,426,210,44,58,2,2,5,5,6,1,0,1575,12,14,0.14285714285714285,112.5,841,2.3,1,1,44,31-45,Very High Income,Warm,6,Catalog,1,0,High-Value Active Catalog/Web
9235,1957,Graduation,Single,51381.5,1,1,2014-05-27,45,7,0,8,2,0,1,1,1,0,2,7,0,0,18,3,4,0.25,4.5,193,0.5,2,1,57,46-60,Mid Income,Warm,4,Store,0,0,Bargain Hunters
10341,1948,Graduation,Together,51315.0,0,0,2014-02-23,45,68,28,39,16,30,41,1,2,2,5,2,0,0,222,9,10,0.1,22.2,286,0.8,0,0,66,60+,Mid Income,Warm,6,Store,0,0,General Customers
2639,1966,Graduation,Single,43602.0,1,1,2014-10-01,45,19,5,12,10,3,19,3,3,1,2,6,0,0,68,6,9,0.3333333333333333,7.555555555555555,66,0.2,2,1,48,46-60,Mid Income,Warm,6,Web,0,0,Digital Shoppers
6201,1978,Graduation,Single,38643.0,1,1,2013-11-29,45,22,2,14,0,1,10,2,2,0,3,7,0,1,49,5,7,0.2857142857142857,7.0,372,1.0,2,1,36,31-45,Mid Income,Warm,5,Store,0,0,Bargain Hunters
7397,1951,Graduation,Single,49090.0,0,1,2013-07-19,45,494,5,82,7,0,100,3,7,2,9,7,0,0,688,18,21,0.14285714285714285,32.76190476190476,505,1.4,1,1,63,60+,Mid Income,Warm,5,Store,0,0,Family Customers
2181,1970,Graduation,Married,70617.0,0,0,2013-06-23,45,353,61,753,40,46,27,1,3,3,7,2,0,0,1280,13,14,0.07142857142857142,91.42857142857143,531,1.5,0,0,44,31-45,Very High Income,Warm,6,Store,1,0,General Customers
1204,1970,PhD,Married,67536.0,0,1,2013-05-22,45,1253,0,447,23,71,35,3,11,5,11,8,0,0,1829,27,30,0.1,60.96666666666667,563,1.5,1,1,44,31-45,High Income,Warm,5,Web,1,0,High-Value Active Catalog/Web
1170,1975,Graduation,Married,27573.0,1,0,2013-03-25,45,50,15,110,39,15,15,4,5,1,4,8,0,0,244,10,14,0.2857142857142857,17.428571428571427,621,1.7,1,1,39,31-45,Low Income,Warm,6,Web,0,0,Digital Shoppers
8812,1979,2n Cycle,Divorced,13533.0,1,0,2013-10-03,45,12,3,8,8,0,17,2,2,0,3,7,0,0,48,5,7,0.2857142857142857,6.857142857142857,429,1.2,1,1,35,31-45,Low Income,Warm,5,Store,0,0,Bargain Hunters
4690,1953,Graduation,Married,50725.0,0,1,2013-02-13,45,443,10,75,0,10,48,4,8,1,8,8,0,0,586,17,21,0.19047619047619047,27.904761904761905,661,1.8,1,1,61,60+,Mid Income,Warm,5,Web,0,0,Digital Shoppers
1715,1978,Graduation,Together,25851.0,1,0,2013-11-02,45,9,4,18,7,5,5,2,2,0,3,7,0,0,48,5,7,0.2857142857142857,6.857142857142857,399,1.1,1,1,36,31-45,Low Income,Warm,6,Store,0,0,Bargain Hunters
10821,1978,Graduation,Married,57113.0,1,1,2013-06-02,45,182,4,33,0,2,42,6,4,1,5,7,0,0,263,10,16,0.375,16.4375,552,1.5,2,1,36,31-45,High Income,Warm,5,Store,0,0,Bargain Hunters
6543,1945,Master,Together,62847.0,0,0,2013-01-15,45,521,168,706,80,76,61,1,3,6,4,2,0,0,1612,13,14,0.07142857142857142,115.14285714285714,690,1.9,0,0,69,60+,High Income,Warm,6,Catalog,1,0,High-Value Active Catalog/Web
7119,1982,Graduation,Single,68627.0,0,0,2013-12-01,45,395,15,263,60,54,38,1,2,3,6,1,0,0,825,11,12,0.08333333333333333,68.75,370,1.0,0,0,32,31-45,Very High Income,Warm,6,Store,0,0,General Customers
3518,1983,Graduation,Married,25271.0,1,0,2012-05-12,45,10,1,18,10,4,7,1,1,1,2,9,0,0,50,4,5,0.2,10.0,938,2.6,1,1,31,31-45,Low Income,Warm,6,Store,0,0,Family Customers
1245,1966,Graduation,Single,63810.0,0,1,2012-11-11,45,977,12,253,16,12,101,4,4,3,12,8,0,0,1371,19,23,0.17391304347826086,59.608695652173914,755,2.1,1,1,48,46-60,High Income,Warm,6,Store,1,0,Family Customers
2561,1966,Graduation,Single,63810.0,0,1,2012-11-11,45,977,12,253,16,12,101,4,4,3,12,8,0,0,1371,19,23,0.17391304347826086,59.608695652173914,755,2.1,1,1,48,46-60,High Income,Warm,6,Store,1,0,Family Customers
9624,1958,PhD,Together,65488.0,0,0,2014-06-13,46,603,45,207,36,18,54,1,3,4,6,1,0,0,963,13,14,0.07142857142857142,68.78571428571429,176,0.5,0,0,56,46-60,High Income,Warm,6,Store,0,0,General Customers
10509,1955,Master,Single,36927.0,1,1,2014-02-06,46,51,0,16,0,0,4,2,3,0,3,8,0,0,71,6,8,0.25,8.875,303,0.8,2,1,59,46-60,Mid Income,Warm,3,Web,0,0,Digital Shoppers
7629,1977,Graduation,Married,22108.0,1,1,2014-08-05,46,5,3,9,6,2,6,2,2,0,3,7,0,0,31,5,7,0.2857142857142857,4.428571428571429,123,0.3,2,1,37,31-45,Low Income,Warm,6,Store,0,0,Bargain Hunters
7875,1949,Graduation,Married,72025.0,0,0,2014-04-29,46,967,0,617,43,50,0,1,4,8,13,2,1,0,1677,25,26,0.038461538461538464,64.5,221,0.6,0,0,65,60+,Very High Income,Warm,4,Store,1,0,General Customers
2815,1975,Graduation,Married,33183.0,1,0,2014-02-24,46,7,5,39,17,15,37,2,4,0,3,7,0,0,120,7,9,0.2222222222222222,13.333333333333334,285,0.8,1,1,39,31-45,Low Income,Warm,6,Web,0,0,Digital Shoppers
2936,1982,Master,Together,23661.0,1,0,2013-04-12,46,18,0,4,0,0,1,1,1,0,3,7,0,0,23,4,5,0.2,4.6,603,1.7,1,1,32,31-45,Low Income,Warm,3,Store,0,0,Family Customers
3665,1977,2n Cycle,Together,25315.0,1,0,2013-07-11,46,1,9,8,11,3,22,3,3,0,3,8,0,0,54,6,9,0.3333333333333333,6.0,513,1.4,1,1,37,31-45,Low Income,Warm,6,Web,0,0,Digital Shoppers
10888,1961,Graduation,Single,45938.0,0,0,2013-03-11,46,273,11,178,62,83,29,2,8,4,6,6,0,0,636,18,20,0.1,31.8,635,1.7,0,0,53,46-60,Mid Income,Warm,6,Web,0,0,Digital Shoppers
6637,1988,Graduation,Single,66951.0,0,0,2013-02-11,46,277,162,305,173,76,124,1,3,4,7,1,0,0,1117,14,15,0.06666666666666667,74.46666666666667,663,1.8,0,0,26,18-30,High Income,Warm,6,Store,1,0,General Customers
5077,1979,Graduation,Together,77298.0,0,1,2013-02-11,46,425,115,292,23,35,79,1,6,6,11,3,0,0,969,23,24,0.041666666666666664,40.375,663,1.8,1,1,35,31-45,Very High Income,Warm,6,Store,0,0,Family Customers
6173,1979,Graduation,Together,77298.0,0,1,2013-02-11,46,425,115,292,23,35,79,1,6,6,11,3,0,0,969,23,24,0.041666666666666664,40.375,663,1.8,1,1,35,31-45,Very High Income,Warm,6,Store,0,0,Family Customers
3969,1974,Master,Together,43018.0,0,1,2013-01-11,46,35,4,17,7,6,64,1,2,2,2,5,0,0,133,6,7,0.14285714285714285,19.0,694,1.9,1,1,40,31-45,Mid Income,Warm,6,Web,0,0,Digital Shoppers
4580,1969,Graduation,Married,75759.0,0,0,2013-10-25,46,1394,22,708,89,91,182,1,9,7,9,5,1,0,2486,25,26,0.038461538461538464,95.61538461538461,407,1.1,0,0,45,31-45,Very High Income,Warm,6,Web,1,0,High-Value Active Catalog/Web
663,1989,PhD,Single,33996.0,0,0,2013-11-09,46,40,2,15,8,0,6,1,1,1,3,4,0,0,71,5,6,0.16666666666666666,11.833333333333334,392,1.1,0,0,25,18-30,Low Income,Warm,5,Store,0,0,General Customers
8299,1989,PhD,Single,33996.0,0,0,2013-11-09,46,40,2,15,8,0,6,1,1,1,3,4,0,0,71,5,6,0.16666666666666666,11.833333333333334,392,1.1,0,0,25,18-30,Low Income,Warm,5,Store,0,0,General Customers
8945,1970,Graduation,Divorced,54137.0,0,1,2013-08-16,46,171,0,11,0,1,20,2,4,1,4,6,0,0,203,9,11,0.18181818181818182,18.454545454545453,477,1.3,1,1,44,31-45,High Income,Warm,4,Web,0,0,Digital Shoppers
10870,1967,Graduation,Married,61223.0,0,1,2013-06-13,46,709,43,182,42,118,247,2,9,3,4,5,0,0,1341,16,18,0.1111111111111111,74.5,541,1.5,1,1,47,46-60,High Income,Warm,6,Web,1,0,High-Value Active Catalog/Web
1184,1968,PhD,Divorced,69674.0,0,2,2013-05-22,46,554,41,215,11,0,24,3,10,2,10,5,0,0,845,22,25,0.12,33.8,563,1.5,2,1,46,46-60,Very High Income,Warm,5,Web,0,0,Digital Shoppers
6141,1972,Master,Single,49494.0,1,0,2013-04-25,46,191,9,97,0,6,82,2,6,1,5,7,0,0,385,12,14,0.14285714285714285,27.5,590,1.6,1,1,42,31-45,Mid Income,Warm,5,Web,0,0,Digital Shoppers
8825,1962,Graduation,Together,51195.0,1,1,2013-01-04,46,230,14,156,82,24,58,8,9,2,5,8,0,0,564,16,24,0.3333333333333333,23.5,701,1.9,2,1,52,46-60,Mid Income,Warm,6,Web,0,0,Digital Shoppers
2217,1975,2n Cycle,Married,37284.0,1,1,2013-03-29,46,11,1,2,2,1,6,1,0,0,3,6,0,0,23,3,4,0.25,5.75,617,1.7,2,1,39,31-45,Mid Income,Warm,6,Store,0,0,Bargain Hunters
4102,1975,2n Cycle,Married,37284.0,1,1,2013-03-29,46,11,1,2,2,1,6,1,0,0,3,6,0,0,23,3,4,0.25,5.75,617,1.7,2,1,39,31-45,Mid Income,Warm,6,Store,0,0,Bargain Hunters
4653,1978,Graduation,Together,42011.0,1,0,2013-03-26,46,131,0,16,2,1,39,4,3,1,4,8,0,0,189,8,12,0.3333333333333333,15.75,620,1.7,1,1,36,31-45,Mid Income,Warm,5,Store,0,0,Bargain Hunters
10092,1954,Graduation,Divorced,70044.0,0,1,2013-02-18,46,1073,0,250,153,14,14,4,7,10,5,5,0,0,1504,22,26,0.15384615384615385,57.84615384615385,656,1.8,1,1,60,46-60,Very High Income,Warm,5,Catalog,1,0,High-Value Active Catalog/Web
5788,1972,Graduation,Together,46053.0,1,0,2013-02-17,46,56,10,92,19,7,25,3,3,2,4,5,0,0,209,9,12,0.25,17.416666666666668,657,1.8,1,1,42,31-45,Mid Income,Warm,6,Store,0,0,Bargain Hunters
4669,1981,Basic,Married,24480.0,1,0,2013-11-02,46,4,19,9,28,25,17,3,3,0,4,7,0,0,102,7,10,0.3,10.2,399,1.1,1,1,33,31-45,Low Income,Warm,6,Store,0,0,Bargain Hunters
6295,1977,Graduation,Married,54233.0,0,1,2013-04-02,46,652,8,158,21,0,142,4,11,6,5,8,0,0,981,22,26,0.15384615384615385,37.73076923076923,613,1.7,1,1,37,31-45,High Income,Warm,5,Web,0,0,Digital Shoppers
7453,1954,Graduation,Single,36130.0,0,1,2013-02-02,46,157,43,127,68,56,37,6,3,8,4,4,1,0,488,15,21,0.2857142857142857,23.238095238095237,672,1.8,1,1,60,46-60,Mid Income,Warm,6,Catalog,0,0,Catalog Shoppers
10841,1975,PhD,Together,56559.0,0,1,2012-12-25,46,226,22,133,41,31,31,3,4,3,8,4,0,0,484,15,18,0.16666666666666666,26.88888888888889,711,1.9,1,1,39,31-45,High Income,Warm,6,Store,0,0,Family Customers
821,1992,Master,Single,92859.0,0,0,2012-10-19,46,962,61,921,52,61,20,1,5,4,12,2,0,0,2077,21,22,0.045454545454545456,94.4090909090909,778,2.1,0,0,22,18-30,Very High Income,Warm,6,Store,1,0,General Customers
3933,1980,Graduation,Together,44010.0,1,0,2012-10-13,46,186,36,234,86,72,48,6,10,2,6,9,0,0,662,18,24,0.25,27.583333333333332,784,2.1,1,1,34,31-45,Mid Income,Warm,6,Web,0,0,Digital Shoppers
1225,1963,Graduation,Married,80124.0,0,0,2014-06-26,47,483,84,398,205,84,241,1,3,7,8,1,0,0,1495,18,19,0.05263157894736842,78.6842105263158,163,0.4,0,0,51,46-60,Very High Income,Warm,6,Store,1,0,General Customers
7059,1963,Graduation,Married,80124.0,0,0,2014-06-26,47,483,84,398,205,84,241,1,3,7,8,1,0,0,1495,18,19,0.05263157894736842,78.6842105263158,163,0.4,0,0,51,46-60,Very High Income,Warm,6,Store,1,0,General Customers
5633,1980,Graduation,Married,50183.0,1,1,2014-06-25,47,97,12,84,13,10,15,7,3,1,6,5,0,0,231,10,17,0.4117647058823529,13.588235294117647,164,0.4,2,1,34,31-45,Mid Income,Warm,6,Store,0,0,Bargain Hunters
843,1971,Graduation,Married,64722.0,1,0,2014-05-26,47,303,0,280,60,147,15,4,8,2,11,6,0,0,805,21,25,0.16,32.2,194,0.5,1,1,43,31-45,High Income,Warm,5,Store,0,0,Family Customers
6211,1976,PhD,Together,37395.0,1,0,2014-02-05,47,18,0,9,0,1,11,1,1,0,3,6,0,0,39,4,5,0.2,7.8,304,0.8,1,1,38,31-45,Mid Income,Warm,4,Store,0,0,Family Customers
7007,1968,Master,Married,29543.0,2,0,2014-01-04,47,17,3,18,3,4,18,2,3,1,2,7,0,0,63,6,8,0.25,7.875,336,0.9,2,1,46,46-60,Low Income,Warm,6,Web,0,0,Digital Shoppers
9671,1968,Graduation,Married,19514.0,1,1,2014-01-26,47,14,3,21,2,1,28,4,3,1,2,8,1,0,69,6,10,0.4,6.9,314,0.9,2,1,46,46-60,Low Income,Warm,6,Web,0,0,Digital Shoppers
8975,1968,Graduation,Married,19514.0,1,1,2014-01-26,47,14,3,21,2,1,28,4,3,1,2,8,0,0,69,6,10,0.4,6.9,314,0.9,2,1,46,46-60,Low Income,Warm,6,Web,0,0,Digital Shoppers
6616,1975,Graduation,Together,59481.0,0,1,2013-10-23,47,178,3,85,71,66,58,2,3,3,8,2,0,0,461,14,16,0.125,28.8125,409,1.1,1,1,39,31-45,High Income,Warm,6,Store,0,0,Family Customers
6248,1947,Master,Single,91712.0,0,0,2013-10-17,47,1276,24,746,94,29,48,0,9,7,11,3,1,0,2217,27,27,0.0,82.11111111111111,415,1.1,0,0,67,60+,Very High Income,Warm,6,Store,1,0,General Customers
7428,1975,Graduation,Together,80144.0,0,0,2013-09-30,47,240,132,445,250,192,108,1,3,7,8,1,0,0,1367,18,19,0.05263157894736842,71.94736842105263,432,1.2,0,0,39,31-45,Very High Income,Warm,6,Store,1,0,General Customers
3075,1972,PhD,Married,59973.0,0,0,2013-11-09,47,130,30,168,20,34,0,1,3,4,7,1,0,0,382,14,15,0.06666666666666667,25.466666666666665,392,1.1,0,0,42,31-45,High Income,Warm,5,Store,0,0,General Customers
2937,1974,PhD,Single,68352.0,0,1,2013-08-28,47,614,16,132,43,33,33,3,8,5,9,6,0,0,871,22,25,0.12,34.84,465,1.3,1,1,40,31-45,Very High Income,Warm,6,Store,0,0,Family Customers
203,1975,Master,Single,81169.0,0,0,2013-04-14,47,1288,20,613,80,61,27,1,5,7,9,2,0,0,2089,21,22,0.045454545454545456,94.95454545454545,601,1.6,0,0,39,31-45,Very High Income,Warm,6,Store,1,0,General Customers
2021,1975,Graduation,Married,61456.0,0,1,2013-03-27,47,563,76,384,84,192,89,4,6,10,13,4,0,0,1388,29,33,0.12121212121212122,42.06060606060606,619,1.7,1,1,39,31-45,High Income,Warm,6,Store,1,0,Family Customers
880,1966,Basic,Together,22634.0,0,0,2013-01-16,47,2,23,11,8,6,46,1,2,1,2,8,0,0,96,5,6,0.16666666666666666,16.0,689,1.9,0,0,48,46-60,Low Income,Warm,6,Web,0,0,Digital Shoppers
524,1966,Basic,Together,22634.0,0,0,2013-01-16,47,2,23,11,8,6,46,1,2,1,2,8,0,0,96,5,6,0.16666666666666666,16.0,689,1.9,0,0,48,46-60,Low Income,Warm,6,Web,0,0,Digital Shoppers
10837,1975,Graduation,Married,23957.0,1,0,2012-10-28,47,2,1,18,20,11,16,1,2,0,3,6,1,0,68,5,6,0.16666666666666666,11.333333333333334,769,2.1,1,1,39,31-45,Low Income,Warm,6,Store,0,0,Family Customers
7011,1973,Graduation,Married,33471.0,1,0,2012-12-10,47,43,2,27,0,9,12,3,3,0,4,7,0,0,93,7,10,0.3,9.3,726,2.0,1,1,41,31-45,Low Income,Warm,5,Store,0,0,Bargain Hunters
4184,1950,PhD,Together,52157.0,0,1,2014-07-06,48,189,2,29,3,2,40,2,3,2,5,4,0,0,265,10,12,0.16666666666666666,22.083333333333332,153,0.4,1,1,64,60+,High Income,Warm,6,Store,0,0,Family Customers
7679,1985,PhD,Single,30298.0,0,0,2014-05-19,48,6,3,12,6,1,0,1,1,1,3,3,0,0,28,5,6,0.16666666666666666,4.666666666666667,201,0.6,0,0,29,18-30,Low Income,Warm,5,Store,0,0,General Customers
7485,1950,PhD,Widow,56551.0,1,1,2014-07-05,48,67,4,32,17,2,16,3,2,1,4,4,0,0,138,7,10,0.3,13.8,154,0.4,2,1,64,60+,High Income,Warm,6,Store,0,0,Bargain Hunters
7530,1950,PhD,Widow,56551.0,1,1,2014-07-05,48,67,4,32,17,2,16,3,2,1,4,4,0,0,138,7,10,0.3,13.8,154,0.4,2,1,64,60+,High Income,Warm,6,Store,0,0,Bargain Hunters
4369,1957,Master,Other,65487.0,0,0,2014-10-01,48,240,67,500,199,0,163,3,3,5,6,2,0,0,1169,14,17,0.17647058823529413,68.76470588235294,66,0.2,0,0,57,46-60,High Income,Warm,5,Store,1,0,General Customers
10652,1957,Master,Together,65487.0,0,0,2014-10-01,48,240,67,500,199,0,163,3,3,5,6,2,0,0,1169,14,17,0.17647058823529413,68.76470588235294,66,0.2,0,0,57,46-60,High Income,Warm,5,Store,1,0,General Customers
286,1952,Graduation,Single,44213.0,1,1,2013-11-29,48,95,11,35,0,4,7,4,2,1,5,6,0,0,152,8,12,0.3333333333333333,12.666666666666666,372,1.0,2,1,62,60+,Mid Income,Warm,5,Store,0,0,Bargain Hunters
5922,1974,PhD,Married,40344.0,0,1,2013-10-13,48,210,0,6,0,0,2,2,4,1,5,7,0,0,218,10,12,0.16666666666666666,18.166666666666668,419,1.1,1,1,40,31-45,Mid Income,Warm,3,Store,0,0,Family Customers
7250,1978,Graduation,Together,57867.0,1,0,2013-01-10,48,344,35,178,15,23,17,7,7,2,9,6,0,0,612,18,25,0.28,24.48,695,1.9,1,1,36,31-45,High Income,Warm,6,Store,0,0,Bargain Hunters
2478,1973,Graduation,Married,25410.0,1,0,2013-08-31,48,2,2,4,13,13,4,1,1,0,4,4,0,0,38,5,6,0.16666666666666666,6.333333333333333,462,1.3,1,1,41,31-45,Low Income,Warm,6,Store,0,0,Family Customers
1160,1970,Graduation,Married,13260.0,1,1,2013-08-23,48,9,4,17,10,2,7,4,3,0,3,8,0,0,49,6,10,0.4,4.9,470,1.3,2,1,44,31-45,Low Income,Warm,6,Web,0,0,Digital Shoppers
9214,1991,Graduation,Married,42691.0,0,0,2013-08-16,48,179,2,64,38,17,58,1,5,1,6,5,0,0,358,12,13,0.07692307692307693,27.53846153846154,477,1.3,0,0,23,18-30,Mid Income,Warm,6,Store,0,0,General Customers
273,1970,Master,Married,36138.0,1,1,2013-07-16,48,130,0,16,0,0,5,5,3,1,4,7,0,0,151,8,13,0.38461538461538464,11.615384615384615,508,1.4,2,1,44,31-45,Mid Income,Warm,3,Store,0,0,Bargain Hunters
851,1972,Master,Married,57136.0,1,1,2013-09-07,48,306,5,109,21,109,92,9,5,2,10,6,0,0,642,17,26,0.34615384615384615,24.692307692307693,455,1.2,2,1,42,31-45,High Income,Warm,6,Store,0,0,Bargain Hunters
9729,1955,Graduation,Widow,58275.0,1,1,2013-02-06,48,189,10,253,56,43,64,6,8,2,7,7,0,0,615,17,23,0.2608695652173913,26.73913043478261,668,1.8,2,1,59,46-60,High Income,Warm,6,Web,0,0,Digital Shoppers
9665,1957,PhD,Divorced,54237.0,0,1,2013-04-27,48,267,3,30,4,0,57,4,5,2,5,6,0,0,361,12,16,0.25,22.5625,588,1.6,1,1,57,46-60,High Income,Warm,5,Web,0,0,Digital Shoppers
2620,1974,PhD,Married,34596.0,1,0,2013-04-13,48,14,0,2,0,0,7,1,1,0,2,8,1,0,23,3,4,0.25,5.75,602,1.6,1,1,40,31-45,Low Income,Warm,3,Store,0,0,Bargain Hunters
8254,1974,PhD,Married,34596.0,1,0,2013-04-13,48,14,0,2,0,0,7,1,1,0,2,8,0,0,23,3,4,0.25,5.75,602,1.6,1,1,40,31-45,Low Income,Warm,3,Store,0,0,Bargain Hunters
3852,1961,Master,Together,74881.0,1,1,2013-08-03,48,505,72,270,36,27,54,4,9,2,12,5,0,0,964,23,27,0.14814814814814814,35.7037037037037,490,1.3,2,1,53,46-60,Very High Income,Warm,6,Store,0,0,Family Customers
1000,1961,Master,Together,74881.0,1,1,2013-08-03,48,505,72,270,36,27,54,4,9,2,12,5,0,0,964,23,27,0.14814814814814814,35.7037037037037,490,1.3,2,1,53,46-60,Very High Income,Warm,6,Store,0,0,Family Customers
3099,1970,Graduation,Divorced,44267.0,1,1,2013-02-25,48,183,5,65,3,5,49,5,5,2,4,9,0,0,310,11,16,0.3125,19.375,649,1.8,2,1,44,31-45,Mid Income,Warm,6,Web,0,0,Digital Shoppers
6318,1988,Graduation,Married,68487.0,0,0,2013-01-13,48,758,12,385,33,89,89,1,9,7,13,4,0,0,1366,29,30,0.03333333333333333,45.53333333333333,692,1.9,0,0,26,18-30,Very High Income,Warm,6,Store,1,0,General Customers
5396,1988,Graduation,Married,68487.0,0,0,2013-01-13,48,758,12,385,33,89,89,1,9,7,13,4,0,0,1366,29,30,0.03333333333333333,45.53333333333333,692,1.9,0,0,26,18-30,Very High Income,Warm,6,Store,1,0,General Customers
7966,1959,Graduation,Single,80982.0,1,1,2013-08-01,48,505,137,401,104,22,22,3,11,5,11,5,0,1,1191,27,30,0.1,39.7,492,1.3,2,1,55,46-60,Very High Income,Warm,6,Web,1,0,High-Value Active Catalog/Web
454,1980,Graduation,Together,69508.0,1,0,2012-11-14,48,824,32,162,42,32,43,2,11,4,11,6,0,0,1135,26,28,0.07142857142857142,40.535714285714285,752,2.1,1,1,34,31-45,Very High Income,Warm,6,Web,1,0,High-Value Active Catalog/Web
309,1961,PhD,Together,63342.0,0,1,2012-10-16,48,918,21,118,13,10,21,3,8,3,5,6,0,0,1101,16,19,0.15789473684210525,57.94736842105263,781,2.1,1,1,53,46-60,High Income,Warm,6,Web,1,0,High-Value Active Catalog/Web
3571,1961,PhD,Together,63342.0,0,1,2012-10-16,48,918,21,118,13,10,21,3,8,3,5,6,1,0,1101,16,19,0.15789473684210525,57.94736842105263,781,2.1,1,1,53,46-60,High Income,Warm,6,Web,1,0,High-Value Active Catalog/Web
8395,1961,Graduation,Single,82014.0,0,0,2012-08-20,48,980,37,265,35,163,31,1,3,6,12,6,1,0,1511,21,22,0.045454545454545456,68.68181818181819,838,2.3,0,0,53,46-60,Very High Income,Warm,6,Store,1,0,General Customers
2591,1959,Graduation,Widow,76320.0,0,1,2014-06-22,49,526,35,214,69,53,35,2,6,3,4,2,0,0,932,13,15,0.13333333333333333,62.13333333333333,167,0.5,1,1,55,46-60,Very High Income,Warm,6,Web,0,0,Digital Shoppers
1640,1954,Graduation,Divorced,64587.0,1,1,2014-06-22,49,66,0,16,0,6,20,2,1,1,4,3,0,0,108,6,8,0.25,13.5,167,0.5,2,1,60,46-60,High Income,Warm,4,Store,0,0,Bargain Hunters
810,1975,Graduation,Married,74190.0,0,1,2014-12-05,49,151,81,86,168,91,64,2,4,2,11,2,0,0,641,17,19,0.10526315789473684,33.73684210526316,1,0.0,1,1,39,31-45,Very High Income,Warm,6,Store,0,0,Family Customers
9423,1979,Master,Married,32765.0,1,0,2014-02-23,49,13,3,17,7,3,3,2,2,0,4,5,0,0,46,6,8,0.25,5.75,286,0.8,1,1,35,31-45,Low Income,Warm,6,Store,0,0,Bargain Hunters
4345,1964,2n Cycle,Single,51381.5,1,1,2014-12-01,49,5,1,9,2,0,4,1,1,0,2,7,0,0,21,3,4,0.25,5.25,5,0.0,2,1,50,46-60,Mid Income,Warm,5,Store,0,0,Bargain Hunters
89,1975,2n Cycle,Married,22212.0,1,0,2013-09-12,49,5,9,20,6,8,21,2,2,0,4,6,0,0,69,6,8,0.25,8.625,450,1.2,1,1,39,31-45,Low Income,Warm,6,Store,0,0,Bargain Hunters
5294,1989,Graduation,Single,18358.0,1,0,2013-11-20,49,6,8,19,16,4,4,3,3,0,4,7,0,0,57,7,10,0.3,5.7,381,1.0,1,1,25,18-30,Low Income,Warm,6,Store,0,0,Bargain Hunters
1321,1974,Graduation,Married,26067.0,1,0,2013-04-11,49,22,2,18,0,2,12,3,3,0,3,8,0,0,56,6,9,0.3333333333333333,6.222222222222222,604,1.7,1,1,40,31-45,Low Income,Warm,5,Web,0,0,Digital Shoppers
2686,1969,Basic,Together,22390.0,0,0,2013-10-21,49,0,1,4,15,1,5,1,1,0,2,7,0,0,26,3,4,0.25,6.5,411,1.1,0,0,45,31-45,Low Income,Warm,5,Store,0,0,Bargain Hunters
1215,1978,Graduation,Together,70440.0,0,0,2013-08-10,49,690,117,499,76,102,88,1,5,10,7,3,0,0,1572,22,23,0.043478260869565216,68.34782608695652,483,1.3,0,0,36,31-45,Very High Income,Warm,6,Catalog,1,0,High-Value Active Catalog/Web
9283,1978,Graduation,Single,60199.0,1,2,2013-12-09,49,8,1,7,2,0,0,1,0,0,3,4,0,0,18,3,4,0.25,4.5,362,1.0,3,1,36,31-45,High Income,Warm,4,Store,0,0,Bargain Hunters
3120,1981,Graduation,Together,38547.0,1,0,2013-08-28,49,6,1,10,0,1,4,1,1,0,2,8,0,1,22,3,4,0.25,5.5,465,1.3,1,1,33,31-45,Mid Income,Warm,5,Store,0,0,Bargain Hunters
5868,1980,Graduation,Married,19107.0,1,0,2013-08-22,49,2,4,9,10,5,16,2,1,0,3,7,0,0,46,4,6,0.3333333333333333,7.666666666666667,471,1.3,1,1,34,31-45,Low Income,Warm,6,Store,0,0,Bargain Hunters
8143,1985,PhD,Single,37929.0,0,0,2013-07-30,49,202,2,46,3,2,10,2,4,2,5,7,1,0,265,11,13,0.15384615384615385,20.384615384615383,494,1.4,0,0,29,18-30,Mid Income,Warm,6,Store,0,0,General Customers
3479,1950,Graduation,Single,16813.0,0,0,2013-07-19,49,4,8,11,12,2,13,1,2,0,3,7,0,0,50,5,6,0.16666666666666666,8.333333333333334,505,1.4,0,0,64,60+,Low Income,Warm,6,Store,0,0,General Customers
7214,1957,Graduation,Married,62187.0,0,0,2013-05-07,49,792,0,275,45,45,126,1,4,8,5,3,0,0,1283,17,18,0.05555555555555555,71.27777777777777,578,1.6,0,0,57,46-60,High Income,Warm,5,Catalog,1,0,High-Value Active Catalog/Web
5543,1966,Graduation,Together,57811.0,0,1,2013-06-24,49,545,7,114,37,21,78,5,7,2,11,5,0,0,802,20,25,0.2,32.08,530,1.5,1,1,48,46-60,High Income,Warm,6,Store,0,0,Family Customers
9347,1956,Master,Together,50943.0,0,1,2013-06-21,49,31,0,7,2,0,6,1,1,0,3,5,0,0,46,4,5,0.2,9.2,533,1.5,1,1,58,46-60,Mid Income,Warm,4,Store,0,0,Family Customers
10160,1956,Master,Together,50943.0,0,1,2013-06-21,49,31,0,7,2,0,6,1,1,0,3,5,0,0,46,4,5,0.2,9.2,533,1.5,1,1,58,46-60,Mid Income,Warm,4,Store,0,0,Family Customers
1406,1975,Graduation,Single,53201.0,1,1,2013-12-02,49,280,7,81,20,0,27,8,6,3,5,7,0,0,415,14,22,0.36363636363636365,18.863636363636363,369,1.0,2,1,39,31-45,High Income,Warm,5,Web,0,0,Digital Shoppers
7019,1963,Graduation,Together,54414.0,1,1,2013-01-23,49,109,18,16,24,26,18,4,3,1,5,4,0,0,211,9,13,0.3076923076923077,16.23076923076923,682,1.9,2,1,51,46-60,High Income,Warm,6,Store,0,0,Bargain Hunters
2157,1972,Graduation,Together,26290.0,1,1,2013-12-01,49,15,8,16,11,5,22,4,2,0,4,6,0,0,77,6,10,0.4,7.7,370,1.0,2,1,42,31-45,Low Income,Warm,6,Store,0,0,Bargain Hunters
8939,1959,Graduation,Divorced,61250.0,0,1,2012-12-16,49,382,138,65,60,26,59,6,5,2,12,5,0,0,730,19,25,0.24,29.2,720,2.0,1,1,55,46-60,High Income,Warm,6,Store,0,0,Family Customers
10250,1947,Basic,Together,28389.0,0,0,2012-11-20,49,1,5,3,7,4,8,1,1,0,2,7,0,0,28,3,4,0.25,7.0,746,2.0,0,0,67,60+,Low Income,Warm,6,Store,0,0,Bargain Hunters
1272,1965,Master,Single,55250.0,0,1,2012-10-21,49,664,58,83,32,0,66,4,7,5,10,5,0,0,903,22,26,0.15384615384615385,34.73076923076923,776,2.1,1,1,49,46-60,High Income,Warm,5,Store,0,0,Family Customers
3007,1966,Graduation,Together,37758.0,1,1,2012-04-10,49,27,2,10,0,0,1,2,1,0,3,8,0,0,40,4,6,0.3333333333333333,6.666666666666667,970,2.7,2,1,48,46-60,Mid Income,Warm,4,Store,0,0,Bargain Hunters
5513,1966,Graduation,Together,37758.0,1,1,2012-04-10,49,27,2,10,0,0,1,2,1,0,3,8,0,0,40,4,6,0.3333333333333333,6.666666666666667,970,2.7,2,1,48,46-60,Mid Income,Warm,4,Store,0,0,Bargain Hunters
679,1957,PhD,Married,37633.0,1,1,2012-09-20,49,13,4,20,0,0,1,2,1,0,3,9,0,0,38,4,6,0.3333333333333333,6.333333333333333,807,2.2,2,1,57,46-60,Mid Income,Warm,4,Store,0,0,Bargain Hunters
8876,1963,PhD,Together,33629.0,1,1,2012-08-08,49,132,0,16,0,0,4,5,3,1,4,9,0,0,152,8,13,0.38461538461538464,11.692307692307692,850,2.3,2,1,51,46-60,Low Income,Warm,3,Store,0,0,Bargain Hunters
10827,1967,PhD,Married,36947.0,1,1,2012-07-08,49,88,3,21,4,1,29,4,3,0,4,9,0,0,146,7,11,0.36363636363636365,13.272727272727273,881,2.4,2,1,47,46-60,Mid Income,Warm,6,Store,0,0,Bargain Hunters
7300,1952,Graduation,Divorced,69142.0,0,1,2014-06-29,50,448,4,34,6,4,39,3,8,1,7,5,0,0,535,16,19,0.15789473684210525,28.157894736842106,160,0.4,1,1,62,60+,Very High Income,Warm,6,Web,0,0,Digital Shoppers
4268,1959,Graduation,Married,53154.0,0,1,2014-09-06,50,129,0,21,0,1,7,1,3,1,4,4,0,0,158,8,9,0.1111111111111111,17.555555555555557,91,0.2,1,1,55,46-60,High Income,Warm,4,Store,0,0,Family Customers
4603,1960,PhD,Married,65695.0,0,1,2014-01-31,50,371,32,189,0,58,6,2,5,4,10,4,0,0,656,19,21,0.09523809523809523,31.238095238095237,309,0.8,1,1,54,46-60,High Income,Warm,5,Store,0,0,Family Customers
8659,1952,PhD,Together,69805.0,0,1,2014-01-21,50,750,71,174,13,10,20,2,6,8,11,2,0,0,1038,25,27,0.07407407407407407,38.44444444444444,319,0.9,1,1,62,60+,Very High Income,Warm,6,Store,0,0,Family Customers
10708,1978,2n Cycle,Single,36975.0,1,0,2013-12-28,50,10,6,11,0,4,2,1,1,0,3,7,0,0,33,4,5,0.2,6.6,343,0.9,1,1,36,31-45,Mid Income,Warm,5,Store,0,0,Family Customers
1176,1973,Graduation,Married,26228.0,1,0,2013-09-22,50,2,6,4,3,1,9,1,1,0,2,8,0,0,25,3,4,0.25,6.25,440,1.2,1,1,41,31-45,Low Income,Warm,6,Store,0,0,Bargain Hunters
10380,1972,Master,Married,37787.0,1,0,2013-09-20,50,40,1,40,4,3,18,1,3,0,3,8,0,0,106,6,7,0.14285714285714285,15.142857142857142,442,1.2,1,1,42,31-45,Mid Income,Warm,6,Web,0,0,Digital Shoppers
7037,1974,PhD,Married,37087.0,1,0,2013-11-08,50,194,55,134,15,0,3,3,4,2,8,6,0,0,401,14,17,0.17647058823529413,23.58823529411765,393,1.1,1,1,40,31-45,Mid Income,Warm,5,Store,0,0,Family Customers
11096,1952,2n Cycle,Together,57247.0,0,1,2013-08-08,50,99,4,32,37,54,6,2,2,1,7,2,0,0,232,10,12,0.16666666666666666,19.333333333333332,485,1.3,1,1,62,60+,High Income,Warm,6,Store,0,0,Family Customers
6374,1954,PhD,Married,36930.0,0,1,2013-05-17,50,223,2,31,0,2,39,5,5,2,4,8,0,0,297,11,16,0.3125,18.5625,568,1.6,1,1,60,46-60,Mid Income,Warm,5,Web,0,0,Digital Shoppers
5552,1963,Master,Divorced,48721.0,1,1,2013-05-13,50,81,18,113,47,13,21,6,4,2,5,6,0,0,293,11,17,0.35294117647058826,17.235294117647058,572,1.6,2,1,51,46-60,Mid Income,Warm,6,Store,0,0,Bargain Hunters
2245,1969,Master,Married,43641.0,1,1,2013-04-22,50,57,2,51,4,2,23,3,2,1,4,6,0,0,139,7,10,0.3,13.9,593,1.6,2,1,45,31-45,Mid Income,Warm,6,Store,0,0,Bargain Hunters
6200,1951,Graduation,Married,75903.0,0,1,2013-08-04,50,340,108,185,130,38,100,2,6,6,9,3,0,0,901,21,23,0.08695652173913043,39.17391304347826,489,1.3,1,1,63,60+,Very High Income,Warm,6,Store,0,0,Family Customers
9904,1956,Graduation,Married,71391.0,0,1,2013-03-29,50,336,123,274,46,123,141,5,6,5,12,3,0,0,1043,23,28,0.17857142857142858,37.25,617,1.7,1,1,58,46-60,Very High Income,Warm,6,Store,0,0,Family Customers
10031,1976,PhD,Married,16927.0,1,1,2013-10-02,50,20,2,23,3,1,4,5,3,0,4,8,0,0,53,7,12,0.4166666666666667,4.416666666666667,430,1.2,2,1,38,31-45,Low Income,Warm,6,Store,0,0,Bargain Hunters
6642,1961,Graduation,Divorced,27215.0,2,1,2013-01-23,50,30,5,22,8,9,28,4,2,1,4,6,0,0,102,7,11,0.36363636363636365,9.272727272727273,682,1.9,3,1,53,46-60,Low Income,Warm,6,Store,0,0,Bargain Hunters
10882,1976,Graduation,Married,53858.0,0,1,2012-09-11,50,407,53,221,58,150,26,4,4,3,6,4,0,0,915,13,17,0.23529411764705882,53.8235294117647,816,2.2,1,1,38,31-45,High Income,Warm,6,Store,0,0,Family Customers
5636,1963,Graduation,Single,30983.0,0,0,2012-09-11,50,51,4,50,12,1,49,1,4,0,3,8,1,0,167,7,8,0.125,20.875,816,2.2,0,0,51,46-60,Low Income,Warm,6,Web,0,0,Digital Shoppers
8692,1952,Graduation,Together,43462.0,1,1,2012-12-09,50,90,17,97,15,6,15,6,4,1,5,8,0,0,240,10,16,0.375,15.0,727,2.0,2,1,62,60+,Mid Income,Warm,6,Store,0,0,Bargain Hunters
8091,1956,Graduation,Married,63943.0,0,1,2012-02-09,50,423,184,368,13,97,21,1,6,4,6,5,0,0,1106,16,17,0.058823529411764705,65.05882352941177,1031,2.8,1,1,58,46-60,High Income,Warm,6,Web,1,0,High-Value Active Catalog/Web
8080,1986,Graduation,Single,26816.0,0,0,2012-08-17,50,5,1,6,3,4,3,1,0,0,3,4,0,0,22,3,4,0.25,5.5,841,2.3,0,0,28,18-30,Low Income,Warm,6,Store,0,0,Bargain Hunters
8370,1976,2n Cycle,Together,75484.0,0,1,2012-02-08,50,378,97,259,197,194,34,2,7,3,6,4,0,0,1159,16,18,0.1111111111111111,64.38888888888889,1032,2.8,1,1,38,31-45,Very High Income,Warm,6,Web,1,0,High-Value Active Catalog/Web
4550,1966,Master,Together,33564.0,0,1,2014-06-24,51,61,0,3,0,0,7,1,1,1,3,5,0,0,71,5,6,0.16666666666666666,11.833333333333334,165,0.5,1,1,48,46-60,Low Income,Warm,3,Store,0,0,Family Customers
3381,1953,Master,Married,54348.0,1,1,2014-08-06,51,70,0,16,0,0,4,2,2,0,4,6,0,0,90,6,8,0.25,11.25,122,0.3,2,1,61,60+,High Income,Warm,3,Store,0,0,Bargain Hunters
10556,1959,Graduation,Married,54984.0,0,1,2014-05-24,51,173,13,131,32,3,6,4,6,1,6,7,0,0,358,13,17,0.23529411764705882,21.058823529411764,196,0.5,1,1,55,46-60,High Income,Warm,6,Web,0,0,Digital Shoppers
9467,1984,Graduation,Single,34738.0,1,0,2014-11-05,51,3,2,10,3,0,2,1,1,0,3,6,0,0,20,4,5,0.2,4.0,31,0.1,1,1,30,18-30,Low Income,Warm,5,Store,0,0,Family Customers
2891,1963,Graduation,Divorced,68118.0,0,1,2013-10-18,51,595,23,123,10,23,154,2,8,9,4,6,0,0,928,21,23,0.08695652173913043,40.34782608695652,414,1.1,1,1,51,46-60,High Income,Warm,6,Catalog,0,0,Catalog Shoppers
5011,1963,Graduation,Divorced,68118.0,0,1,2013-10-18,51,595,23,123,10,23,154,2,8,9,4,6,0,0,928,21,23,0.08695652173913043,40.34782608695652,414,1.1,1,1,51,46-60,High Income,Warm,6,Catalog,0,0,Catalog Shoppers
8140,1973,Graduation,Together,22682.0,1,0,2013-03-10,51,10,14,29,4,2,36,3,2,1,4,4,0,0,95,7,10,0.3,9.5,636,1.7,1,1,41,31-45,Low Income,Warm,6,Store,0,0,Bargain Hunters
11039,1975,Graduation,Married,51948.0,0,1,2013-09-17,51,82,33,54,71,30,41,2,5,2,4,5,0,0,311,11,13,0.15384615384615385,23.923076923076923,445,1.2,1,1,39,31-45,High Income,Warm,6,Web,0,0,Digital Shoppers
78,1969,Graduation,Married,25293.0,1,0,2013-09-15,51,15,0,11,0,2,9,1,1,1,2,8,0,0,37,4,5,0.2,7.4,447,1.2,1,1,45,31-45,Low Income,Warm,4,Store,0,0,Family Customers
5517,1969,Graduation,Married,25293.0,1,0,2013-09-15,51,15,0,11,0,2,9,1,1,1,2,8,0,0,37,4,5,0.2,7.4,447,1.2,1,1,45,31-45,Low Income,Warm,4,Store,0,0,Family Customers
5290,1964,PhD,Married,41551.0,1,1,2013-08-14,51,220,0,33,3,0,23,5,5,1,5,8,0,0,279,11,16,0.3125,17.4375,479,1.3,2,1,50,46-60,Mid Income,Warm,4,Web,0,0,Digital Shoppers
4128,1962,PhD,Together,56067.0,0,1,2013-07-20,51,517,12,54,16,6,120,2,7,4,7,5,0,0,725,18,20,0.1,36.25,504,1.4,1,1,52,46-60,High Income,Warm,6,Web,0,0,Digital Shoppers
8534,1952,Graduation,Married,67433.0,0,2,2013-07-16,51,615,28,259,12,48,30,4,6,5,13,4,0,0,992,24,28,0.14285714285714285,35.42857142857143,508,1.4,2,1,62,60+,High Income,Warm,6,Store,0,0,Family Customers
9592,1983,Graduation,Together,22010.0,1,0,2013-06-30,51,11,2,9,3,0,8,2,2,0,3,8,0,0,33,5,7,0.2857142857142857,4.714285714285714,524,1.4,1,1,31,31-45,Low Income,Warm,5,Store,0,0,Bargain Hunters
8957,1952,2n Cycle,Single,64831.0,1,1,2013-10-06,51,480,86,249,75,86,144,8,6,3,5,6,0,0,1120,14,22,0.36363636363636365,50.90909090909091,426,1.2,2,1,62,60+,High Income,Warm,6,Web,1,0,High-Value Active Catalog/Web
9308,1954,Graduation,Married,62820.0,0,0,2013-11-05,51,398,61,265,138,61,53,1,3,4,6,1,0,0,976,13,14,0.07142857142857142,69.71428571428571,396,1.1,0,0,60,46-60,High Income,Warm,6,Store,0,0,General Customers
544,1954,Graduation,Married,62820.0,0,0,2013-11-05,51,398,61,265,138,61,53,1,3,4,6,1,0,0,976,13,14,0.07142857142857142,69.71428571428571,396,1.1,0,0,60,46-60,High Income,Warm,6,Store,0,0,General Customers
5989,1959,2n Cycle,Divorced,78353.0,0,1,2013-04-16,51,752,122,476,39,153,34,1,10,2,11,8,0,0,1576,23,24,0.041666666666666664,65.66666666666667,599,1.6,1,1,55,46-60,Very High Income,Warm,6,Store,1,0,Family Customers
635,1966,Master,Married,57183.0,1,1,2013-03-19,51,464,5,64,7,0,70,8,9,1,7,8,0,0,610,17,25,0.32,24.4,627,1.7,2,1,48,46-60,High Income,Warm,5,Web,0,0,Digital Shoppers
6673,1965,Graduation,Single,23478.0,0,0,2013-03-19,51,28,6,27,12,17,39,1,3,0,3,8,0,0,129,6,7,0.14285714285714285,18.428571428571427,627,1.7,0,0,49,46-60,Low Income,Warm,6,Web,0,0,Digital Shoppers
1710,1978,Graduation,Single,30168.0,1,0,2013-07-03,51,154,20,66,0,12,27,7,6,1,4,9,0,0,279,11,18,0.3888888888888889,15.5,521,1.4,1,1,36,31-45,Low Income,Warm,5,Web,0,0,Digital Shoppers
523,1989,Graduation,Married,37155.0,1,0,2013-01-31,51,23,0,26,7,15,3,1,2,0,4,5,0,0,74,6,7,0.14285714285714285,10.571428571428571,674,1.8,1,1,25,18-30,Mid Income,Warm,5,Store,0,0,Family Customers
8977,1985,Basic,Single,16581.0,0,0,2013-12-01,51,1,3,4,2,3,11,1,0,0,3,4,0,0,24,3,4,0.25,6.0,370,1.0,0,0,29,18-30,Low Income,Warm,6,Store,0,0,Bargain Hunters
9736,1980,Graduation,Married,41850.0,1,1,2012-12-24,51,53,5,19,2,13,4,3,3,0,3,8,0,0,96,6,9,0.3333333333333333,10.666666666666666,712,2.0,2,1,34,31-45,Mid Income,Warm,6,Web,0,0,Digital Shoppers
1544,1967,Master,Divorced,81380.0,0,0,2012-12-22,51,741,68,689,224,68,103,1,4,2,10,2,0,0,1893,16,17,0.058823529411764705,111.3529411764706,714,2.0,0,0,47,46-60,Very High Income,Warm,6,Store,1,0,General Customers
6575,1981,Graduation,Together,56386.0,1,1,2012-10-27,51,230,48,214,13,32,75,8,9,1,7,9,0,0,612,17,25,0.32,24.48,770,2.1,2,1,33,31-45,High Income,Warm,6,Web,0,0,Digital Shoppers
6147,1971,Graduation,Divorced,25818.0,1,0,2012-10-18,51,5,2,8,2,2,9,1,0,1,2,7,0,0,28,3,4,0.25,7.0,779,2.1,1,1,43,31-45,Low Income,Warm,6,Store,0,0,Bargain Hunters
6354,1984,Graduation,Together,15345.0,1,0,2012-08-31,51,5,2,16,3,2,19,2,1,1,2,8,1,0,47,4,6,0.3333333333333333,7.833333333333333,827,2.3,1,1,30,18-30,Low Income,Warm,6,Store,0,0,Bargain Hunters
4769,1977,Master,Together,57954.0,1,1,2014-06-18,52,456,4,24,0,0,9,7,8,2,6,7,0,0,493,16,23,0.30434782608695654,21.434782608695652,171,0.5,2,1,37,31-45,High Income,Warm,4,Web,0,0,Digital Shoppers
7540,1952,Graduation,Married,50300.0,0,1,2014-05-25,52,143,15,60,24,23,5,2,2,1,8,2,0,0,270,11,13,0.15384615384615385,20.76923076923077,195,0.5,1,1,62,60+,Mid Income,Warm,6,Store,0,0,Family Customers
5247,1955,PhD,Married,38725.0,1,1,2014-10-05,52,31,0,6,2,1,5,2,1,0,4,4,0,0,45,5,7,0.2857142857142857,6.428571428571429,62,0.2,2,1,59,46-60,Mid Income,Warm,5,Store,0,0,Bargain Hunters
5987,1989,2n Cycle,Together,10404.0,1,0,2014-04-05,52,2,2,11,10,6,12,2,1,0,4,5,0,0,43,5,7,0.2857142857142857,6.142857142857143,245,0.7,1,1,25,18-30,Low Income,Warm,6,Store,0,0,Bargain Hunters
9960,1991,Basic,Single,26868.0,1,0,2014-04-30,52,0,0,1,8,3,2,1,1,0,2,7,0,0,14,3,4,0.25,3.5,220,0.6,1,1,23,18-30,Low Income,Warm,4,Store,0,0,Bargain Hunters
10972,1949,Graduation,Widow,72298.0,0,0,2014-10-03,52,625,35,169,58,17,35,1,4,3,6,1,0,0,939,13,14,0.07142857142857142,67.07142857142857,64,0.2,0,0,65,60+,Very High Income,Warm,6,Store,0,0,General Customers
1399,1958,Graduation,Married,72905.0,0,0,2014-01-21,52,407,114,445,181,165,203,1,3,7,9,1,0,0,1515,19,20,0.05,75.75,319,0.9,0,0,56,46-60,Very High Income,Warm,6,Store,1,0,General Customers
2698,1976,Graduation,Single,47025.0,0,1,2013-07-11,52,254,7,108,20,0,26,3,6,3,5,6,0,0,415,14,17,0.17647058823529413,24.41176470588235,513,1.4,1,1,38,31-45,Mid Income,Warm,5,Web,0,0,Digital Shoppers
6340,1985,Graduation,Single,29938.0,1,0,2013-10-27,52,3,3,7,0,2,11,2,1,0,3,6,0,0,26,4,6,0.3333333333333333,4.333333333333333,405,1.1,1,1,29,18-30,Low Income,Warm,5,Store,0,0,Bargain Hunters
4107,1948,PhD,Together,46681.0,0,2,2013-08-10,52,269,15,69,15,19,38,2,4,6,4,5,0,0,425,14,16,0.125,26.5625,483,1.3,2,1,66,60+,Mid Income,Warm,6,Catalog,0,0,Catalog Shoppers
10906,1948,PhD,Together,46681.0,0,2,2013-08-10,52,269,15,69,15,19,38,2,4,6,4,5,0,0,425,14,16,0.125,26.5625,483,1.3,2,1,66,60+,Mid Income,Warm,6,Catalog,0,0,Catalog Shoppers
2557,1970,Master,Single,29548.0,1,0,2013-08-29,52,7,1,6,3,1,11,1,1,1,2,4,0,0,29,4,5,0.2,5.8,464,1.3,1,1,44,31-45,Low Income,Warm,6,Store,0,0,Family Customers
8786,1956,Master,Married,62058.0,0,1,2013-05-26,52,301,7,74,10,0,58,4,6,1,7,6,0,0,450,14,18,0.2222222222222222,25.0,559,1.5,1,1,58,46-60,High Income,Warm,5,Store,0,0,Family Customers
7187,1969,Master,Together,51381.5,1,1,2013-05-18,52,375,42,48,94,66,96,7,4,10,4,3,0,0,721,18,25,0.28,28.84,567,1.6,2,1,45,31-45,Mid Income,Warm,6,Catalog,0,0,Catalog Shoppers
6119,1963,PhD,Single,36736.0,1,1,2013-10-05,52,10,0,3,0,0,4,1,1,0,2,6,0,0,17,3,4,0.25,4.25,427,1.2,2,1,51,46-60,Mid Income,Warm,3,Store,0,0,Bargain Hunters
2980,1952,Master,Single,8820.0,1,1,2013-03-22,52,12,0,13,4,2,4,4,3,0,3,8,0,0,35,6,10,0.4,3.5,624,1.7,2,1,62,60+,Low Income,Warm,5,Web,0,0,Digital Shoppers
3850,1963,Basic,Together,14918.0,0,1,2012-07-12,52,3,3,3,15,4,15,1,1,0,3,6,0,0,43,4,5,0.2,8.6,877,2.4,1,1,51,46-60,Low Income,Warm,6,Store,0,0,Family Customers
1077,1974,Graduation,Together,56715.0,0,0,2012-05-12,52,258,105,239,237,172,9,1,7,3,4,4,0,0,1020,14,15,0.06666666666666667,68.0,938,2.6,0,0,40,31-45,High Income,Warm,6,Web,0,0,Digital Shoppers
9733,1978,Basic,Together,24882.0,1,0,2012-09-09,52,1,4,10,29,0,36,1,1,1,2,6,0,0,80,4,5,0.2,16.0,818,2.2,1,1,36,31-45,Low Income,Warm,5,Store,0,0,Family Customers
8462,1978,Basic,Together,24882.0,1,0,2012-09-09,52,1,4,10,29,0,36,1,1,1,2,6,0,0,80,4,5,0.2,16.0,818,2.2,1,1,36,31-45,Low Income,Warm,5,Store,0,0,Family Customers
4764,1952,Master,Together,40442.0,1,1,2012-08-19,52,45,12,52,25,22,13,4,3,1,4,7,1,0,169,8,12,0.3333333333333333,14.083333333333334,839,2.3,2,1,62,60+,Mid Income,Warm,6,Store,0,0,Bargain Hunters
2223,1965,2n Cycle,Divorced,64176.0,0,1,2012-03-08,52,1215,33,249,64,116,149,8,8,9,8,6,0,0,1826,25,33,0.24242424242424243,55.333333333333336,1003,2.7,1,1,49,46-60,High Income,Warm,6,Catalog,1,0,High-Value Active Catalog/Web
7788,1983,PhD,Married,23536.0,1,0,2014-04-06,53,6,0,3,0,0,1,1,0,0,3,3,0,0,10,3,4,0.25,2.5,244,0.7,1,1,31,31-45,Low Income,Warm,3,Store,0,0,Bargain Hunters
5827,1958,Graduation,Divorced,35246.0,1,1,2014-04-16,53,36,0,12,2,2,10,4,3,1,3,5,0,0,62,7,11,0.36363636363636365,5.636363636363637,234,0.6,2,1,56,46-60,Low Income,Warm,5,Web,0,0,Digital Shoppers
2958,1978,Graduation,Married,28442.0,2,0,2014-02-24,53,19,3,10,11,8,6,3,2,1,4,4,0,0,57,7,10,0.3,5.7,285,0.8,2,1,36,31-45,Low Income,Warm,6,Store,0,0,Bargain Hunters
4954,1956,Graduation,Married,48195.0,1,1,2014-01-21,53,106,27,68,52,7,5,6,4,2,5,6,0,0,265,11,17,0.35294117647058826,15.588235294117647,319,0.9,2,1,58,46-60,Mid Income,Warm,6,Store,0,0,Bargain Hunters
3139,1982,2n Cycle,Single,74116.0,0,0,2013-12-30,53,871,111,704,145,55,166,1,4,4,10,2,0,0,2052,18,19,0.05263157894736842,108.0,341,0.9,0,0,32,31-45,Very High Income,Warm,6,Store,1,0,General Customers
9952,1947,Master,Together,78093.0,0,0,2013-11-12,53,368,32,639,13,43,10,1,4,7,5,1,0,0,1105,16,17,0.058823529411764705,65.0,389,1.1,0,0,67,60+,Very High Income,Warm,6,Catalog,1,0,High-Value Active Catalog/Web
8180,1952,Master,Divorced,59354.0,1,1,2013-11-15,53,233,2,53,3,5,14,3,6,1,5,6,0,0,310,12,15,0.2,20.666666666666668,386,1.1,2,1,62,60+,High Income,Warm,6,Web,0,0,Digital Shoppers
3276,1976,2n Cycle,Together,36301.0,1,0,2013-10-25,53,11,12,35,3,5,12,1,3,0,3,7,0,0,78,6,7,0.14285714285714285,11.142857142857142,407,1.1,1,1,38,31-45,Mid Income,Warm,6,Web,0,0,Digital Shoppers
4994,1943,Master,Single,77598.0,0,0,2013-01-10,53,1193,33,281,129,66,33,1,7,5,13,3,0,0,1735,25,26,0.038461538461538464,66.73076923076923,695,1.9,0,0,71,60+,Very High Income,Warm,6,Store,1,0,General Customers
3598,1972,Graduation,Married,62710.0,0,1,2013-05-23,53,441,35,83,7,29,11,4,4,2,12,4,0,0,606,18,22,0.18181818181818182,27.545454545454547,562,1.5,1,1,42,31-45,High Income,Warm,6,Store,0,0,Family Customers
945,1965,Graduation,Together,36317.0,0,1,2013-05-22,53,87,3,25,3,2,13,2,3,0,4,7,0,0,133,7,9,0.2222222222222222,14.777777777777779,563,1.5,1,1,49,46-60,Mid Income,Warm,6,Store,0,0,Family Customers
5048,1971,PhD,Single,42767.0,2,0,2013-11-05,53,20,6,43,19,5,38,1,3,1,2,8,0,0,131,6,7,0.14285714285714285,18.714285714285715,396,1.1,2,1,43,31-45,Mid Income,Warm,6,Web,0,0,Digital Shoppers
6214,1982,Master,Married,43815.0,1,0,2013-05-04,53,14,10,29,4,7,15,1,2,0,3,6,0,0,79,5,6,0.16666666666666666,13.166666666666666,581,1.6,1,1,32,31-45,Mid Income,Warm,6,Store,0,0,Family Customers
6230,1971,Graduation,Divorced,44421.0,1,1,2013-02-15,53,110,5,59,7,1,7,5,5,0,4,8,0,0,189,9,14,0.35714285714285715,13.5,659,1.8,2,1,43,31-45,Mid Income,Warm,6,Web,0,0,Digital Shoppers
2968,1943,PhD,Divorced,48948.0,0,0,2013-01-02,53,437,8,206,160,49,42,2,7,10,5,6,1,0,902,22,24,0.08333333333333333,37.583333333333336,703,1.9,0,0,71,60+,Mid Income,Warm,6,Catalog,0,0,Catalog Shoppers
8800,1943,PhD,Divorced,48948.0,0,0,2013-01-02,53,437,8,206,160,49,42,2,7,10,5,6,1,0,902,22,24,0.08333333333333333,37.583333333333336,703,1.9,0,0,71,60+,Mid Income,Warm,6,Catalog,0,0,Catalog Shoppers
1907,1950,Master,Divorced,63120.0,0,1,2012-09-28,53,965,69,279,54,41,69,5,8,4,9,7,1,0,1477,21,26,0.19230769230769232,56.80769230769231,799,2.2,1,1,64,60+,High Income,Warm,6,Store,1,0,Family Customers
10478,1950,PhD,Married,55517.0,1,1,2012-09-27,53,483,0,108,0,6,36,5,11,1,6,9,1,0,633,18,23,0.21739130434782608,27.52173913043478,800,2.2,2,1,64,60+,High Income,Warm,4,Web,0,0,Digital Shoppers
4188,1957,Graduation,Single,36864.0,0,1,2012-08-13,53,204,5,39,17,0,89,3,5,2,4,8,1,0,354,11,14,0.21428571428571427,25.285714285714285,845,2.3,1,1,57,46-60,Mid Income,Warm,5,Web,0,0,Digital Shoppers
8720,1978,2n Cycle,Together,51381.5,0,0,2012-12-08,53,32,2,1607,12,4,22,0,0,0,1,0,0,0,1679,1,1,0.0,1679.0,728,2.0,0,0,36,31-45,Mid Income,Warm,6,Store,1,0,General Customers
2225,1977,Graduation,Divorced,82582.0,0,0,2014-07-06,54,510,120,550,156,40,241,1,4,9,7,1,1,0,1617,20,21,0.047619047619047616,77.0,153,0.4,0,0,37,31-45,Very High Income,Warm,6,Catalog,1,0,High-Value Active Catalog/Web
4790,1958,Graduation,Divorced,79803.0,0,1,2014-02-06,54,574,8,216,21,16,33,1,4,3,5,1,0,0,868,12,13,0.07692307692307693,66.76923076923077,303,0.8,1,1,56,46-60,Very High Income,Warm,6,Store,0,0,Family Customers
1131,1967,PhD,Single,52569.0,0,1,2014-05-04,54,85,0,3,0,0,7,1,2,0,4,3,0,0,95,6,7,0.14285714285714285,13.571428571428571,216,0.6,1,1,47,46-60,High Income,Warm,3,Store,0,0,Family Customers
202,1948,PhD,Widow,82032.0,0,0,2014-05-04,54,332,194,377,149,125,57,0,4,6,7,1,0,0,1234,17,17,0.0,72.58823529411765,216,0.6,0,0,66,60+,Very High Income,Warm,6,Store,1,0,General Customers
9589,1948,PhD,Widow,82032.0,0,0,2014-05-04,54,332,194,377,149,125,57,0,4,6,7,1,0,0,1234,17,17,0.0,72.58823529411765,216,0.6,0,0,66,60+,Very High Income,Warm,6,Store,1,0,General Customers
3900,1972,Graduation,Married,65685.0,0,1,2014-03-29,54,642,14,49,0,7,57,1,9,2,9,5,0,0,769,20,21,0.047619047619047616,36.61904761904762,252,0.7,1,1,42,31-45,High Income,Warm,5,Web,0,0,Digital Shoppers
9958,1972,Graduation,Married,65685.0,0,1,2014-03-29,54,642,14,49,0,7,57,1,9,2,9,5,0,0,769,20,21,0.047619047619047616,36.61904761904762,252,0.7,1,1,42,31-45,High Income,Warm,5,Web,0,0,Digital Shoppers
8955,1957,PhD,Together,40451.0,0,2,2014-02-16,54,35,0,4,0,0,10,1,1,1,2,5,0,0,49,4,5,0.2,9.8,293,0.8,2,1,57,46-60,Mid Income,Warm,3,Store,0,0,Family Customers
10033,1973,2n Cycle,Divorced,31163.0,1,0,2014-02-13,54,2,3,10,11,2,10,1,1,0,3,6,0,0,38,4,5,0.2,7.6,296,0.8,1,1,41,31-45,Low Income,Warm,6,Store,0,0,Family Customers
5751,1973,2n Cycle,Divorced,31163.0,1,0,2014-02-13,54,2,3,10,11,2,10,1,1,0,3,6,0,0,38,4,5,0.2,7.6,296,0.8,1,1,41,31-45,Low Income,Warm,6,Store,0,0,Family Customers
3308,1952,Graduation,Married,35704.0,1,1,2014-03-01,54,30,9,12,2,11,30,3,2,0,4,4,0,0,94,6,9,0.3333333333333333,10.444444444444445,280,0.8,2,1,62,60+,Mid Income,Warm,6,Store,0,0,Bargain Hunters
7297,1973,Graduation,Single,7500.0,1,0,2013-12-26,54,5,3,10,12,7,20,4,3,1,3,7,0,0,57,7,11,0.36363636363636365,5.181818181818182,345,0.9,1,1,41,31-45,Low Income,Warm,6,Web,0,0,Digital Shoppers
8008,1983,Graduation,Together,36075.0,1,0,2013-09-12,54,46,0,30,12,1,30,1,2,0,4,6,0,0,119,6,7,0.14285714285714285,17.0,450,1.2,1,1,31,31-45,Mid Income,Warm,5,Store,0,0,Family Customers
1232,1982,PhD,Together,70038.0,0,0,2013-10-25,54,587,54,348,71,54,130,1,4,4,8,2,0,0,1244,16,17,0.058823529411764705,73.17647058823529,407,1.1,0,0,32,31-45,Very High Income,Warm,6,Store,1,0,General Customers
2345,1982,PhD,Together,70038.0,0,0,2013-10-25,54,587,54,348,71,54,130,1,4,4,8,2,0,0,1244,16,17,0.058823529411764705,73.17647058823529,407,1.1,0,0,32,31-45,Very High Income,Warm,6,Store,1,0,General Customers
1628,1971,Graduation,Together,71796.0,0,0,2013-10-24,54,354,21,311,167,75,32,1,9,3,4,4,0,0,960,16,17,0.058823529411764705,56.470588235294116,408,1.1,0,0,43,31-45,Very High Income,Warm,6,Web,0,0,Digital Shoppers
5081,1967,2n Cycle,Together,47821.0,1,1,2013-10-20,54,9,0,16,6,6,10,1,1,0,3,8,0,0,47,4,5,0.2,9.4,412,1.1,2,1,47,46-60,Mid Income,Warm,5,Store,0,0,Family Customers
839,1975,PhD,Married,45503.0,1,0,2013-09-25,54,97,4,44,6,1,18,1,3,1,4,5,0,0,170,8,9,0.1111111111111111,18.88888888888889,437,1.2,1,1,39,31-45,Mid Income,Warm,6,Store,0,0,Family Customers
3706,1978,Graduation,Single,28647.0,1,0,2013-08-21,54,19,8,29,0,12,26,1,2,2,2,7,1,0,94,6,7,0.14285714285714285,13.428571428571429,472,1.3,1,1,36,31-45,Low Income,Warm,5,Web,0,0,Digital Shoppers
5154,1972,Master,Divorced,37760.0,1,0,2013-11-08,54,26,3,13,2,10,0,1,2,0,3,6,0,0,54,5,6,0.16666666666666666,9.0,393,1.1,1,1,42,31-45,Mid Income,Warm,5,Store,0,0,Family Customers
8584,1952,PhD,Together,85431.0,0,0,2013-08-06,54,376,53,462,168,53,53,1,2,7,7,0,0,0,1165,16,17,0.058823529411764705,68.52941176470588,487,1.3,0,0,62,60+,Very High Income,Warm,6,Catalog,1,0,High-Value Active Catalog/Web
6583,1955,2n Cycle,Married,72635.0,0,0,2013-03-06,54,390,22,323,104,35,107,1,6,8,6,3,0,0,981,20,21,0.047619047619047616,46.714285714285715,640,1.8,0,0,59,46-60,Very High Income,Warm,6,Catalog,0,0,Catalog Shoppers
3433,1955,2n Cycle,Married,72635.0,0,0,2013-03-06,54,390,22,323,104,35,107,1,6,8,6,3,0,0,981,20,21,0.047619047619047616,46.714285714285715,640,1.8,0,0,59,46-60,Very High Income,Warm,6,Catalog,0,0,Catalog Shoppers
10486,1948,Graduation,Married,77142.0,0,0,2013-05-29,54,476,75,162,29,151,97,1,4,4,8,2,0,0,990,16,17,0.058823529411764705,58.23529411764706,556,1.5,0,0,66,60+,Very High Income,Warm,6,Store,0,0,General Customers
8687,1978,Graduation,Together,53172.0,0,1,2013-06-05,54,121,62,90,68,20,125,3,2,3,8,3,0,0,486,13,16,0.1875,30.375,549,1.5,1,1,36,31-45,High Income,Warm,6,Store,0,0,Family Customers
7842,1968,Graduation,Single,36065.0,1,1,2013-03-31,54,18,7,34,10,2,3,3,3,0,3,8,0,0,74,6,9,0.3333333333333333,8.222222222222221,615,1.7,2,1,46,46-60,Mid Income,Warm,6,Web,0,0,Digital Shoppers
3749,1973,Graduation,Together,73926.0,0,0,2013-02-03,54,627,91,597,159,91,15,1,6,5,12,3,0,0,1580,23,24,0.041666666666666664,65.83333333333333,671,1.8,0,0,41,31-45,Very High Income,Warm,6,Store,1,0,General Customers
1331,1977,Graduation,Single,35790.0,1,0,2013-02-01,54,12,6,20,30,1,3,2,2,0,3,7,0,0,72,5,7,0.2857142857142857,10.285714285714286,673,1.8,1,1,37,31-45,Mid Income,Warm,6,Store,0,0,Bargain Hunters
5995,1962,Graduation,Divorced,39552.0,1,1,2012-12-18,54,165,3,147,4,24,41,7,6,2,5,8,1,0,384,13,20,0.35,19.2,718,2.0,2,1,52,46-60,Mid Income,Warm,6,Web,0,0,Digital Shoppers
8985,1964,2n Cycle,Together,68316.0,0,1,2012-04-11,54,806,80,161,120,11,33,5,10,7,10,6,0,0,1211,27,32,0.15625,37.84375,969,2.7,1,1,50,46-60,Very High Income,Warm,6,Web,1,0,High-Value Active Catalog/Web
2798,1977,PhD,Together,102160.0,0,0,2012-02-11,54,763,29,138,76,176,58,0,7,9,10,4,1,0,1240,26,26,0.0,47.69230769230769,1029,2.8,0,0,37,31-45,Very High Income,Warm,6,Store,1,0,General Customers
7108,1965,Master,Widow,51390.0,1,1,2012-08-09,54,205,20,47,23,2,56,6,5,2,5,5,0,0,353,12,18,0.3333333333333333,19.61111111111111,849,2.3,2,1,49,46-60,High Income,Warm,6,Web,0,0,Digital Shoppers
2781,1981,Graduation,Single,72066.0,0,0,2014-06-23,55,1003,34,536,134,51,34,1,4,6,6,2,1,0,1792,16,17,0.058823529411764705,105.41176470588235,166,0.5,0,0,33,31-45,Very High Income,Warm,6,Catalog,1,0,High-Value Active Catalog/Web
3623,1976,Graduation,Together,21675.0,1,0,2014-11-06,55,4,0,16,17,4,4,3,4,0,3,7,0,0,45,7,10,0.3,4.5,30,0.1,1,1,38,31-45,Low Income,Warm,5,Web,0,0,Digital Shoppers
194,1965,Graduation,Married,48006.0,1,1,2014-09-06,55,23,0,11,3,2,2,1,1,0,3,6,0,0,41,4,5,0.2,8.2,91,0.2,2,1,49,46-60,Mid Income,Warm,5,Store,0,0,Family Customers
10833,1975,Graduation,Married,65106.0,0,1,2014-05-24,55,790,19,133,12,0,19,3,8,3,13,6,0,0,973,24,27,0.1111111111111111,36.03703703703704,196,0.5,1,1,39,31-45,High Income,Warm,5,Store,0,0,Family Customers
2315,1960,Graduation,Divorced,58401.0,0,1,2014-04-20,55,10,0,11,17,29,29,1,1,2,2,4,0,0,96,5,6,0.16666666666666666,16.0,230,0.6,1,1,54,46-60,High Income,Warm,5,Catalog,0,0,Catalog Shoppers
6336,1960,Graduation,Married,29315.0,1,1,2014-06-04,55,13,2,14,8,7,4,4,2,0,4,6,0,0,48,6,10,0.4,4.8,185,0.5,2,1,54,46-60,Low Income,Warm,6,Store,0,0,Bargain Hunters
10738,1951,Master,Single,49389.0,1,1,2013-08-29,55,40,0,19,2,1,3,1,2,0,3,7,0,0,65,5,6,0.16666666666666666,10.833333333333334,464,1.3,2,1,63,60+,Mid Income,Warm,5,Store,0,0,Family Customers
8286,1965,PhD,Together,51717.0,0,1,2013-08-20,55,98,1,17,0,1,5,1,3,0,4,7,0,0,122,7,8,0.125,15.25,473,1.3,1,1,49,46-60,High Income,Warm,5,Store,0,0,Family Customers
2166,1960,2n Cycle,Widow,46779.0,1,1,2013-12-07,55,12,1,3,0,0,7,1,0,1,2,4,0,0,23,3,4,0.25,5.75,364,1.0,2,1,54,46-60,Mid Income,Warm,4,Store,0,0,Bargain Hunters
10691,1960,Master,Married,28520.0,1,1,2013-06-14,55,11,0,10,0,2,20,1,1,1,2,6,0,0,43,4,5,0.2,8.6,540,1.5,2,1,54,46-60,Low Income,Warm,4,Store,0,0,Family Customers
9739,1963,Graduation,Single,34377.0,0,1,2013-01-19,55,62,0,22,3,1,26,2,2,2,2,7,0,0,114,6,8,0.25,14.25,686,1.9,1,1,51,46-60,Low Income,Warm,5,Web,0,0,Digital Shoppers
1829,1961,PhD,Divorced,54959.0,0,1,2013-01-19,55,1148,0,60,0,0,24,3,9,5,4,7,1,0,1232,18,21,0.14285714285714285,58.666666666666664,686,1.9,1,1,53,46-60,High Income,Warm,3,Web,1,0,High-Value Active Catalog/Web
6260,1955,Master,Together,82384.0,0,0,2012-11-19,55,984,51,432,180,120,190,1,3,10,13,1,1,0,1957,26,27,0.037037037037037035,72.48148148148148,747,2.0,0,0,59,46-60,Very High Income,Warm,6,Store,1,0,General Customers
10448,1956,Graduation,Single,46998.0,0,1,2012-10-22,55,172,41,86,45,6,27,5,5,3,5,7,0,0,377,13,18,0.2777777777777778,20.944444444444443,775,2.1,1,1,58,46-60,Mid Income,Warm,6,Web,0,0,Digital Shoppers
1343,1968,Graduation,Together,58554.0,1,1,2012-09-26,55,368,24,68,38,0,88,6,8,2,6,7,0,0,586,16,22,0.2727272727272727,26.636363636363637,801,2.2,2,1,46,46-60,High Income,Warm,5,Web,0,0,Digital Shoppers
4749,1968,Graduation,Together,58554.0,1,1,2012-09-26,55,368,24,68,38,0,88,6,8,2,6,7,0,0,586,16,22,0.2727272727272727,26.636363636363637,801,2.2,2,1,46,46-60,High Income,Warm,5,Web,0,0,Digital Shoppers
531,1954,PhD,Divorced,57333.0,0,1,2012-09-22,55,941,14,397,76,58,176,11,8,5,9,6,1,0,1662,22,33,0.3333333333333333,50.36363636363637,805,2.2,1,1,60,46-60,High Income,Warm,6,Store,1,0,Bargain Hunters
6905,1994,Graduation,Together,80685.0,0,0,2012-08-22,55,241,45,604,34,26,54,1,6,4,10,2,0,0,1004,20,21,0.047619047619047616,47.80952380952381,836,2.3,0,0,20,18-30,Very High Income,Warm,6,Store,0,0,General Customers
1045,1965,Graduation,Together,52117.0,0,1,2012-08-16,55,112,10,107,30,0,20,2,5,2,4,7,0,0,279,11,13,0.15384615384615385,21.46153846153846,842,2.3,1,1,49,46-60,High Income,Warm,5,Web,0,0,Digital Shoppers
4012,1972,PhD,Together,62220.0,0,1,2012-11-08,55,799,12,375,16,12,12,5,7,6,5,6,1,0,1226,18,23,0.21739130434782608,53.30434782608695,758,2.1,1,1,42,31-45,High Income,Warm,6,Web,1,0,High-Value Active Catalog/Web
5529,1946,PhD,Together,64014.0,2,1,2014-10-06,56,406,0,30,0,0,8,7,8,2,5,7,0,0,444,15,22,0.3181818181818182,20.181818181818183,61,0.2,3,1,68,60+,High Income,Warm,3,Web,0,0,Digital Shoppers
4001,1946,PhD,Together,64014.0,2,1,2014-10-06,56,406,0,30,0,0,8,7,8,2,5,7,0,0,444,15,22,0.3181818181818182,20.181818181818183,61,0.2,3,1,68,60+,High Income,Warm,3,Web,0,0,Digital Shoppers
10420,1955,Master,Divorced,46390.0,0,1,2014-05-05,56,95,14,64,2,9,38,1,4,2,3,7,0,0,222,9,10,0.1,22.2,215,0.6,1,1,59,46-60,Mid Income,Warm,6,Web,0,0,Digital Shoppers
7723,1979,Graduation,Together,75507.0,0,0,2014-02-05,56,709,93,374,104,80,80,1,8,6,6,3,0,0,1440,20,21,0.047619047619047616,68.57142857142857,304,0.8,0,0,35,31-45,Very High Income,Warm,6,Web,1,0,High-Value Active Catalog/Web
2963,1979,Graduation,Together,75507.0,0,0,2014-02-05,56,709,93,374,104,80,80,1,8,6,6,3,0,0,1440,20,21,0.047619047619047616,68.57142857142857,304,0.8,0,0,35,31-45,Very High Income,Warm,6,Web,1,0,High-Value Active Catalog/Web
10634,1951,Master,Married,59412.0,0,0,2014-04-19,56,90,67,165,30,43,11,1,4,2,8,3,0,0,406,14,15,0.06666666666666667,27.066666666666666,231,0.6,0,0,63,60+,High Income,Warm,6,Store,0,0,General Customers
5180,1968,PhD,Divorced,50616.0,0,1,2014-04-18,56,128,0,16,0,1,4,2,4,0,4,7,0,0,149,8,10,0.2,14.9,232,0.6,1,1,46,46-60,Mid Income,Warm,4,Web,0,0,Digital Shoppers
6866,1969,Master,Together,35924.0,1,1,2014-03-23,56,8,0,14,2,3,7,1,1,0,3,5,0,0,34,4,5,0.2,6.8,258,0.7,2,1,45,31-45,Mid Income,Warm,5,Store,0,0,Family Customers
1328,1982,2n Cycle,Married,57937.0,0,1,2014-02-16,56,261,42,144,55,48,133,3,4,4,9,3,0,0,683,17,20,0.15,34.15,293,0.8,1,1,32,31-45,High Income,Warm,6,Store,0,0,Family Customers
1139,1984,PhD,Married,73356.0,0,0,2014-06-02,56,1050,14,322,0,14,112,1,5,11,5,2,1,0,1512,21,22,0.045454545454545456,68.72727272727273,187,0.5,0,0,30,18-30,Very High Income,Warm,5,Catalog,1,0,High-Value Active Catalog/Web
4961,1974,Master,Together,21255.0,1,0,2014-01-21,56,29,0,25,2,2,3,4,2,1,4,4,0,0,61,7,11,0.36363636363636365,5.545454545454546,319,0.9,1,1,40,31-45,Low Income,Warm,5,Store,0,0,Bargain Hunters
5177,1974,Master,Married,58494.0,0,1,2013-12-12,56,298,7,68,4,0,19,2,6,2,6,6,0,0,396,14,16,0.125,24.75,359,1.0,1,1,40,31-45,High Income,Warm,5,Web,0,0,Digital Shoppers
2075,1969,Graduation,Married,72460.0,0,0,2013-11-14,56,377,10,540,80,30,10,1,3,5,7,1,0,0,1047,15,16,0.0625,65.4375,387,1.1,0,0,45,31-45,Very High Income,Warm,6,Store,1,0,General Customers
3428,1991,PhD,Together,68682.0,0,0,2013-06-10,56,919,0,505,99,30,45,1,4,9,10,2,0,0,1598,23,24,0.041666666666666664,66.58333333333333,544,1.5,0,0,23,18-30,Very High Income,Warm,5,Store,1,0,General Customers
4500,1991,PhD,Together,68682.0,0,0,2013-06-10,56,919,0,505,99,30,45,1,4,9,10,2,0,0,1598,23,24,0.041666666666666664,66.58333333333333,544,1.5,0,0,23,18-30,Very High Income,Warm,5,Store,1,0,General Customers
7369,1981,Master,Married,36959.0,1,0,2013-02-10,56,25,6,25,6,0,0,2,2,0,3,8,0,0,62,5,7,0.2857142857142857,8.857142857142858,664,1.8,1,1,33,31-45,Mid Income,Warm,4,Store,0,0,Bargain Hunters
4381,1971,PhD,Married,46463.0,1,1,2013-08-18,56,163,2,40,8,11,11,7,3,1,6,6,0,0,235,10,17,0.4117647058823529,13.823529411764707,475,1.3,2,1,43,31-45,Mid Income,Warm,6,Store,0,0,Bargain Hunters
9964,1979,Graduation,Single,61825.0,0,1,2013-07-08,56,162,50,100,55,30,27,1,4,2,8,4,0,0,424,14,15,0.06666666666666667,28.266666666666666,516,1.4,1,1,35,31-45,High Income,Warm,6,Store,0,0,Family Customers
1630,1979,Graduation,Single,61825.0,0,1,2013-07-08,56,162,50,100,55,30,27,1,4,2,8,4,0,0,424,14,15,0.06666666666666667,28.266666666666666,516,1.4,1,1,35,31-45,High Income,Warm,6,Store,0,0,Family Customers
5012,1989,Graduation,Married,28691.0,1,0,2013-04-07,56,5,4,13,8,0,4,1,1,0,3,8,0,0,34,4,5,0.2,6.8,608,1.7,1,1,25,18-30,Low Income,Warm,5,Store,0,0,Family Customers
6918,1989,Graduation,Married,28691.0,1,0,2013-04-07,56,5,4,13,8,0,4,1,1,0,3,8,0,0,34,4,5,0.2,6.8,608,1.7,1,1,25,18-30,Low Income,Warm,5,Store,0,0,Family Customers
7822,1976,Graduation,Together,54058.0,0,1,2013-04-06,56,198,18,252,32,108,54,2,4,6,8,3,0,0,662,18,20,0.1,33.1,609,1.7,1,1,38,31-45,High Income,Warm,6,Store,0,0,Family Customers
10156,1975,Graduation,Single,84196.0,0,1,2013-03-06,56,215,63,507,231,31,190,1,8,4,7,3,0,0,1237,19,20,0.05,61.85,640,1.8,1,1,39,31-45,Very High Income,Warm,6,Web,1,0,High-Value Active Catalog/Web
3033,1963,Master,Together,38620.0,0,0,2013-11-05,56,112,17,44,34,22,89,1,2,5,3,3,0,0,318,10,11,0.09090909090909091,28.90909090909091,396,1.1,0,0,51,46-60,Mid Income,Warm,6,Catalog,0,0,Catalog Shoppers
4119,1963,Master,Together,38620.0,0,0,2013-11-05,56,112,17,44,34,22,89,1,2,5,3,3,0,0,318,10,11,0.09090909090909091,28.90909090909091,396,1.1,0,0,51,46-60,Mid Income,Warm,6,Catalog,0,0,Catalog Shoppers
11110,1973,Graduation,Single,3502.0,1,0,2013-04-13,56,2,1,1,0,0,1,0,0,0,0,14,0,0,5,0,0,0.0,0.0,602,1.6,1,1,41,31-45,Low Income,Warm,4,No Channel Purchase,0,1,Family Customers
332,1957,Graduation,Married,47743.0,0,1,2013-03-22,56,198,2,43,0,12,20,3,4,1,6,6,0,0,275,11,14,0.21428571428571427,19.642857142857142,624,1.7,1,1,57,46-60,Mid Income,Warm,5,Store,0,0,Family Customers
737,1949,PhD,Married,80360.0,0,0,2013-03-03,56,1493,86,454,112,43,43,2,4,4,5,2,0,0,2231,13,15,0.13333333333333333,148.73333333333332,643,1.8,0,0,65,60+,Very High Income,Warm,6,Store,1,0,General Customers
10319,1971,Graduation,Married,66303.0,0,1,2013-02-26,56,1090,12,96,16,12,60,4,3,4,11,8,0,0,1286,18,22,0.18181818181818182,58.45454545454545,648,1.8,1,1,43,31-45,High Income,Warm,6,Store,1,0,Family Customers
2683,1969,Graduation,Married,52413.0,0,2,2013-02-02,56,295,106,271,75,98,65,4,6,4,12,6,0,0,910,22,26,0.15384615384615385,35.0,672,1.8,2,1,45,31-45,High Income,Warm,6,Store,0,0,Family Customers
3445,1956,Graduation,Single,60714.0,0,0,2013-01-17,56,216,162,224,101,92,162,2,7,4,10,5,1,0,957,21,23,0.08695652173913043,41.608695652173914,688,1.9,0,0,58,46-60,High Income,Warm,6,Store,0,0,General Customers
10913,1984,Master,Single,31385.0,1,0,2012-05-12,56,3,2,12,0,1,9,1,1,0,2,8,1,0,27,3,4,0.25,6.75,938,2.6,1,1,30,18-30,Low Income,Warm,5,Store,0,0,Bargain Hunters
4427,1995,2n Cycle,Single,83257.0,0,0,2012-09-18,56,536,27,590,38,107,67,1,5,10,12,6,1,1,1365,27,28,0.03571428571428571,48.75,809,2.2,0,0,19,18-30,Very High Income,Warm,6,Store,1,0,General Customers
8717,1975,PhD,Married,80427.0,0,1,2012-12-09,56,1149,71,449,69,71,26,1,11,8,8,5,0,0,1835,27,28,0.03571428571428571,65.53571428571429,727,2.0,1,1,39,31-45,Very High Income,Warm,6,Web,1,0,High-Value Active Catalog/Web
2066,1949,Graduation,Together,38823.0,0,1,2012-08-30,56,70,0,11,2,8,23,1,2,1,3,6,0,0,114,6,7,0.14285714285714285,16.285714285714285,828,2.3,1,1,65,60+,Mid Income,Warm,5,Store,0,0,Family Customers
3340,1977,Graduation,Married,42014.0,1,0,2012-08-17,56,244,15,108,4,15,50,6,7,1,6,8,1,0,436,14,20,0.3,21.8,841,2.3,1,1,37,31-45,Mid Income,Warm,6,Web,0,0,Digital Shoppers
8685,1977,Graduation,Married,42014.0,1,0,2012-08-17,56,244,15,108,4,15,50,6,7,1,6,8,1,0,436,14,20,0.3,21.8,841,2.3,1,1,37,31-45,Mid Income,Warm,6,Web,0,0,Digital Shoppers
4149,1948,PhD,Together,76140.0,0,0,2014-05-13,57,586,66,653,17,0,26,1,5,9,6,2,0,0,1348,20,21,0.047619047619047616,64.19047619047619,207,0.6,0,0,66,60+,Very High Income,Warm,5,Catalog,1,0,High-Value Active Catalog/Web
8726,1964,2n Cycle,Divorced,41713.0,1,1,2014-04-29,57,77,8,44,10,10,25,5,3,1,4,6,0,0,174,8,13,0.38461538461538464,13.384615384615385,221,0.6,2,1,50,46-60,Mid Income,Warm,6,Store,0,0,Bargain Hunters
2295,1954,PhD,Married,62670.0,0,1,2014-02-02,57,539,30,92,80,46,38,1,5,3,13,3,0,0,825,21,22,0.045454545454545456,37.5,307,0.8,1,1,60,46-60,High Income,Warm,6,Store,0,0,Family Customers
3283,1972,2n Cycle,Married,70932.0,0,1,2014-01-19,57,200,193,100,46,185,185,2,6,2,12,3,0,0,909,20,22,0.09090909090909091,41.31818181818182,321,0.9,1,1,42,31-45,Very High Income,Warm,6,Store,0,0,Family Customers
1915,1951,PhD,Married,78939.0,0,0,2013-12-12,57,794,115,243,150,0,205,1,8,5,6,3,0,0,1507,19,20,0.05,75.35,359,1.0,0,0,63,60+,Very High Income,Warm,5,Web,1,0,High-Value Active Catalog/Web
800,1960,Graduation,Together,44512.0,1,1,2013-08-30,57,23,1,6,0,0,2,2,1,0,3,4,0,0,32,4,6,0.3333333333333333,5.333333333333333,463,1.3,2,1,54,46-60,Mid Income,Warm,4,Store,0,0,Bargain Hunters
9166,1968,Graduation,Married,63967.0,0,1,2013-09-08,57,387,84,141,73,35,162,3,4,4,12,2,0,0,882,20,23,0.13043478260869565,38.34782608695652,454,1.2,1,1,46,46-60,High Income,Warm,6,Store,0,0,Family Customers
5147,1948,Graduation,Single,90842.0,0,0,2013-07-29,57,774,70,118,182,187,93,1,4,9,13,1,0,0,1424,26,27,0.037037037037037035,52.74074074074074,495,1.4,0,0,66,60+,Very High Income,Warm,6,Store,1,0,General Customers
13,1947,PhD,Widow,25358.0,0,1,2013-07-22,57,19,0,5,0,0,8,2,1,0,3,6,0,0,32,4,6,0.3333333333333333,5.333333333333333,502,1.4,1,1,67,60+,Low Income,Warm,3,Store,0,0,Bargain Hunters
8557,1982,Graduation,Single,51381.5,1,0,2013-06-17,57,11,3,22,2,2,6,2,2,0,3,6,0,0,46,5,7,0.2857142857142857,6.571428571428571,537,1.5,1,1,32,31-45,Mid Income,Warm,6,Store,0,0,Bargain Hunters
8724,1982,Graduation,Single,28567.0,1,0,2013-06-17,57,11,3,22,2,2,6,2,2,0,3,6,0,0,46,5,7,0.2857142857142857,6.571428571428571,537,1.5,1,1,32,31-45,Low Income,Warm,6,Store,0,0,Bargain Hunters
9381,1978,Graduation,Married,66373.0,1,1,2013-12-06,57,328,9,124,12,24,109,7,4,2,10,3,0,0,606,16,23,0.30434782608695654,26.347826086956523,365,1.0,2,1,36,31-45,High Income,Warm,6,Store,0,0,Bargain Hunters
9384,1978,Graduation,Married,66373.0,1,1,2013-12-06,57,328,9,124,12,24,109,7,4,2,10,3,0,0,606,16,23,0.30434782608695654,26.347826086956523,365,1.0,2,1,36,31-45,High Income,Warm,6,Store,0,0,Bargain Hunters
3560,1952,Graduation,Together,83844.0,0,0,2013-12-05,57,901,31,345,75,31,191,1,4,4,11,1,0,0,1574,19,20,0.05,78.7,366,1.0,0,0,62,60+,Very High Income,Warm,6,Store,1,0,General Customers
241,1952,Graduation,Together,83844.0,0,0,2013-12-05,57,901,31,345,75,31,191,1,4,4,11,1,0,0,1574,19,20,0.05,78.7,366,1.0,0,0,62,60+,Very High Income,Warm,6,Store,1,0,General Customers
7521,1952,Graduation,Together,83844.0,0,0,2013-12-05,57,901,31,345,75,31,191,1,4,4,11,1,0,0,1574,19,20,0.05,78.7,366,1.0,0,0,62,60+,Very High Income,Warm,6,Store,1,0,General Customers
9799,1968,PhD,Divorced,83664.0,1,1,2013-08-05,57,866,21,151,28,21,86,3,2,2,12,5,0,0,1173,16,19,0.15789473684210525,61.73684210526316,488,1.3,2,1,46,46-60,Very High Income,Warm,6,Store,1,0,Family Customers
5123,1951,Master,Married,27450.0,0,0,2013-04-15,57,37,12,23,8,11,52,1,2,1,3,7,0,0,143,6,7,0.14285714285714285,20.428571428571427,600,1.6,0,0,63,60+,Low Income,Warm,6,Store,0,0,General Customers
448,1978,PhD,Single,54880.0,1,0,2013-01-03,57,308,85,137,102,45,118,2,6,2,11,5,0,0,795,19,21,0.09523809523809523,37.857142857142854,702,1.9,1,1,36,31-45,High Income,Warm,6,Store,0,0,Family Customers
4837,1965,PhD,Married,71322.0,0,1,2013-02-16,57,753,43,226,69,10,204,2,8,5,13,4,0,0,1305,26,28,0.07142857142857142,46.607142857142854,658,1.8,1,1,49,46-60,Very High Income,Warm,6,Store,1,0,Family Customers
9365,1976,PhD,Single,60000.0,0,1,2012-12-22,57,1048,0,217,0,0,12,5,11,3,5,6,0,0,1277,19,24,0.20833333333333334,53.208333333333336,714,2.0,1,1,38,31-45,High Income,Warm,3,Web,1,0,High-Value Active Catalog/Web
8932,1969,Master,Together,65176.0,0,1,2012-10-29,57,960,28,183,220,70,70,4,9,6,6,6,0,0,1531,21,25,0.16,61.24,768,2.1,1,1,45,31-45,High Income,Warm,6,Web,1,0,High-Value Active Catalog/Web
7055,1952,PhD,Together,61010.0,0,1,2012-09-10,57,888,0,57,0,0,76,2,8,5,11,5,0,0,1021,24,26,0.07692307692307693,39.26923076923077,817,2.2,1,1,62,60+,High Income,Warm,3,Store,0,0,Family Customers
3537,1981,Graduation,Together,31089.0,1,0,2012-08-17,57,31,3,31,2,8,4,3,3,0,4,8,0,0,79,7,10,0.3,7.9,841,2.3,1,1,33,31-45,Low Income,Warm,6,Store,0,0,Bargain Hunters
9081,1988,Graduation,Single,20518.0,1,0,2014-05-18,58,4,1,6,4,1,9,1,1,1,2,5,0,0,25,4,5,0.2,5.0,202,0.6,1,1,26,18-30,Low Income,Warm,6,Store,0,0,Family Customers
4988,1948,PhD,Married,34469.0,1,1,2014-04-05,58,19,6,20,0,5,12,3,1,1,4,4,0,0,62,6,9,0.3333333333333333,6.888888888888889,245,0.7,2,1,66,60+,Low Income,Warm,5,Store,0,0,Bargain Hunters
1050,1952,Graduation,Married,28332.0,0,0,2014-04-30,58,14,10,13,4,15,9,1,2,1,4,2,0,0,65,7,8,0.125,8.125,220,0.6,0,0,62,60+,Low Income,Warm,6,Store,0,0,General Customers
5610,1965,Graduation,Together,33456.0,1,1,2014-04-21,58,7,3,10,8,1,7,2,1,0,3,7,0,0,36,4,6,0.3333333333333333,6.0,229,0.6,2,1,49,46-60,Low Income,Warm,6,Store,0,0,Bargain Hunters
3526,1968,PhD,Married,38443.0,1,1,2014-01-27,58,32,0,5,0,0,1,2,1,0,3,7,0,0,38,4,6,0.3333333333333333,6.333333333333333,313,0.9,2,1,46,46-60,Mid Income,Warm,3,Store,0,0,Bargain Hunters
5136,1973,Graduation,Single,65333.0,0,1,2014-01-17,58,654,7,92,0,15,30,7,9,4,8,6,0,0,798,21,28,0.25,28.5,323,0.9,1,1,41,31-45,High Income,Warm,5,Web,0,0,Digital Shoppers
1411,1952,Graduation,Divorced,82623.0,0,0,2013-10-11,58,204,34,204,172,153,173,1,2,9,4,1,0,0,940,15,16,0.0625,58.75,421,1.2,0,0,62,60+,Very High Income,Warm,6,Catalog,0,0,Catalog Shoppers
701,1971,Graduation,Married,73691.0,0,1,2013-06-11,58,707,21,250,85,43,73,2,6,2,8,2,0,0,1179,16,18,0.1111111111111111,65.5,543,1.5,1,1,43,31-45,Very High Income,Warm,6,Store,1,0,Family Customers
6203,1947,Graduation,Together,74485.0,0,0,2013-08-24,58,499,149,815,173,49,49,1,6,7,12,3,0,0,1734,25,26,0.038461538461538464,66.6923076923077,469,1.3,0,0,67,60+,Very High Income,Warm,6,Store,1,0,General Customers
7192,1955,Graduation,Together,65748.0,0,1,2013-04-15,58,172,73,93,95,78,34,2,2,4,10,1,0,1,545,16,18,0.1111111111111111,30.27777777777778,600,1.6,1,1,59,46-60,High Income,Warm,6,Store,0,0,Family Customers
5181,1982,Basic,Single,24367.0,1,0,2013-03-20,58,2,4,2,0,11,5,1,1,0,2,9,0,0,24,3,4,0.25,6.0,626,1.7,1,1,32,31-45,Low Income,Warm,5,Store,0,0,Bargain Hunters
9220,1971,Graduation,Single,91700.0,0,0,2013-01-17,58,576,172,961,125,115,19,1,8,6,5,3,1,0,1968,19,20,0.05,98.4,688,1.9,0,0,43,31-45,Very High Income,Warm,6,Web,1,0,High-Value Active Catalog/Web
7734,1993,Graduation,Other,79244.0,0,0,2012-12-19,58,471,102,125,212,61,245,1,4,10,7,1,1,0,1216,21,22,0.045454545454545456,55.27272727272727,717,2.0,0,0,21,18-30,Very High Income,Warm,6,Catalog,1,0,High-Value Active Catalog/Web
10446,1957,PhD,Married,82017.0,0,0,2012-07-11,58,184,23,446,30,23,23,1,5,4,7,2,1,0,729,16,17,0.058823529411764705,42.88235294117647,878,2.4,0,0,57,46-60,Very High Income,Warm,6,Store,0,0,General Customers
5524,1957,Graduation,Single,58138.0,0,0,2012-04-09,58,635,88,546,172,88,88,3,8,10,4,7,1,0,1617,22,25,0.12,64.68,971,2.7,0,0,57,46-60,High Income,Warm,6,Catalog,1,0,High-Value Active Catalog/Web
3830,1953,Master,Married,59354.0,0,2,2014-04-24,59,295,21,78,39,13,13,1,4,4,7,3,0,0,459,15,16,0.0625,28.6875,226,0.6,2,1,61,60+,High Income,Warm,6,Store,0,0,Family Customers
5186,1955,PhD,Married,58482.0,0,1,2014-12-03,59,576,7,115,19,7,7,2,7,4,9,6,0,0,731,20,22,0.09090909090909091,33.22727272727273,3,0.0,1,1,59,46-60,High Income,Warm,6,Store,0,0,Family Customers
8514,1976,Graduation,Together,29478.0,1,0,2014-01-17,59,8,0,7,3,1,1,1,1,0,3,6,0,0,20,4,5,0.2,4.0,323,0.9,1,1,38,31-45,Low Income,Warm,5,Store,0,0,Family Customers
7165,1972,Graduation,Together,64474.0,0,1,2013-10-22,59,381,35,172,56,86,93,2,8,2,10,5,0,0,823,20,22,0.09090909090909091,37.40909090909091,410,1.1,1,1,42,31-45,High Income,Warm,6,Store,0,0,Family Customers
10236,1975,Master,Single,31160.0,1,0,2013-09-16,59,16,3,25,6,1,13,2,2,0,3,8,0,0,64,5,7,0.2857142857142857,9.142857142857142,446,1.2,1,1,39,31-45,Low Income,Warm,6,Store,0,0,Bargain Hunters
2392,1972,Graduation,Married,40321.0,1,1,2013-07-29,59,44,4,21,6,0,27,2,3,0,3,7,0,0,102,6,8,0.25,12.75,495,1.4,2,1,42,31-45,Mid Income,Warm,5,Web,0,0,Digital Shoppers
1920,1972,Graduation,Married,40321.0,1,1,2013-07-29,59,44,4,21,6,0,27,2,3,0,3,7,0,0,102,6,8,0.25,12.75,495,1.4,2,1,42,31-45,Mid Income,Warm,5,Web,0,0,Digital Shoppers
3673,1971,Graduation,Single,55239.0,0,1,2013-07-14,59,371,17,238,23,24,106,3,7,5,11,5,0,0,779,23,26,0.11538461538461539,29.96153846153846,510,1.4,1,1,43,31-45,High Income,Warm,6,Store,0,0,Family Customers
1453,1943,PhD,Widow,57513.0,0,0,2013-06-07,59,735,40,183,52,20,30,2,9,3,13,6,0,0,1060,25,27,0.07407407407407407,39.25925925925926,547,1.5,0,0,71,60+,High Income,Warm,6,Store,1,0,General Customers
4518,1979,Graduation,Together,85693.0,0,1,2013-04-20,59,386,172,183,185,132,111,2,9,5,11,5,0,0,1169,25,27,0.07407407407407407,43.2962962962963,595,1.6,1,1,35,31-45,Very High Income,Warm,6,Store,1,0,Family Customers
8969,1977,Graduation,Married,71855.0,0,1,2013-01-16,59,548,31,422,0,112,28,4,5,5,11,3,0,0,1141,21,25,0.16,45.64,689,1.9,1,1,37,31-45,Very High Income,Warm,5,Store,1,0,Family Customers
387,1976,Basic,Married,7500.0,0,0,2012-11-13,59,6,16,11,11,1,16,1,2,0,3,8,0,0,61,5,6,0.16666666666666666,10.166666666666666,753,2.1,0,0,38,31-45,Low Income,Warm,6,Store,0,0,General Customers
1079,1971,PhD,Married,71969.0,0,1,2012-10-16,59,1000,0,76,0,0,10,3,3,4,9,8,0,0,1086,16,19,0.15789473684210525,57.1578947368421,781,2.1,1,1,43,31-45,Very High Income,Warm,3,Store,1,0,Family Customers
164,1977,PhD,Married,28973.0,0,0,2012-10-13,59,206,0,46,3,2,12,2,5,1,5,8,0,0,269,11,13,0.15384615384615385,20.692307692307693,784,2.1,0,0,37,31-45,Low Income,Warm,5,Web,0,0,Digital Shoppers
3434,1951,Graduation,Single,80872.0,0,0,2014-12-05,60,483,72,567,94,12,108,1,4,4,10,1,0,0,1336,18,19,0.05263157894736842,70.3157894736842,1,0.0,0,0,63,60+,Very High Income,Warm,6,Store,1,0,General Customers
5721,1956,PhD,Married,84117.0,0,0,2014-11-05,60,611,76,749,59,45,26,1,7,10,6,2,0,0,1566,23,24,0.041666666666666664,65.25,31,0.1,0,0,58,46-60,Very High Income,Warm,6,Catalog,1,0,High-Value Active Catalog/Web
8418,1958,2n Cycle,Single,38741.0,1,1,2014-03-30,60,7,10,17,8,6,13,2,2,0,3,7,0,0,61,5,7,0.2857142857142857,8.714285714285714,251,0.7,2,1,56,46-60,Mid Income,Warm,6,Store,0,0,Bargain Hunters
5300,1973,Master,Married,38961.0,1,0,2013-12-30,60,19,7,19,0,1,24,1,2,1,2,7,0,0,70,5,6,0.16666666666666666,11.666666666666666,341,0.9,1,1,41,31-45,Mid Income,Warm,5,Web,0,0,Digital Shoppers
10424,1968,Graduation,Single,75922.0,0,0,2013-09-12,60,265,138,553,224,23,92,1,4,4,9,1,0,0,1295,17,18,0.05555555555555555,71.94444444444444,450,1.2,0,0,46,46-60,Very High Income,Warm,6,Store,1,0,General Customers
11171,1965,Master,Married,56962.0,2,1,2013-11-10,60,292,3,77,10,3,26,7,6,3,5,7,0,0,411,14,21,0.3333333333333333,19.571428571428573,391,1.1,3,1,49,46-60,High Income,Warm,6,Web,0,0,Digital Shoppers
1600,1965,Master,Married,56962.0,2,1,2013-11-10,60,292,3,77,10,3,26,7,6,3,5,7,0,0,411,14,21,0.3333333333333333,19.571428571428573,391,1.1,3,1,49,46-60,High Income,Warm,6,Web,0,0,Digital Shoppers
7851,1949,Graduation,Widow,70165.0,0,0,2013-09-22,60,161,0,253,199,191,122,1,3,7,11,1,0,0,926,21,22,0.045454545454545456,42.09090909090909,440,1.2,0,0,65,60+,Very High Income,Warm,5,Store,0,0,General Customers
10701,1973,Graduation,Married,65308.0,0,0,2013-11-09,60,713,0,264,120,80,34,1,7,8,12,4,0,0,1211,27,28,0.03571428571428571,43.25,392,1.1,0,0,41,31-45,High Income,Warm,5,Store,1,0,General Customers
891,1951,Master,Together,29298.0,1,1,2013-07-09,60,6,0,2,2,0,1,1,1,0,2,5,0,0,11,3,4,0.25,2.75,515,1.4,2,1,63,60+,Low Income,Warm,4,Store,0,0,Bargain Hunters
6912,1967,PhD,Married,63246.0,0,2,2013-08-20,60,593,30,91,29,22,7,1,6,3,12,4,0,0,772,21,22,0.045454545454545456,35.09090909090909,473,1.3,2,1,47,46-60,High Income,Warm,6,Store,0,0,Family Customers
5967,1952,Graduation,Together,33402.0,1,1,2013-07-18,60,26,2,19,10,5,8,3,2,1,3,8,0,0,70,6,9,0.3333333333333333,7.777777777777778,506,1.4,2,1,62,60+,Low Income,Warm,6,Store,0,0,Bargain Hunters
2109,1990,Graduation,Single,96843.0,0,0,2013-04-23,60,448,71,951,40,17,17,1,6,11,10,2,1,0,1544,27,28,0.03571428571428571,55.142857142857146,592,1.6,0,0,24,18-30,Very High Income,Warm,6,Catalog,1,0,High-Value Active Catalog/Web
6292,1986,PhD,Married,82333.0,0,0,2013-03-30,60,1311,0,359,46,89,17,1,4,3,10,2,1,0,1822,17,18,0.05555555555555555,101.22222222222223,616,1.7,0,0,28,18-30,Very High Income,Warm,5,Store,1,0,General Customers
8537,1949,Graduation,Widow,72643.0,0,0,2013-02-27,60,526,80,553,123,94,53,1,3,10,7,2,1,0,1429,20,21,0.047619047619047616,68.04761904761905,647,1.8,0,0,65,60+,Very High Income,Warm,6,Catalog,1,0,High-Value Active Catalog/Web
9576,1982,PhD,Together,32313.0,1,0,2013-11-02,60,86,4,56,2,4,7,3,4,0,4,9,0,0,159,8,11,0.2727272727272727,14.454545454545455,399,1.1,1,1,32,31-45,Low Income,Warm,6,Web,0,0,Digital Shoppers
5935,1956,Master,Single,55284.0,0,1,2012-12-24,60,547,7,140,0,7,63,3,7,5,8,5,0,0,764,20,23,0.13043478260869565,33.21739130434783,712,2.0,1,1,58,46-60,High Income,Warm,5,Store,0,0,Family Customers
10264,1979,Graduation,Divorced,15287.0,1,0,2012-10-10,60,1,2,8,4,3,13,2,1,1,2,7,1,0,31,4,6,0.3333333333333333,5.166666666666667,787,2.2,1,1,35,31-45,Low Income,Warm,6,Store,0,0,Bargain Hunters
234,1979,Graduation,Divorced,15287.0,1,0,2012-10-10,60,1,2,8,4,3,13,2,1,1,2,7,1,0,31,4,6,0.3333333333333333,5.166666666666667,787,2.2,1,1,35,31-45,Low Income,Warm,6,Store,0,0,Bargain Hunters
3202,1987,PhD,Married,51563.0,0,0,2012-01-10,60,1166,0,48,0,0,36,1,4,4,10,8,0,0,1250,18,19,0.05263157894736842,65.78947368421052,1061,2.9,0,0,27,18-30,High Income,Warm,3,Store,1,0,General Customers
1103,1976,Master,Married,81929.0,1,0,2012-09-29,60,1486,55,278,49,0,185,2,4,4,10,6,1,0,2053,18,20,0.1,102.65,798,2.2,1,1,38,31-45,Very High Income,Warm,5,Store,1,0,Family Customers
610,1953,PhD,Together,53593.0,1,1,2012-07-08,60,349,4,78,6,0,43,8,7,2,6,8,0,0,480,15,23,0.34782608695652173,20.869565217391305,881,2.4,2,1,61,60+,High Income,Warm,5,Web,0,0,Digital Shoppers
4480,1973,Master,Married,60432.0,0,1,2014-09-03,61,365,3,15,4,3,11,5,7,2,5,6,0,0,401,14,19,0.2631578947368421,21.105263157894736,94,0.3,1,1,41,31-45,High Income,Inactive,6,Web,0,0,Digital Shoppers
10660,1957,Master,Married,66726.0,1,1,2014-12-01,61,349,7,35,0,0,47,3,8,2,4,7,0,0,438,14,17,0.17647058823529413,25.764705882352942,5,0.0,2,1,57,46-60,High Income,Inactive,4,Web,0,0,Digital Shoppers
9353,1959,Graduation,Single,62450.0,0,1,2014-06-01,61,515,47,267,62,66,38,2,5,5,4,3,0,0,995,14,16,0.125,62.1875,188,0.5,1,1,55,46-60,High Income,Inactive,6,Web,0,0,Digital Shoppers
4120,1975,2n Cycle,Single,49514.0,1,0,2013-12-17,61,88,39,78,58,13,93,2,6,1,4,7,0,0,369,11,13,0.15384615384615385,28.384615384615383,354,1.0,1,1,39,31-45,Mid Income,Inactive,6,Web,0,0,Digital Shoppers
2836,1972,PhD,Married,43269.0,1,0,2013-09-16,61,10,1,7,0,0,1,1,1,0,2,8,0,0,19,3,4,0.25,4.75,446,1.2,1,1,42,31-45,Mid Income,Inactive,4,Store,0,0,Bargain Hunters
9579,1959,PhD,Married,33762.0,2,1,2013-07-07,61,53,1,34,2,0,16,3,2,2,2,8,0,0,106,6,9,0.3333333333333333,11.777777777777779,517,1.4,3,1,55,46-60,Low Income,Inactive,5,Web,0,0,Digital Shoppers
5841,1966,Graduation,Together,60894.0,0,1,2013-06-28,61,606,7,155,10,0,54,5,10,3,8,7,0,0,832,21,26,0.19230769230769232,32.0,526,1.4,1,1,48,46-60,High Income,Inactive,5,Web,0,0,Digital Shoppers
3174,1959,Graduation,Together,87771.0,0,1,2013-05-22,61,1492,38,287,50,57,33,1,5,10,4,6,1,0,1957,19,20,0.05,97.85,563,1.5,1,1,55,46-60,Very High Income,Inactive,6,Catalog,1,0,High-Value At-Risk
5536,1959,Graduation,Together,87771.0,0,1,2013-05-22,61,1492,38,287,50,57,33,1,5,10,4,6,1,0,1957,19,20,0.05,97.85,563,1.5,1,1,55,46-60,Very High Income,Inactive,6,Catalog,1,0,High-Value At-Risk
2061,1955,Graduation,Married,50737.0,0,1,2013-11-05,61,78,0,11,0,0,10,1,2,0,4,6,0,0,99,6,7,0.14285714285714285,14.142857142857142,396,1.1,1,1,59,46-60,Mid Income,Inactive,3,Store,0,0,Family Customers
8477,1956,Graduation,Divorced,26150.0,2,1,2013-11-03,61,5,1,13,3,5,1,1,1,0,3,7,0,0,28,4,5,0.2,5.6,398,1.1,3,1,58,46-60,Low Income,Inactive,6,Store,0,0,Family Customers
640,1951,Graduation,Married,57304.0,0,1,2013-11-03,61,356,80,329,138,17,106,2,7,6,10,5,0,0,1026,23,25,0.08,41.04,398,1.1,1,1,63,60+,High Income,Inactive,6,Store,0,0,Family Customers
3828,1951,Graduation,Married,71107.0,0,1,2013-02-17,61,533,10,217,198,174,195,2,7,6,13,4,0,0,1327,26,28,0.07142857142857142,47.392857142857146,657,1.8,1,1,63,60+,Very High Income,Inactive,6,Store,1,0,High-Value At-Risk
4093,1975,Master,Together,53253.0,1,1,2013-11-02,61,216,9,57,20,9,125,7,4,3,5,5,0,0,436,12,19,0.3684210526315789,22.94736842105263,399,1.1,2,1,39,31-45,High Income,Inactive,6,Store,0,0,Bargain Hunters
8624,1958,Graduation,Married,81320.0,0,0,2013-06-02,61,183,33,493,59,103,57,1,4,3,10,2,0,0,928,17,18,0.05555555555555555,51.55555555555556,552,1.5,0,0,56,46-60,Very High Income,Inactive,6,Store,0,0,General Customers
2802,1992,2n Cycle,Married,87000.0,0,0,2012-12-15,61,196,25,607,67,17,49,1,4,6,7,2,0,0,961,17,18,0.05555555555555555,53.388888888888886,721,2.0,0,0,22,18-30,Very High Income,Inactive,6,Store,0,0,General Customers
368,1974,Graduation,Married,40049.0,0,1,2012-11-29,61,91,65,52,10,44,28,3,3,2,6,5,0,0,290,11,14,0.21428571428571427,20.714285714285715,737,2.0,1,1,40,31-45,Mid Income,Inactive,6,Store,0,0,Family Customers
3599,1970,Graduation,Married,63684.0,0,1,2012-11-26,61,575,80,428,208,93,80,3,8,4,8,5,0,0,1464,20,23,0.13043478260869565,63.65217391304348,740,2.0,1,1,44,31-45,High Income,Inactive,6,Web,1,0,High-Value At-Risk
3389,1970,Graduation,Married,69016.0,0,1,2012-11-22,61,726,53,363,123,107,161,4,8,9,13,5,0,0,1533,30,34,0.11764705882352941,45.088235294117645,744,2.0,1,1,44,31-45,Very High Income,Inactive,6,Store,1,0,High-Value At-Risk
10710,1979,Graduation,Married,7500.0,0,1,2012-08-29,61,5,2,3,3,0,5,1,1,0,2,8,0,0,18,3,4,0.25,4.5,829,2.3,1,1,35,31-45,Low Income,Inactive,5,Store,0,0,Bargain Hunters
7118,1957,Graduation,Married,73803.0,0,1,2012-01-08,61,833,80,363,52,26,174,2,9,5,6,6,1,0,1528,20,22,0.09090909090909091,69.45454545454545,1063,2.9,1,1,57,46-60,Very High Income,Inactive,6,Web,1,0,High-Value At-Risk
4937,1973,2n Cycle,Married,46094.0,1,1,2014-10-06,62,12,2,20,3,2,5,1,1,0,3,7,0,0,44,4,5,0.2,8.8,61,0.2,2,1,41,31-45,Mid Income,Inactive,6,Store,0,0,Family Customers
1127,1973,PhD,Married,85844.0,0,0,2014-05-29,62,938,19,843,25,95,38,1,6,6,7,2,0,0,1958,19,20,0.05,97.9,191,0.5,0,0,41,31-45,Very High Income,Inactive,6,Store,1,0,High-Value At-Risk
833,1955,Master,Married,38452.0,1,1,2014-03-30,62,56,0,14,0,0,2,3,3,0,3,7,0,0,72,6,9,0.3333333333333333,8.0,251,0.7,2,1,59,46-60,Mid Income,Inactive,3,Web,0,0,Digital Shoppers
3565,1955,Master,Married,38452.0,1,1,2014-03-30,62,56,0,14,0,0,2,3,3,0,3,7,0,0,72,6,9,0.3333333333333333,8.0,251,0.7,2,1,59,46-60,Mid Income,Inactive,3,Web,0,0,Digital Shoppers
6086,1955,Graduation,Married,80395.0,0,0,2013-11-23,62,445,25,706,80,76,48,1,6,5,12,2,0,0,1380,23,24,0.041666666666666664,57.5,378,1.0,0,0,59,46-60,Very High Income,Inactive,6,Store,1,0,High-Value At-Risk
1763,1988,Graduation,Together,87679.0,0,0,2013-07-27,62,1259,172,815,97,148,33,1,7,11,10,4,1,0,2524,28,29,0.034482758620689655,87.03448275862068,497,1.4,0,0,26,18-30,Very High Income,Inactive,6,Catalog,1,0,High-Value At-Risk
4697,1949,Master,Divorced,35416.0,0,0,2013-06-13,62,248,3,81,4,3,51,3,7,1,5,8,0,0,390,13,16,0.1875,24.375,541,1.5,0,0,65,60+,Low Income,Inactive,6,Web,0,0,Digital Shoppers
182,1946,PhD,Together,44124.0,0,1,2013-11-05,62,284,0,55,0,6,52,4,6,2,5,8,0,0,397,13,17,0.23529411764705882,23.352941176470587,396,1.1,1,1,68,60+,Mid Income,Inactive,4,Web,0,0,Digital Shoppers
1165,1958,PhD,Single,50729.0,1,1,2013-02-05,62,239,13,143,45,4,52,9,6,2,7,6,0,0,496,15,24,0.375,20.666666666666668,669,1.8,2,1,56,46-60,Mid Income,Inactive,6,Store,0,0,Bargain Hunters
5386,1953,Graduation,Together,94384.0,0,0,2013-04-03,62,1111,24,790,160,45,172,0,5,8,5,2,1,0,2302,18,18,0.0,127.88888888888889,612,1.7,0,0,61,60+,Very High Income,Inactive,6,Catalog,1,0,High-Value At-Risk
6024,1953,Graduation,Together,94384.0,0,0,2013-04-03,62,1111,24,790,160,45,172,0,5,8,5,2,1,0,2302,18,18,0.0,127.88888888888889,612,1.7,0,0,61,60+,Very High Income,Inactive,6,Catalog,1,0,High-Value At-Risk
2678,1990,Graduation,Single,34412.0,1,0,2013-02-13,62,52,12,50,4,36,55,3,5,0,3,9,0,0,209,8,11,0.2727272727272727,19.0,661,1.8,1,1,24,18-30,Low Income,Inactive,6,Web,0,0,Digital Shoppers
5790,1985,Graduation,Married,31158.0,1,0,2013-01-27,62,25,6,16,20,0,5,2,2,0,3,8,0,0,72,5,7,0.2857142857142857,10.285714285714286,678,1.9,1,1,29,18-30,Low Income,Inactive,5,Store,0,0,Bargain Hunters
236,1951,Graduation,Married,34838.0,1,1,2013-01-19,62,28,23,29,29,14,47,3,2,1,4,6,0,0,170,7,10,0.3,17.0,686,1.9,2,1,63,60+,Low Income,Inactive,6,Store,0,0,Bargain Hunters
6001,1979,Graduation,Married,56775.0,0,1,2013-02-01,62,614,35,160,58,35,35,2,5,8,10,5,0,0,937,23,25,0.08,37.48,673,1.8,1,1,35,31-45,High Income,Inactive,6,Store,0,0,Family Customers
6250,1949,PhD,Widow,54356.0,0,1,2012-11-19,62,710,15,30,20,0,0,3,11,2,8,8,1,0,775,21,24,0.125,32.291666666666664,747,2.0,1,1,65,60+,High Income,Inactive,4,Web,0,0,Digital Shoppers
1168,1978,PhD,Married,72159.0,0,0,2012-10-29,62,322,53,899,34,40,53,1,4,6,10,2,0,0,1401,20,21,0.047619047619047616,66.71428571428571,768,2.1,0,0,36,31-45,Very High Income,Inactive,6,Store,1,0,High-Value At-Risk
10749,1991,Graduation,Single,8028.0,0,0,2012-09-18,62,73,18,66,7,12,2,15,0,1,0,19,0,0,178,1,16,0.9375,11.125,809,2.2,0,0,23,18-30,Low Income,Inactive,6,Catalog,0,0,Catalog Shoppers
2926,1952,Master,Together,55951.0,0,1,2012-08-23,62,1241,0,80,0,13,40,3,3,6,11,8,0,0,1374,20,23,0.13043478260869565,59.73913043478261,835,2.3,1,1,62,60+,High Income,Inactive,4,Store,1,0,High-Value At-Risk
716,1949,PhD,Together,67911.0,0,1,2014-05-22,63,529,0,356,63,28,0,3,6,7,11,3,0,0,976,24,27,0.1111111111111111,36.148148148148145,198,0.5,1,1,65,60+,High Income,Inactive,4,Store,0,0,Family Customers
6544,1949,PhD,Together,67911.0,0,1,2014-05-22,63,529,0,356,63,28,0,3,6,7,11,3,0,0,976,24,27,0.1111111111111111,36.148148148148145,198,0.5,1,1,65,60+,High Income,Inactive,4,Store,0,0,Family Customers
4298,1973,PhD,Together,20427.0,1,0,2014-03-24,63,5,0,4,0,0,1,1,1,0,2,8,0,0,10,3,4,0.25,2.5,257,0.7,1,1,41,31-45,Low Income,Inactive,3,Store,0,0,Bargain Hunters
5823,1970,PhD,Single,32303.0,0,1,2014-08-03,63,35,0,2,0,0,2,2,1,0,4,5,0,0,39,5,7,0.2857142857142857,5.571428571428571,125,0.3,1,1,44,31-45,Low Income,Inactive,3,Store,0,0,Bargain Hunters
8375,1968,PhD,Married,55954.0,0,1,2014-03-03,63,447,0,28,0,0,43,3,8,2,6,7,0,0,518,16,19,0.15789473684210525,27.263157894736842,278,0.8,1,1,46,46-60,High Income,Inactive,3,Web,0,0,Digital Shoppers
5723,1976,PhD,Together,49187.0,0,1,2014-11-01,63,81,1,31,2,1,0,1,1,1,5,2,0,0,116,7,8,0.125,14.5,35,0.1,1,1,38,31-45,Mid Income,Inactive,5,Store,0,0,Family Customers
5763,1972,Master,Together,49854.0,1,0,2013-10-11,63,123,17,171,39,0,30,5,6,2,5,6,0,0,380,13,18,0.2777777777777778,21.11111111111111,421,1.2,1,1,42,31-45,Mid Income,Inactive,5,Web,0,0,Digital Shoppers
8727,1978,Graduation,Divorced,63693.0,0,1,2013-10-14,63,587,43,337,42,87,54,3,11,6,9,6,0,0,1150,26,29,0.10344827586206896,39.6551724137931,418,1.1,1,1,36,31-45,High Income,Inactive,6,Web,1,0,High-Value At-Risk
3056,1978,Graduation,Divorced,63693.0,0,1,2013-10-14,63,587,43,337,42,87,54,3,11,6,9,6,0,0,1150,26,29,0.10344827586206896,39.6551724137931,418,1.1,1,1,36,31-45,High Income,Inactive,6,Web,1,0,High-Value At-Risk
8442,1985,Master,Married,19510.0,2,0,2013-04-09,63,9,0,7,3,4,7,2,1,0,3,7,0,0,30,4,6,0.3333333333333333,5.0,606,1.7,2,1,29,18-30,Low Income,Inactive,5,Store,0,0,Bargain Hunters
3712,1959,Graduation,Divorced,52332.0,0,0,2013-08-28,63,212,5,33,7,0,2,1,3,2,6,4,0,0,259,11,12,0.08333333333333333,21.583333333333332,465,1.3,0,0,55,46-60,High Income,Inactive,5,Store,0,0,General Customers
10722,1973,Graduation,Together,55593.0,0,1,2013-08-21,63,293,8,124,11,4,106,2,6,6,3,6,0,0,546,15,17,0.11764705882352941,32.11764705882353,472,1.3,1,1,41,31-45,High Income,Inactive,6,Web,0,0,Digital Shoppers
2406,1949,Graduation,Together,54591.0,0,1,2013-05-08,63,376,4,94,12,9,24,3,6,2,8,5,0,0,519,16,19,0.15789473684210525,27.31578947368421,577,1.6,1,1,65,60+,High Income,Inactive,6,Store,0,0,Family Customers
7313,1949,2n Cycle,Widow,74859.0,0,0,2013-03-06,63,570,73,614,133,102,73,1,6,5,11,3,0,0,1565,22,23,0.043478260869565216,68.04347826086956,640,1.8,0,0,65,60+,Very High Income,Inactive,6,Store,1,0,High-Value At-Risk
2656,1971,Graduation,Divorced,40851.0,1,1,2013-02-21,63,23,1,7,0,4,24,1,1,1,2,7,0,0,59,4,5,0.2,11.8,653,1.8,2,1,43,31-45,Mid Income,Inactive,5,Store,0,0,Family Customers
1993,1949,PhD,Married,58607.0,0,1,2012-12-23,63,867,0,86,0,0,19,3,2,3,9,8,0,0,972,14,17,0.17647058823529413,57.1764705882353,713,2.0,1,1,65,60+,High Income,Inactive,3,Store,0,0,Family Customers
4136,1992,Basic,Single,7500.0,1,0,2012-03-12,63,10,17,18,8,26,40,4,3,2,2,9,0,0,119,7,11,0.36363636363636365,10.818181818181818,999,2.7,1,1,22,18-30,Low Income,Inactive,6,Web,0,0,Digital Shoppers
2928,1975,PhD,Single,52614.0,0,1,2012-01-12,63,789,0,142,12,9,38,2,2,4,8,8,0,0,990,14,16,0.125,61.875,1059,2.9,1,1,39,31-45,High Income,Inactive,5,Store,0,0,Family Customers
2920,1975,PhD,Single,52614.0,0,1,2012-01-12,63,789,0,142,12,9,38,2,2,4,8,8,0,0,990,14,16,0.125,61.875,1059,2.9,1,1,39,31-45,High Income,Inactive,5,Store,0,0,Family Customers
6661,1974,Graduation,Married,67445.0,0,1,2012-12-08,63,757,80,217,29,80,11,5,9,6,12,6,0,0,1174,27,32,0.15625,36.6875,728,2.0,1,1,40,31-45,High Income,Inactive,6,Store,1,0,High-Value At-Risk
5462,1974,Graduation,Married,67445.0,0,1,2012-12-08,63,757,80,217,29,80,11,5,9,6,12,6,0,0,1174,27,32,0.15625,36.6875,728,2.0,1,1,40,31-45,High Income,Inactive,6,Store,1,0,High-Value At-Risk
10897,1974,Graduation,Married,67445.0,0,1,2012-12-08,63,757,80,217,29,80,11,5,9,6,12,6,0,0,1174,27,32,0.15625,36.6875,728,2.0,1,1,40,31-45,High Income,Inactive,6,Store,1,0,High-Value At-Risk
10542,1968,PhD,Married,36778.0,1,1,2012-05-08,63,29,4,34,2,4,4,3,3,0,3,9,0,0,77,6,9,0.3333333333333333,8.555555555555555,942,2.6,2,1,46,46-60,Mid Income,Inactive,6,Web,0,0,Digital Shoppers
5756,1983,Graduation,Together,39453.0,1,0,2014-03-04,64,46,0,7,0,0,2,2,2,0,3,6,0,0,55,5,7,0.2857142857142857,7.857142857142857,277,0.8,1,1,31,31-45,Mid Income,Inactive,3,Store,0,0,Bargain Hunters
3570,1969,PhD,Together,42731.0,1,0,2013-10-21,64,159,2,51,6,2,24,3,4,1,5,5,0,0,244,10,13,0.23076923076923078,18.76923076923077,411,1.1,1,1,45,31-45,Mid Income,Inactive,6,Store,0,0,Family Customers
1072,1965,PhD,Single,40760.0,0,1,2013-08-30,64,70,0,17,0,0,6,2,2,1,3,6,0,0,93,6,8,0.25,11.625,463,1.3,1,1,49,46-60,Mid Income,Inactive,3,Store,0,0,Bargain Hunters
9606,1965,PhD,Married,69969.0,0,0,2013-08-27,64,882,29,514,38,29,44,1,4,2,6,3,1,0,1536,12,13,0.07692307692307693,118.15384615384616,466,1.3,0,0,49,46-60,Very High Income,Inactive,6,Store,1,0,High-Value At-Risk
2730,1955,Graduation,Single,80317.0,0,0,2013-08-20,64,536,11,387,149,91,57,1,3,4,10,1,0,0,1231,17,18,0.05555555555555555,68.38888888888889,473,1.3,0,0,59,46-60,Very High Income,Inactive,6,Store,1,0,High-Value At-Risk
2995,1957,Master,Together,66636.0,0,0,2013-08-17,64,291,10,689,84,10,0,1,3,4,9,1,0,0,1084,16,17,0.058823529411764705,63.76470588235294,476,1.3,0,0,57,46-60,High Income,Inactive,5,Store,1,0,High-Value At-Risk
8210,1975,Master,Married,54730.0,0,1,2013-08-15,64,318,3,17,4,7,56,5,4,1,8,4,0,0,405,13,18,0.2777777777777778,22.5,478,1.3,1,1,39,31-45,High Income,Inactive,6,Store,0,0,Bargain Hunters
773,1971,Master,Divorced,42835.0,1,1,2013-06-30,64,379,4,93,12,9,98,7,6,6,4,6,0,0,595,16,23,0.30434782608695654,25.869565217391305,524,1.4,2,1,43,31-45,Mid Income,Inactive,6,Web,0,0,Digital Shoppers
5272,1965,Master,Married,53843.0,0,1,2013-06-27,64,378,0,88,19,4,73,4,8,5,3,7,0,0,562,16,20,0.2,28.1,527,1.4,1,1,49,46-60,High Income,Inactive,5,Web,0,0,Digital Shoppers
5125,1960,Graduation,Married,79530.0,0,0,2013-05-17,64,333,0,815,129,42,29,1,4,10,11,2,0,0,1348,25,26,0.038461538461538464,51.84615384615385,568,1.6,0,0,54,46-60,Very High Income,Inactive,5,Store,1,0,High-Value At-Risk
4391,1968,Master,Divorced,63841.0,0,1,2013-04-21,64,635,15,100,20,7,131,1,9,3,9,6,0,0,908,21,22,0.045454545454545456,41.27272727272727,594,1.6,1,1,46,46-60,High Income,Inactive,6,Web,0,0,Digital Shoppers
6283,1968,Master,Divorced,63841.0,0,1,2013-04-21,64,635,15,100,20,7,131,1,9,3,9,6,0,0,908,21,22,0.045454545454545456,41.27272727272727,594,1.6,1,1,46,46-60,High Income,Inactive,6,Web,0,0,Digital Shoppers
3421,1968,Master,Divorced,63841.0,0,1,2013-04-21,64,635,15,100,20,7,131,1,9,3,9,6,0,0,908,21,22,0.045454545454545456,41.27272727272727,594,1.6,1,1,46,46-60,High Income,Inactive,6,Web,0,0,Digital Shoppers
5731,1983,Master,Married,27100.0,1,0,2013-05-04,64,12,0,13,2,0,10,1,1,0,3,7,0,0,37,4,5,0.2,7.4,581,1.6,1,1,31,31-45,Low Income,Inactive,4,Store,0,0,Family Customers
7152,1983,Master,Married,27100.0,1,0,2013-05-04,64,12,0,13,2,0,10,1,1,0,3,7,0,0,37,4,5,0.2,7.4,581,1.6,1,1,31,31-45,Low Income,Inactive,4,Store,0,0,Family Customers
3919,1976,Master,Single,72309.0,0,0,2013-11-03,64,960,0,883,50,38,0,1,5,6,8,3,1,0,1931,19,20,0.05,96.55,398,1.1,0,0,38,31-45,Very High Income,Inactive,4,Store,1,0,High-Value At-Risk
6097,1959,Graduation,Single,50664.0,1,1,2013-01-16,64,313,8,104,6,4,126,9,8,1,6,9,0,0,561,15,24,0.375,23.375,689,1.9,2,1,55,46-60,Mid Income,Inactive,6,Web,0,0,Digital Shoppers
5150,1979,Basic,Single,20194.0,1,0,2012-12-17,64,0,4,7,11,10,15,2,2,0,3,6,0,0,47,5,7,0.2857142857142857,6.714285714285714,719,2.0,1,1,35,31-45,Low Income,Inactive,5,Store,0,0,Bargain Hunters
10479,1975,PhD,Married,76618.0,0,0,2012-07-12,64,749,40,294,121,160,147,1,3,2,5,1,0,0,1511,10,11,0.09090909090909091,137.36363636363637,877,2.4,0,0,39,31-45,Very High Income,Inactive,6,Store,1,0,High-Value At-Risk
5966,1974,PhD,Married,45207.0,1,1,2012-10-11,64,203,0,10,0,0,2,5,3,1,6,6,0,0,215,10,15,0.3333333333333333,14.333333333333334,786,2.2,2,1,40,31-45,Mid Income,Inactive,3,Store,0,0,Bargain Hunters
3439,1972,Graduation,Married,56721.0,1,1,2012-10-31,64,157,6,39,6,13,75,5,4,1,5,6,0,0,296,10,15,0.3333333333333333,19.733333333333334,766,2.1,2,1,42,31-45,High Income,Inactive,6,Store,0,0,Bargain Hunters
6609,1966,Graduation,Widow,27038.0,0,0,2012-09-18,64,1,26,25,17,23,15,1,3,0,3,9,1,0,107,6,7,0.14285714285714285,15.285714285714286,809,2.2,0,0,48,46-60,Low Income,Inactive,6,Web,0,0,Digital Shoppers
5393,1977,Graduation,Single,23763.0,1,0,2012-07-08,64,22,0,6,6,2,6,1,1,0,3,7,0,0,42,4,5,0.2,8.4,881,2.4,1,1,37,31-45,Low Income,Inactive,5,Store,0,0,Family Customers
9014,1975,Graduation,Married,37085.0,1,1,2014-06-26,65,39,1,16,2,0,3,4,3,0,3,8,0,0,61,6,10,0.4,6.1,163,0.4,2,1,39,31-45,Mid Income,Inactive,5,Web,0,0,Digital Shoppers
4050,1966,Master,Married,49605.0,0,0,2014-06-21,65,42,16,29,12,20,8,1,2,1,4,3,0,0,127,7,8,0.125,15.875,168,0.5,0,0,48,46-60,Mid Income,Inactive,6,Store,0,0,General Customers
6862,1971,Graduation,Divorced,1730.0,0,0,2014-05-18,65,1,1,3,1,1,1,15,0,0,0,20,0,0,8,0,15,1.0,0.5333333333333333,202,0.6,0,0,43,31-45,Low Income,Inactive,6,No Channel Purchase,0,0,Bargain Hunters
8315,1995,Graduation,Single,34824.0,0,0,2014-03-26,65,4,2,11,2,0,4,1,1,0,2,6,0,0,23,3,4,0.25,5.75,255,0.7,0,0,19,18-30,Low Income,Inactive,5,Store,0,0,Bargain Hunters
5184,1995,Graduation,Single,34824.0,0,0,2014-03-26,65,4,2,11,2,0,4,1,1,0,2,6,0,0,23,3,4,0.25,5.75,255,0.7,0,0,19,18-30,Low Income,Inactive,5,Store,0,0,Bargain Hunters
3643,1974,Master,Married,63206.0,0,0,2014-03-20,65,750,8,125,11,8,26,1,4,3,6,2,0,0,928,13,14,0.07142857142857142,66.28571428571429,261,0.7,0,0,40,31-45,High Income,Inactive,6,Store,0,0,General Customers
2589,1972,Graduation,Divorced,26759.0,1,0,2014-07-02,65,25,3,16,8,5,2,2,2,1,3,6,0,0,59,6,8,0.25,7.375,157,0.4,1,1,42,31-45,Low Income,Inactive,6,Store,0,0,Bargain Hunters
4887,1976,PhD,Divorced,55412.0,1,1,2013-11-22,65,10,5,28,11,1,8,1,2,0,3,5,0,0,63,5,6,0.16666666666666666,10.5,379,1.0,2,1,38,31-45,High Income,Inactive,6,Store,0,0,Family Customers
10104,1974,Graduation,Together,33590.0,2,1,2013-03-11,65,4,0,2,0,0,2,1,1,0,2,7,0,0,8,3,4,0.25,2.0,635,1.7,3,1,40,31-45,Low Income,Inactive,3,Store,0,0,Bargain Hunters
3254,1971,Graduation,Married,70886.0,1,0,2013-10-14,65,407,70,239,103,88,53,1,5,4,4,2,0,0,960,13,14,0.07142857142857142,68.57142857142857,418,1.1,1,1,43,31-45,Very High Income,Inactive,6,Web,0,0,Digital Shoppers
2004,1969,Graduation,Single,72679.0,0,1,2013-09-18,65,619,54,260,127,54,54,1,4,7,5,1,0,0,1168,16,17,0.058823529411764705,68.70588235294117,444,1.2,1,1,45,31-45,Very High Income,Inactive,6,Catalog,1,0,High-Value At-Risk
6142,1943,Master,Married,65073.0,0,0,2013-08-20,65,629,17,177,69,0,8,1,5,3,5,2,0,1,900,13,14,0.07142857142857142,64.28571428571429,473,1.3,0,0,71,60+,High Income,Inactive,5,Web,0,0,Digital Shoppers
8553,1965,Graduation,Married,44300.0,1,1,2013-06-23,65,30,0,9,0,0,3,2,1,0,3,6,0,0,42,4,6,0.3333333333333333,7.0,531,1.5,2,1,49,46-60,Mid Income,Inactive,3,Store,0,0,Bargain Hunters
9805,1953,Master,Together,56129.0,0,1,2013-06-20,65,320,48,133,39,72,48,4,6,2,10,4,0,0,660,18,22,0.18181818181818182,30.0,534,1.5,1,1,61,60+,High Income,Inactive,6,Store,0,0,Family Customers
849,1953,Master,Together,56129.0,0,1,2013-06-20,65,320,48,133,39,72,48,4,6,2,10,4,0,0,660,18,22,0.18181818181818182,30.0,534,1.5,1,1,61,60+,High Income,Inactive,6,Store,0,0,Family Customers
1606,1971,Graduation,Together,38590.0,1,0,2013-05-15,65,3,1,8,4,3,3,1,1,0,2,8,0,0,22,3,4,0.25,5.5,570,1.6,1,1,43,31-45,Mid Income,Inactive,6,Store,0,0,Bargain Hunters
125,1958,2n Cycle,Together,53083.0,1,1,2013-05-15,65,215,7,33,3,0,13,6,5,1,5,7,0,0,271,11,17,0.35294117647058826,15.941176470588236,570,1.6,2,1,56,46-60,High Income,Inactive,5,Web,0,0,Digital Shoppers
9305,1976,2n Cycle,Single,79689.0,0,0,2013-12-05,65,311,26,640,180,37,121,1,4,9,13,2,0,0,1315,26,27,0.037037037037037035,48.7037037037037,366,1.0,0,0,38,31-45,Very High Income,Inactive,6,Store,1,0,High-Value At-Risk
4706,1966,Graduation,Single,34704.0,0,1,2013-04-27,65,29,0,5,0,1,5,1,1,0,3,5,0,0,40,4,5,0.2,8.0,588,1.6,1,1,48,46-60,Low Income,Inactive,4,Store,0,0,Family Customers
4437,1962,Graduation,Married,65316.0,1,1,2013-04-24,65,112,6,92,3,9,38,2,3,2,5,4,0,0,260,10,12,0.16666666666666666,21.666666666666668,591,1.6,2,1,52,46-60,High Income,Inactive,6,Store,0,0,Family Customers
3081,1978,PhD,Married,41014.0,1,0,2013-04-22,65,7,2,6,2,0,3,1,1,0,2,7,0,0,20,3,4,0.25,5.0,593,1.6,1,1,36,31-45,Mid Income,Inactive,5,Store,0,0,Bargain Hunters
3536,1960,Graduation,Together,19740.0,0,1,2013-03-24,65,7,11,3,10,4,20,2,1,1,3,5,0,0,55,5,7,0.2857142857142857,7.857142857142857,622,1.7,1,1,54,46-60,Low Income,Inactive,6,Store,0,0,Bargain Hunters
8686,1979,Basic,Together,23724.0,1,0,2013-08-01,65,5,23,15,0,18,14,2,2,0,3,8,0,0,75,5,7,0.2857142857142857,10.714285714285714,492,1.3,1,1,35,31-45,Low Income,Inactive,5,Store,0,0,Bargain Hunters
9707,1969,PhD,Married,55212.0,0,1,2012-11-23,65,1103,0,45,0,0,34,3,4,2,11,8,0,0,1182,17,20,0.15,59.1,743,2.0,1,1,45,31-45,High Income,Inactive,3,Store,1,0,High-Value At-Risk
10872,1969,PhD,Married,55212.0,0,1,2012-11-23,65,1103,0,45,0,0,34,3,4,2,11,8,0,0,1182,17,20,0.15,59.1,743,2.0,1,1,45,31-45,High Income,Inactive,3,Store,1,0,High-Value At-Risk
9058,1955,Graduation,Widow,79800.0,0,0,2012-09-23,65,1060,21,530,32,0,224,1,5,11,5,3,1,0,1867,21,22,0.045454545454545456,84.86363636363636,804,2.2,0,0,59,46-60,Very High Income,Inactive,5,Catalog,1,0,High-Value At-Risk
4640,1967,Graduation,Divorced,70647.0,0,1,2012-09-21,65,561,85,171,25,123,114,2,4,7,13,2,0,0,1079,24,26,0.07692307692307693,41.5,806,2.2,1,1,47,46-60,Very High Income,Inactive,6,Store,1,0,High-Value At-Risk
2525,1974,PhD,Married,38410.0,0,0,2012-09-14,65,153,64,123,116,64,14,2,5,2,9,6,1,0,534,16,18,0.1111111111111111,29.666666666666668,813,2.2,0,0,40,31-45,Mid Income,Inactive,6,Store,0,0,General Customers
9503,1980,Graduation,Single,28071.0,0,0,2012-08-29,65,39,33,130,41,26,44,2,5,1,5,8,0,0,313,11,13,0.15384615384615385,24.076923076923077,829,2.3,0,0,34,31-45,Low Income,Inactive,6,Web,0,0,Digital Shoppers
10704,1969,Graduation,Single,54803.0,0,1,2012-08-21,65,404,0,92,28,27,142,2,6,2,9,4,0,0,693,17,19,0.10526315789473684,36.473684210526315,837,2.3,1,1,45,31-45,High Income,Inactive,5,Store,0,0,Family Customers
2669,1993,Graduation,Single,74293.0,0,0,2014-04-05,66,375,152,335,93,91,81,1,5,4,6,2,0,0,1127,15,16,0.0625,70.4375,245,0.7,0,0,21,18-30,Very High Income,Inactive,6,Store,1,0,High-Value At-Risk
10037,1993,Graduation,Single,74293.0,0,0,2014-04-05,66,375,152,335,93,91,81,1,5,4,6,2,0,0,1127,15,16,0.0625,70.4375,245,0.7,0,0,21,18-30,Very High Income,Inactive,6,Store,1,0,High-Value At-Risk
5680,1984,2n Cycle,Married,35684.0,1,0,2014-04-22,66,10,4,7,0,6,3,1,1,0,3,6,0,0,30,4,5,0.2,6.0,228,0.6,1,1,30,18-30,Mid Income,Inactive,5,Store,0,0,Family Customers
3726,1986,PhD,Together,34320.0,1,0,2014-02-16,66,4,1,9,3,0,0,1,1,0,2,8,0,0,17,3,4,0.25,4.25,293,0.8,1,1,28,18-30,Low Income,Inactive,4,Store,0,0,Bargain Hunters
4548,1981,Graduation,Single,41967.0,1,1,2013-11-23,66,23,4,10,0,2,15,1,1,0,3,4,0,0,54,4,5,0.2,10.8,378,1.0,2,1,33,31-45,Mid Income,Inactive,5,Store,0,0,Family Customers
4599,1976,Master,Married,49681.0,0,2,2013-04-11,66,411,0,26,0,0,21,6,7,1,7,7,0,0,458,15,21,0.2857142857142857,21.80952380952381,604,1.7,2,1,38,31-45,Mid Income,Inactive,3,Web,0,0,Digital Shoppers
879,1976,Master,Married,49681.0,0,2,2013-04-11,66,411,0,26,0,0,21,6,7,1,7,7,0,0,458,15,21,0.2857142857142857,21.80952380952381,604,1.7,2,1,38,31-45,Mid Income,Inactive,3,Web,0,0,Digital Shoppers
7409,1970,Graduation,Together,53187.0,1,0,2013-10-26,66,211,2,30,7,7,10,2,4,1,6,5,0,0,267,11,13,0.15384615384615385,20.53846153846154,406,1.1,1,1,44,31-45,High Income,Inactive,6,Store,0,0,Family Customers
1964,1951,Graduation,Together,86610.0,0,0,2013-05-09,66,446,107,768,33,196,53,1,5,6,6,2,0,0,1603,17,18,0.05555555555555555,89.05555555555556,576,1.6,0,0,63,60+,Very High Income,Inactive,6,Catalog,1,0,High-Value At-Risk
0,1985,Graduation,Married,70951.0,0,0,2013-04-05,66,239,10,554,254,87,54,1,3,4,9,1,0,0,1198,16,17,0.058823529411764705,70.47058823529412,610,1.7,0,0,29,18-30,Very High Income,Inactive,6,Store,1,0,High-Value At-Risk
4860,1970,Graduation,Single,24206.0,1,0,2013-08-03,66,7,2,8,3,2,3,1,1,0,3,6,0,0,25,4,5,0.2,5.0,490,1.3,1,1,44,31-45,Low Income,Inactive,6,Store,0,0,Family Customers
425,1985,Graduation,Married,55357.0,2,0,2013-02-19,66,374,64,116,84,25,64,3,6,2,11,5,0,0,727,19,22,0.13636363636363635,33.04545454545455,655,1.8,2,1,29,18-30,High Income,Inactive,6,Store,0,0,Family Customers
9500,1959,Graduation,Married,58113.0,0,1,2013-01-25,66,221,104,169,102,78,84,3,9,2,8,7,0,1,758,19,22,0.13636363636363635,34.45454545454545,680,1.9,1,1,55,46-60,High Income,Inactive,6,Web,0,0,Digital Shoppers
3074,1984,PhD,Married,70643.0,0,0,2012-10-15,66,1218,107,304,23,143,33,1,5,8,4,6,1,0,1828,17,18,0.05555555555555555,101.55555555555556,782,2.1,0,0,30,18-30,Very High Income,Inactive,6,Catalog,1,0,High-Value At-Risk
5140,1985,PhD,Married,64355.0,1,0,2012-08-24,66,1047,0,140,67,38,153,2,4,3,12,8,0,0,1445,19,21,0.09523809523809523,68.80952380952381,834,2.3,1,1,29,18-30,High Income,Inactive,5,Store,1,0,High-Value At-Risk
2611,1959,Master,Together,82576.0,0,0,2012-01-08,66,1206,55,445,168,18,18,1,2,4,12,1,0,0,1910,18,19,0.05263157894736842,100.52631578947368,1063,2.9,0,0,55,46-60,Very High Income,Inactive,6,Store,1,0,High-Value At-Risk
916,1972,PhD,Single,41644.0,1,1,2014-09-05,67,20,3,4,2,0,2,2,1,0,3,3,0,0,31,4,6,0.3333333333333333,5.166666666666667,92,0.3,2,1,42,31-45,Mid Income,Inactive,5,Store,0,0,Bargain Hunters
10413,1984,Graduation,Married,72570.0,0,0,2014-04-25,67,274,83,216,151,141,224,1,4,6,12,1,0,0,1089,22,23,0.043478260869565216,47.34782608695652,225,0.6,0,0,30,18-30,Very High Income,Inactive,6,Store,1,0,High-Value At-Risk
3696,1965,Graduation,Divorced,30630.0,1,1,2014-01-27,67,27,1,12,2,0,10,2,2,0,3,7,0,0,52,5,7,0.2857142857142857,7.428571428571429,313,0.9,2,1,49,46-60,Low Income,Inactive,5,Store,0,0,Bargain Hunters
304,1981,Master,Single,22944.0,1,0,2013-12-23,67,19,3,19,4,5,26,3,3,0,3,7,0,0,76,6,9,0.3333333333333333,8.444444444444445,348,1.0,1,1,33,31-45,Low Income,Inactive,6,Web,0,0,Digital Shoppers
5113,1971,PhD,Divorced,86979.0,0,0,2013-07-11,67,584,100,835,65,83,35,1,5,5,5,2,1,0,1702,15,16,0.0625,106.375,513,1.4,0,0,43,31-45,Very High Income,Inactive,6,Web,1,0,High-Value At-Risk
2863,1970,Graduation,Single,51381.5,1,2,2013-08-23,67,738,20,172,52,50,20,6,2,3,10,7,0,0,1052,15,21,0.2857142857142857,50.095238095238095,470,1.3,3,1,44,31-45,Mid Income,Inactive,6,Store,1,0,High-Value At-Risk
4597,1970,PhD,Together,82072.0,0,0,2013-02-07,67,889,55,685,168,92,129,1,3,2,13,1,0,0,2018,18,19,0.05263157894736842,106.21052631578948,667,1.8,0,0,44,31-45,Very High Income,Inactive,6,Store,1,0,High-Value At-Risk
675,1973,Master,Divorced,52034.0,1,1,2013-05-17,67,146,0,93,7,13,73,5,4,2,5,7,0,0,332,11,16,0.3125,20.75,568,1.6,2,1,41,31-45,High Income,Inactive,5,Store,0,0,Bargain Hunters
4483,1993,Graduation,Single,72354.0,0,0,2013-04-17,67,315,26,473,220,12,182,1,2,10,6,1,0,0,1228,18,19,0.05263157894736842,64.63157894736842,598,1.6,0,0,21,18-30,Very High Income,Inactive,6,Catalog,1,0,High-Value At-Risk
1502,1983,Graduation,Together,28427.0,1,0,2013-03-21,67,18,3,19,3,3,6,2,2,0,3,8,0,0,52,5,7,0.2857142857142857,7.428571428571429,625,1.7,1,1,31,31-45,Low Income,Inactive,6,Store,0,0,Bargain Hunters
736,1983,Graduation,Together,28427.0,1,0,2013-03-21,67,18,3,19,3,3,6,2,2,0,3,8,0,0,52,5,7,0.2857142857142857,7.428571428571429,625,1.7,1,1,31,31-45,Low Income,Inactive,6,Store,0,0,Bargain Hunters
4487,1969,Master,Single,39858.0,1,0,2013-01-24,67,15,20,25,2,7,26,1,2,0,4,6,1,0,95,6,7,0.14285714285714285,13.571428571428571,681,1.9,1,1,45,31-45,Mid Income,Inactive,6,Store,0,0,Family Customers
3412,1951,Master,Married,67381.0,0,1,2013-01-15,67,815,8,53,11,0,70,4,2,2,9,7,0,0,957,13,17,0.23529411764705882,56.294117647058826,690,1.9,1,1,63,60+,High Income,Inactive,5,Store,0,0,Family Customers
1744,1965,Basic,Single,23529.0,0,1,2013-07-01,67,9,7,13,3,2,20,1,1,1,2,6,0,0,54,4,5,0.2,10.8,523,1.4,1,1,49,46-60,Low Income,Inactive,6,Store,0,0,Family Customers
5837,1967,Graduation,Married,51479.0,1,1,2012-12-28,67,247,8,160,6,8,65,7,6,3,6,7,0,0,494,15,22,0.3181818181818182,22.454545454545453,708,1.9,2,1,47,46-60,High Income,Inactive,6,Web,0,0,Digital Shoppers
3422,1975,Graduation,Married,76068.0,0,1,2012-11-29,67,1115,12,128,33,12,76,1,2,3,4,6,0,0,1376,9,10,0.1,137.6,737,2.0,1,1,39,31-45,Very High Income,Inactive,6,Store,1,0,High-Value At-Risk
7462,1954,Graduation,Single,22507.0,0,0,2012-11-24,67,68,0,226,51,157,68,3,10,2,4,9,0,0,570,16,19,0.15789473684210525,30.0,742,2.0,0,0,60,46-60,Low Income,Inactive,5,Web,0,0,Digital Shoppers
10702,1984,Graduation,Single,52413.0,1,0,2012-03-11,67,185,8,133,56,56,12,2,7,1,7,7,0,0,450,15,17,0.11764705882352941,26.470588235294116,1000,2.7,1,1,30,18-30,High Income,Inactive,6,Web,0,0,Digital Shoppers
2115,1957,Graduation,Together,50116.0,1,1,2014-06-20,68,54,0,10,0,0,2,2,1,0,4,5,0,0,66,5,7,0.2857142857142857,9.428571428571429,169,0.5,2,1,57,46-60,Mid Income,Inactive,3,Store,0,0,Bargain Hunters
4138,1962,Graduation,Single,76624.0,0,1,2014-05-24,68,411,106,147,54,115,66,1,5,10,7,1,0,0,899,22,23,0.043478260869565216,39.08695652173913,196,0.5,1,1,52,46-60,Very High Income,Inactive,6,Catalog,0,0,Catalog Shoppers
11091,1953,Graduation,Together,34587.0,1,1,2014-05-16,68,7,2,9,2,0,2,2,1,0,3,4,0,0,22,4,6,0.3333333333333333,3.6666666666666665,204,0.6,2,1,61,60+,Low Income,Inactive,5,Store,0,0,Bargain Hunters
7712,1946,PhD,Single,62159.0,0,0,2014-04-28,68,182,17,259,77,70,29,1,6,2,10,4,0,0,634,18,19,0.05263157894736842,33.36842105263158,222,0.6,0,0,68,60+,High Income,Inactive,6,Store,0,0,General Customers
3535,1965,Graduation,Single,66294.0,0,0,2014-03-17,68,251,108,334,65,92,117,1,4,3,5,2,0,0,967,12,13,0.07692307692307693,74.38461538461539,264,0.7,0,0,49,46-60,High Income,Inactive,6,Store,0,0,General Customers
5899,1950,PhD,Together,5648.0,1,1,2014-03-13,68,28,0,6,1,1,13,1,1,0,0,20,0,0,49,1,2,0.5,24.5,268,0.7,2,1,64,60+,Low Income,Inactive,5,Web,0,0,Digital Shoppers
8749,1984,Graduation,Together,37235.0,1,0,2014-01-02,68,20,2,9,4,6,20,1,1,1,2,4,0,0,61,4,5,0.2,12.2,338,0.9,1,1,30,18-30,Mid Income,Inactive,6,Store,0,0,Family Customers
10955,1964,Graduation,Widow,85620.0,0,0,2014-07-01,68,416,46,925,60,107,46,1,3,6,4,1,1,0,1600,13,14,0.07142857142857142,114.28571428571429,158,0.4,0,0,50,46-60,Very High Income,Inactive,6,Catalog,1,0,High-Value At-Risk
9491,1984,Graduation,Together,23976.0,1,0,2013-12-27,68,14,1,21,2,3,25,3,3,1,3,7,0,0,66,7,10,0.3,6.6,344,0.9,1,1,30,18-30,Low Income,Inactive,6,Web,0,0,Digital Shoppers
5286,1987,Master,Single,41020.0,0,0,2013-10-28,68,112,1,54,7,7,36,1,3,2,4,3,0,0,217,9,10,0.1,21.7,404,1.1,0,0,27,18-30,Mid Income,Inactive,6,Store,0,0,General Customers
3409,1984,Graduation,Single,36108.0,1,0,2013-10-15,68,141,8,129,3,11,47,3,7,1,4,9,0,0,339,12,15,0.2,22.6,417,1.1,1,1,30,18-30,Mid Income,Inactive,6,Web,0,0,Digital Shoppers
2544,1951,Master,Divorced,57530.0,0,1,2013-12-10,68,50,1,27,6,7,1,1,1,1,4,1,0,0,92,6,7,0.14285714285714285,13.142857142857142,361,1.0,1,1,63,60+,High Income,Inactive,6,Store,0,0,Family Customers
2118,1964,2n Cycle,Married,62905.0,0,1,2013-10-09,68,166,75,96,119,107,59,3,7,2,8,4,0,0,622,17,20,0.15,31.1,423,1.2,1,1,50,46-60,High Income,Inactive,6,Store,0,0,Family Customers
9370,1945,PhD,Married,65846.0,0,0,2013-05-17,68,562,81,276,80,40,81,1,6,3,6,4,0,0,1120,15,16,0.0625,70.0,568,1.6,0,0,69,60+,High Income,Inactive,6,Web,1,0,High-Value At-Risk
4864,1977,Graduation,Married,34380.0,1,0,2013-02-05,68,72,7,58,13,1,24,4,4,1,3,8,0,0,175,8,12,0.3333333333333333,14.583333333333334,669,1.8,1,1,37,31-45,Low Income,Inactive,6,Web,0,0,Digital Shoppers
405,1964,Graduation,Divorced,41638.0,0,1,2013-02-13,68,315,0,31,4,0,91,4,5,5,3,8,0,0,441,13,17,0.23529411764705882,25.941176470588236,661,1.8,1,1,50,46-60,Mid Income,Inactive,4,Web,0,0,Digital Shoppers
10513,1992,Graduation,Together,63207.0,0,0,2013-01-20,68,438,169,565,91,169,70,1,2,3,6,7,0,0,1502,11,12,0.08333333333333333,125.16666666666667,685,1.9,0,0,22,18-30,High Income,Inactive,6,Store,1,0,High-Value At-Risk
5138,1950,Graduation,Together,28320.0,0,1,2013-01-14,68,19,1,14,3,2,4,1,1,0,3,8,0,0,43,4,5,0.2,8.6,691,1.9,1,1,64,60+,Low Income,Inactive,6,Store,0,0,Family Customers
8387,1957,Graduation,Married,43140.0,0,1,2013-05-01,68,134,8,76,6,0,11,1,4,1,5,6,0,0,235,10,11,0.09090909090909091,21.363636363636363,584,1.6,1,1,57,46-60,Mid Income,Inactive,5,Store,0,0,Family Customers
378,1971,Graduation,Married,52531.0,0,0,2012-12-30,68,283,112,151,51,72,125,2,7,2,10,6,0,0,794,19,21,0.09523809523809523,37.80952380952381,706,1.9,0,0,43,31-45,High Income,Inactive,6,Store,0,0,General Customers
5846,1977,Graduation,Divorced,40246.0,1,0,2012-12-19,68,2,1,6,2,1,1,1,1,0,2,6,0,0,13,3,4,0.25,3.25,717,2.0,1,1,37,31-45,Mid Income,Inactive,6,Store,0,0,Bargain Hunters
8870,1984,Graduation,Together,35196.0,1,0,2012-11-13,68,75,12,141,43,39,187,6,6,1,5,8,1,0,497,12,18,0.3333333333333333,27.61111111111111,753,2.1,1,1,30,18-30,Low Income,Inactive,6,Web,0,0,Digital Shoppers
10340,1984,Graduation,Together,35196.0,1,0,2012-11-13,68,75,12,141,43,39,187,6,6,1,5,8,0,0,497,12,18,0.3333333333333333,27.61111111111111,753,2.1,1,1,30,18-30,Low Income,Inactive,6,Web,0,0,Digital Shoppers
7290,1985,Graduation,Single,70596.0,0,0,2012-05-10,68,347,44,534,17,0,26,1,3,5,12,2,0,0,968,20,21,0.047619047619047616,46.095238095238095,940,2.6,0,0,29,18-30,Very High Income,Inactive,5,Store,0,0,General Customers
8895,1985,Graduation,Single,70596.0,0,0,2012-05-10,68,347,44,534,17,0,26,1,3,5,12,2,0,0,968,20,21,0.047619047619047616,46.095238095238095,940,2.6,0,0,29,18-30,Very High Income,Inactive,5,Store,0,0,General Customers
3635,1962,PhD,Single,52597.0,0,1,2014-07-05,69,492,0,37,7,0,42,3,6,3,8,5,0,0,578,17,20,0.15,28.9,154,0.4,1,1,52,46-60,High Income,Inactive,4,Store,0,0,Family Customers
11178,1972,Master,Single,42394.0,1,0,2014-03-23,69,15,2,10,0,1,4,1,1,0,3,7,0,0,32,4,5,0.2,6.4,258,0.7,1,1,42,31-45,Mid Income,Inactive,5,Store,0,0,Family Customers
2410,1969,Graduation,Single,81657.0,0,0,2014-01-22,69,364,40,425,158,60,50,1,3,4,8,1,0,0,1097,15,16,0.0625,68.5625,318,0.9,0,0,45,31-45,Very High Income,Inactive,6,Store,1,0,High-Value At-Risk
3281,1960,PhD,Married,49154.0,1,1,2013-03-11,69,206,10,67,30,27,71,6,4,1,8,6,0,0,411,13,19,0.3157894736842105,21.63157894736842,635,1.7,2,1,54,46-60,Mid Income,Inactive,6,Store,0,0,Bargain Hunters
9905,1952,Graduation,Together,34074.0,1,1,2013-07-13,69,135,1,41,10,1,67,5,3,3,3,6,0,0,255,9,14,0.35714285714285715,18.214285714285715,511,1.4,2,1,62,60+,Low Income,Inactive,6,Web,0,0,Digital Shoppers
2437,1989,Graduation,Married,51381.5,0,0,2013-03-06,69,861,138,461,60,30,61,1,6,5,12,3,0,0,1611,23,24,0.041666666666666664,67.125,640,1.8,0,0,25,18-30,Mid Income,Inactive,6,Store,1,0,High-Value At-Risk
2565,1955,Master,Divorced,70638.0,0,0,2013-01-06,69,1016,12,215,16,12,63,1,4,5,10,3,0,0,1334,19,20,0.05,66.7,699,1.9,0,0,59,46-60,Very High Income,Inactive,6,Store,1,0,High-Value At-Risk
7912,1978,Graduation,Married,38136.0,1,0,2013-04-22,69,8,15,27,0,20,33,2,3,1,2,8,0,0,103,6,8,0.25,12.875,593,1.6,1,1,36,31-45,Mid Income,Inactive,5,Web,0,0,Digital Shoppers
7072,1973,Graduation,Married,67432.0,0,1,2013-03-29,69,432,79,341,177,136,170,2,8,5,4,4,0,0,1335,17,19,0.10526315789473684,70.26315789473684,617,1.7,1,1,41,31-45,High Income,Inactive,6,Web,1,0,High-Value At-Risk
1409,1951,Graduation,Together,40689.0,0,1,2013-03-18,69,270,3,27,39,6,99,7,7,1,5,8,0,0,444,13,20,0.35,22.2,628,1.7,1,1,63,60+,Mid Income,Inactive,6,Web,0,0,Digital Shoppers
5314,1951,Graduation,Together,40689.0,0,1,2013-03-18,69,270,3,27,39,6,99,7,7,1,5,8,0,0,444,13,20,0.35,22.2,628,1.7,1,1,63,60+,Mid Income,Inactive,6,Web,0,0,Digital Shoppers
7215,1983,Graduation,Single,101970.0,0,0,2013-12-03,69,722,27,102,44,72,168,0,6,8,13,2,1,0,1135,27,27,0.0,42.03703703703704,368,1.0,0,0,31,31-45,Very High Income,Inactive,6,Store,1,0,High-Value At-Risk
8858,1972,PhD,Married,44325.0,0,1,2013-07-03,69,516,0,21,0,0,5,4,8,2,7,8,0,0,542,17,21,0.19047619047619047,25.80952380952381,521,1.4,1,1,42,31-45,Mid Income,Inactive,3,Web,0,0,Digital Shoppers
895,1948,PhD,Married,61467.0,0,2,2012-09-12,69,410,16,114,0,5,49,3,5,2,10,5,0,0,594,17,20,0.15,29.7,815,2.2,2,1,66,60+,High Income,Inactive,5,Store,0,0,Family Customers
10313,1975,Graduation,Married,48178.0,1,1,2012-10-28,69,159,4,45,6,2,38,6,5,1,4,8,0,0,254,10,16,0.375,15.875,769,2.1,2,1,39,31-45,Mid Income,Inactive,6,Web,0,0,Digital Shoppers
642,1980,Basic,Married,16005.0,1,0,2012-08-14,69,1,3,2,20,30,47,3,2,1,2,8,0,0,103,5,8,0.375,12.875,844,2.3,1,1,34,31-45,Low Income,Inactive,6,Web,0,0,Digital Shoppers
8504,1973,Graduation,Married,79593.0,0,0,2014-12-05,70,350,60,568,110,133,145,1,5,6,7,2,0,0,1366,18,19,0.05263157894736842,71.89473684210526,1,0.0,0,0,41,31-45,Very High Income,Inactive,6,Store,1,0,High-Value At-Risk
1020,1973,Graduation,Married,79593.0,0,0,2014-12-05,70,350,60,568,110,133,145,1,5,6,7,2,0,0,1366,18,19,0.05263157894736842,71.89473684210526,1,0.0,0,0,41,31-45,Very High Income,Inactive,6,Store,1,0,High-Value At-Risk
3717,1959,Graduation,Married,61180.0,0,1,2014-04-23,70,403,24,29,6,24,218,2,5,5,6,3,0,0,704,16,18,0.1111111111111111,39.111111111111114,227,0.6,1,1,55,46-60,High Income,Inactive,6,Store,0,0,Family Customers
7646,1989,Graduation,Single,64449.0,1,0,2014-02-18,70,218,63,282,137,35,70,4,5,3,12,4,0,0,805,20,24,0.16666666666666666,33.541666666666664,291,0.8,1,1,25,18-30,High Income,Inactive,6,Store,0,0,Family Customers
5796,1963,Graduation,Married,77437.0,0,0,2013-11-26,70,560,21,442,29,44,29,1,4,5,13,1,0,0,1125,22,23,0.043478260869565216,48.91304347826087,375,1.0,0,0,51,46-60,Very High Income,Inactive,6,Store,1,0,High-Value At-Risk
8625,1976,Graduation,Married,17649.0,1,0,2013-12-11,70,15,1,23,0,5,1,3,3,0,3,8,0,0,45,6,9,0.3333333333333333,5.0,360,1.0,1,1,38,31-45,Low Income,Inactive,5,Web,0,0,Digital Shoppers
5407,1954,Graduation,Together,53103.0,0,1,2013-12-09,70,729,17,133,11,0,195,5,10,6,7,7,0,0,1085,23,28,0.17857142857142858,38.75,362,1.0,1,1,60,46-60,High Income,Inactive,5,Web,1,0,High-Value At-Risk
4356,1971,Graduation,Together,71819.0,0,1,2013-08-28,70,1224,28,140,0,14,168,3,3,3,5,6,0,0,1574,11,14,0.21428571428571427,112.42857142857143,465,1.3,1,1,43,31-45,Very High Income,Inactive,5,Store,1,0,High-Value At-Risk
2886,1971,Master,Divorced,74290.0,0,1,2013-12-08,70,1121,0,72,0,12,12,4,10,8,10,6,0,0,1217,28,32,0.125,38.03125,363,1.0,1,1,43,31-45,Very High Income,Inactive,4,Web,1,0,High-Value At-Risk
10057,1951,Graduation,Single,72282.0,0,0,2013-07-19,70,503,27,419,90,139,153,1,5,7,9,7,1,0,1331,21,22,0.045454545454545456,60.5,505,1.4,0,0,63,60+,Very High Income,Inactive,6,Store,1,0,High-Value At-Risk
10741,1951,Master,Together,47352.0,0,1,2013-11-04,70,172,12,112,8,0,15,4,6,1,5,7,0,0,319,12,16,0.25,19.9375,397,1.1,1,1,63,60+,Mid Income,Inactive,5,Web,0,0,Digital Shoppers
5491,1951,Master,Together,47352.0,0,1,2013-11-04,70,172,12,112,8,0,15,4,6,1,5,7,0,0,319,12,16,0.25,19.9375,397,1.1,1,1,63,60+,Mid Income,Inactive,5,Web,0,0,Digital Shoppers
4442,1961,Graduation,Single,46524.0,0,1,2013-05-04,70,31,19,35,26,14,52,2,1,1,5,3,0,0,177,7,9,0.2222222222222222,19.666666666666668,581,1.6,1,1,53,46-60,Mid Income,Inactive,6,Store,0,0,Family Customers
3972,1976,Graduation,Together,50200.0,1,1,2013-03-04,70,266,6,51,8,6,64,6,7,1,5,8,0,0,401,13,19,0.3157894736842105,21.105263157894736,642,1.8,2,1,38,31-45,Mid Income,Inactive,6,Web,0,0,Digital Shoppers
2431,1990,Graduation,Married,18222.0,0,0,2012-12-31,70,12,4,19,12,6,14,1,2,0,3,8,0,0,67,5,6,0.16666666666666666,11.166666666666666,705,1.9,0,0,24,18-30,Low Income,Inactive,6,Store,0,0,General Customers
7899,1952,PhD,Married,77610.0,0,1,2012-10-29,70,1245,33,332,21,33,16,2,4,7,4,7,0,0,1680,15,17,0.11764705882352941,98.82352941176471,768,2.1,1,1,62,60+,Very High Income,Inactive,6,Catalog,1,0,High-Value At-Risk
9703,1970,PhD,Married,38097.0,1,1,2012-10-15,70,77,2,35,0,1,69,4,3,2,2,7,1,0,184,7,11,0.36363636363636365,16.727272727272727,782,2.1,2,1,44,31-45,Mid Income,Inactive,5,Web,0,0,Digital Shoppers
6927,1968,PhD,Married,44377.0,1,1,2012-05-10,70,224,0,30,0,0,10,8,5,1,5,8,0,0,264,11,19,0.42105263157894735,13.894736842105264,940,2.6,2,1,46,46-60,Mid Income,Inactive,3,Web,0,0,Digital Shoppers
7005,1981,Graduation,Single,58684.0,0,0,2014-06-16,71,479,35,179,28,7,85,1,5,3,12,2,0,0,813,20,21,0.047619047619047616,38.714285714285715,173,0.5,0,0,33,31-45,High Income,Inactive,6,Store,0,0,General Customers
246,1965,Graduation,Married,66480.0,1,1,2014-05-31,71,199,9,57,20,21,6,7,4,1,7,4,0,0,312,12,19,0.3684210526315789,16.42105263157895,189,0.5,2,1,49,46-60,High Income,Inactive,6,Store,0,0,Bargain Hunters
4796,1952,Graduation,Divorced,49638.0,0,1,2014-04-19,71,18,10,3,3,5,0,1,1,0,3,2,0,0,39,4,5,0.2,7.8,231,0.6,1,1,62,60+,Mid Income,Inactive,5,Store,0,0,Family Customers
4725,1950,PhD,Together,50616.0,0,1,2014-04-13,71,30,2,25,0,1,9,1,1,1,4,2,0,0,67,6,7,0.14285714285714285,9.571428571428571,237,0.6,1,1,64,60+,Mid Income,Inactive,5,Store,0,0,Family Customers
3286,1967,PhD,Divorced,26642.0,1,0,2014-01-03,71,13,2,15,2,2,8,2,2,0,3,6,0,0,42,5,7,0.2857142857142857,6.0,337,0.9,1,1,47,46-60,Low Income,Inactive,6,Store,0,0,Bargain Hunters
10680,1986,Graduation,Together,33235.0,1,0,2014-05-02,71,45,0,16,2,1,6,1,3,0,3,7,0,0,70,6,7,0.14285714285714285,10.0,218,0.6,1,1,28,18-30,Low Income,Inactive,5,Web,0,0,Digital Shoppers
4297,1969,Graduation,Together,23228.0,1,0,2014-01-26,71,13,2,18,6,1,0,2,2,0,3,8,0,0,40,5,7,0.2857142857142857,5.714285714285714,314,0.9,1,1,45,31-45,Low Income,Inactive,5,Store,0,0,Bargain Hunters
7327,1959,PhD,Married,36732.0,1,1,2013-12-29,71,21,5,3,10,1,7,3,1,1,4,2,0,0,47,6,9,0.3333333333333333,5.222222222222222,342,0.9,2,1,55,46-60,Mid Income,Inactive,6,Store,0,0,Bargain Hunters
1553,1946,Graduation,Together,82657.0,0,0,2013-09-27,71,966,168,672,246,105,126,1,7,5,10,4,0,0,2283,22,23,0.043478260869565216,99.26086956521739,435,1.2,0,0,68,60+,Very High Income,Inactive,6,Store,1,0,High-Value At-Risk
1665,1964,PhD,Divorced,64140.0,0,2,2013-09-23,71,1459,0,61,0,15,215,5,2,5,6,5,1,0,1750,13,18,0.2777777777777778,97.22222222222223,439,1.2,2,1,50,46-60,High Income,Inactive,4,Store,1,0,High-Value At-Risk
10640,1974,Graduation,Together,44392.0,1,1,2013-05-09,71,87,5,71,7,12,29,5,4,1,4,7,0,0,211,9,14,0.35714285714285715,15.071428571428571,576,1.6,2,1,40,31-45,Mid Income,Inactive,6,Web,0,0,Digital Shoppers
7620,1990,Basic,Single,16185.0,1,0,2013-05-08,71,5,11,16,21,8,45,2,2,2,2,8,0,0,106,6,8,0.25,13.25,577,1.6,1,1,24,18-30,Low Income,Inactive,6,Web,0,0,Digital Shoppers
7761,1978,2n Cycle,Together,38702.0,1,0,2013-01-08,71,13,11,24,13,8,40,2,3,0,4,6,0,0,109,7,9,0.2222222222222222,12.11111111111111,697,1.9,1,1,36,31-45,Mid Income,Inactive,6,Store,0,0,Family Customers
5062,1963,PhD,Married,54072.0,1,1,2013-07-27,71,35,0,4,0,0,0,1,2,0,2,8,0,0,39,4,5,0.2,7.8,497,1.4,2,1,51,46-60,High Income,Inactive,2,Web,0,0,Digital Shoppers
6349,1987,Master,Divorced,61787.0,0,0,2013-06-07,71,621,73,414,78,48,85,1,8,4,6,5,0,0,1319,18,19,0.05263157894736842,69.42105263157895,547,1.5,0,0,27,18-30,High Income,Inactive,6,Web,1,0,High-Value At-Risk
3386,1992,Graduation,Married,34935.0,0,0,2013-06-21,71,34,4,66,3,10,20,1,2,1,4,7,0,0,137,7,8,0.125,17.125,533,1.5,0,0,22,18-30,Low Income,Inactive,6,Store,0,0,General Customers
8175,1992,Graduation,Married,34935.0,0,0,2013-06-21,71,34,4,66,3,10,20,1,2,1,4,7,0,0,137,7,8,0.125,17.125,533,1.5,0,0,22,18-30,Low Income,Inactive,6,Store,0,0,General Customers
6245,1950,PhD,Together,59292.0,0,1,2013-06-13,71,378,14,68,19,14,14,2,3,5,8,3,0,0,507,16,18,0.1111111111111111,28.166666666666668,541,1.5,1,1,64,60+,High Income,Inactive,6,Store,0,0,Family Customers
8780,1950,PhD,Together,59292.0,0,1,2013-06-13,71,378,14,68,19,14,14,2,3,5,8,3,0,0,507,16,18,0.1111111111111111,28.166666666666668,541,1.5,1,1,64,60+,High Income,Inactive,6,Store,0,0,Family Customers
2276,1955,Graduation,Single,57959.0,0,1,2013-02-05,71,430,16,322,43,24,33,5,4,7,11,3,0,0,868,22,27,0.18518518518518517,32.148148148148145,669,1.8,1,1,59,46-60,High Income,Inactive,6,Store,0,0,Family Customers
1172,1983,PhD,Married,92491.0,0,0,2013-01-05,71,979,44,935,29,25,22,1,7,5,12,3,1,0,2034,24,25,0.04,81.36,700,1.9,0,0,31,31-45,Very High Income,Inactive,6,Store,1,0,High-Value At-Risk
3225,1984,Master,Married,42207.0,1,0,2013-01-04,71,116,11,72,3,17,46,4,4,1,5,6,1,0,265,10,14,0.2857142857142857,18.928571428571427,701,1.9,1,1,30,18-30,Mid Income,Inactive,6,Store,0,0,Bargain Hunters
8629,1956,Graduation,Widow,46984.0,1,1,2013-03-26,71,19,1,10,2,1,8,1,1,0,3,5,0,0,41,4,5,0.2,8.2,620,1.7,2,1,58,46-60,Mid Income,Inactive,6,Store,0,0,Family Customers
798,1987,Graduation,Single,23442.0,1,0,2012-12-24,71,2,0,6,8,6,5,1,1,0,3,7,0,0,27,4,5,0.2,5.4,712,2.0,1,1,27,18-30,Low Income,Inactive,5,Store,0,0,Family Customers
269,1963,PhD,Single,46757.0,0,1,2012-11-16,71,777,30,163,0,51,122,6,4,4,7,9,0,0,1143,15,21,0.2857142857142857,54.42857142857143,750,2.1,1,1,51,46-60,Mid Income,Inactive,5,Store,1,0,High-Value At-Risk
8213,1980,2n Cycle,Together,14515.0,1,0,2012-09-11,71,6,4,9,6,36,35,4,2,2,3,7,1,0,96,7,11,0.36363636363636365,8.727272727272727,816,2.2,1,1,34,31-45,Low Income,Inactive,6,Store,0,0,Bargain Hunters
10245,1986,2n Cycle,Single,80910.0,0,0,2012-10-31,71,160,80,369,67,39,41,1,3,3,8,1,0,0,756,14,15,0.06666666666666667,50.4,766,2.1,0,0,28,18-30,Very High Income,Inactive,6,Store,0,0,General Customers
2447,1979,Graduation,Together,30545.0,1,0,2012-10-17,71,4,12,15,19,7,12,2,2,0,3,7,0,0,69,5,7,0.2857142857142857,9.857142857142858,780,2.1,1,1,35,31-45,Low Income,Inactive,6,Store,0,0,Bargain Hunters
9817,1970,Master,Single,44802.0,0,0,2012-08-21,71,853,10,143,13,10,20,2,9,4,12,8,0,0,1049,25,27,0.07407407407407407,38.851851851851855,837,2.3,0,0,44,31-45,Mid Income,Inactive,6,Store,1,0,High-Value At-Risk
1371,1976,Graduation,Single,79941.0,0,0,2014-06-28,72,123,164,266,227,30,174,1,2,4,9,1,0,0,984,15,16,0.0625,61.5,161,0.4,0,0,38,31-45,Very High Income,Inactive,6,Store,0,0,General Customers
8093,1969,Master,Married,79734.0,0,0,2014-06-28,72,572,8,232,23,62,17,1,4,3,6,1,0,0,914,13,14,0.07142857142857142,65.28571428571429,161,0.4,0,0,45,31-45,Very High Income,Inactive,6,Store,0,0,General Customers
713,1977,Master,Married,50353.0,0,0,2014-08-06,72,141,15,153,67,31,35,1,4,4,6,3,0,0,442,14,15,0.06666666666666667,29.466666666666665,122,0.3,0,0,37,31-45,Mid Income,Inactive,6,Store,0,0,General Customers
11051,1956,PhD,Together,77376.0,1,1,2014-10-05,72,492,19,110,16,12,12,4,6,3,10,4,0,0,661,19,23,0.17391304347826086,28.73913043478261,62,0.2,2,1,58,46-60,Very High Income,Inactive,6,Store,0,0,Family Customers
5545,1972,PhD,Married,78075.0,0,0,2014-05-04,72,572,8,259,34,35,80,1,3,5,5,1,0,0,988,13,14,0.07142857142857142,70.57142857142857,216,0.6,0,0,42,31-45,Very High Income,Inactive,6,Catalog,0,0,Catalog Shoppers
5283,1976,PhD,Single,42473.0,1,1,2014-02-17,72,93,1,21,0,4,25,3,2,1,4,5,0,0,144,7,10,0.3,14.4,292,0.8,2,1,38,31-45,Mid Income,Inactive,5,Store,0,0,Bargain Hunters
5010,1988,Graduation,Single,25008.0,1,0,2014-02-02,72,2,8,8,6,1,9,2,1,0,3,8,0,0,34,4,6,0.3333333333333333,5.666666666666667,307,0.8,1,1,26,18-30,Low Income,Inactive,6,Store,0,0,Bargain Hunters
7495,1948,PhD,Married,56223.0,0,1,2013-12-20,72,77,28,31,16,0,4,2,2,1,5,4,0,0,156,8,10,0.2,15.6,351,1.0,1,1,66,60+,High Income,Inactive,5,Store,0,0,Family Customers
4368,1980,Graduation,Married,47850.0,1,0,2013-03-12,72,42,7,43,20,12,10,1,3,0,4,6,0,0,134,7,8,0.125,16.75,634,1.7,1,1,34,31-45,Mid Income,Inactive,6,Store,0,0,Family Customers
6303,1986,PhD,Together,91820.0,0,0,2013-11-23,72,410,73,747,76,161,30,0,5,5,12,1,0,0,1497,22,22,0.0,68.04545454545455,378,1.0,0,0,28,18-30,Very High Income,Inactive,6,Store,1,0,High-Value At-Risk
1030,1965,PhD,Single,40637.0,1,1,2013-07-17,72,22,0,13,0,0,3,2,1,0,3,7,0,0,38,4,6,0.3333333333333333,6.333333333333333,507,1.4,2,1,49,46-60,Mid Income,Inactive,3,Store,0,0,Bargain Hunters
10364,1959,Graduation,Divorced,23295.0,0,0,2013-07-13,72,0,0,1,2,12,5,1,1,0,2,8,0,0,20,3,4,0.25,5.0,511,1.4,0,0,55,46-60,Low Income,Inactive,4,Store,0,0,Bargain Hunters
6945,1952,Graduation,Single,84574.0,0,0,2013-04-06,72,387,20,713,38,54,163,1,9,11,11,5,0,0,1375,31,32,0.03125,42.96875,609,1.7,0,0,62,60+,Very High Income,Inactive,6,Catalog,1,0,High-Value At-Risk
8562,1969,Graduation,Together,54165.0,0,0,2013-05-28,72,127,4,73,15,6,11,1,2,1,7,2,0,0,236,10,11,0.09090909090909091,21.454545454545453,557,1.5,0,0,45,31-45,High Income,Inactive,6,Store,0,0,General Customers
2918,1981,Graduation,Divorced,28510.0,1,1,2013-04-13,72,44,5,19,0,4,19,3,2,0,4,5,0,0,91,6,9,0.3333333333333333,10.11111111111111,602,1.6,2,1,33,31-45,Low Income,Inactive,5,Store,0,0,Bargain Hunters
9167,1956,Graduation,Married,67131.0,0,1,2013-03-26,72,465,71,250,93,35,62,3,9,2,12,6,0,0,976,23,26,0.11538461538461539,37.53846153846154,620,1.7,1,1,58,46-60,High Income,Inactive,6,Store,0,0,Family Customers
4743,1969,PhD,Married,56242.0,0,1,2013-03-03,72,689,8,167,11,8,88,5,8,4,11,6,0,0,971,23,28,0.17857142857142858,34.67857142857143,643,1.8,1,1,45,31-45,High Income,Inactive,6,Store,0,0,Family Customers
10742,1983,PhD,Married,86580.0,0,0,2013-02-27,72,532,21,127,26,20,20,0,4,2,5,1,0,0,746,11,11,0.0,67.81818181818181,647,1.8,0,0,31,31-45,Very High Income,Inactive,6,Store,0,0,General Customers
10965,1955,Graduation,Together,76005.0,0,0,2013-02-22,72,983,20,389,240,50,40,1,3,5,13,6,0,0,1722,21,22,0.045454545454545456,78.27272727272727,652,1.8,0,0,59,46-60,Very High Income,Inactive,6,Store,1,0,High-Value At-Risk
7129,1962,PhD,Married,54693.0,0,1,2013-02-17,72,686,17,142,23,26,35,8,6,4,13,6,0,0,929,23,31,0.25806451612903225,29.967741935483872,657,1.8,1,1,52,46-60,High Income,Inactive,6,Store,0,0,Bargain Hunters
3732,1955,Master,Married,52750.0,0,1,2013-04-02,72,393,0,239,90,69,69,6,5,7,9,4,0,0,860,21,27,0.2222222222222222,31.85185185185185,613,1.7,1,1,59,46-60,High Income,Inactive,5,Store,0,0,Family Customers
7124,1968,Graduation,Divorced,36997.0,1,1,2013-01-02,72,43,4,12,8,0,27,5,2,1,4,5,0,0,94,7,12,0.4166666666666667,7.833333333333333,703,1.9,2,1,46,46-60,Mid Income,Inactive,5,Store,0,0,Bargain Hunters
10686,1965,PhD,Together,34230.0,1,1,2012-12-26,72,15,0,4,0,0,2,1,1,0,2,7,0,0,21,3,4,0.25,5.25,710,1.9,2,1,49,46-60,Low Income,Inactive,3,Store,0,0,Bargain Hunters
7247,1960,Graduation,Widow,47916.0,0,1,2012-11-22,72,505,0,26,0,0,75,5,7,4,6,6,0,0,606,17,22,0.22727272727272727,27.545454545454547,744,2.0,1,1,54,46-60,Mid Income,Inactive,3,Web,0,0,Digital Shoppers
1513,1979,2n Cycle,Together,60839.0,1,1,2012-08-28,72,600,21,128,223,150,128,13,2,2,12,8,0,0,1250,16,29,0.4482758620689655,43.10344827586207,830,2.3,2,1,35,31-45,High Income,Inactive,6,Store,1,0,High-Value At-Risk
460,1972,PhD,Married,79930.0,0,0,2012-08-08,72,792,86,740,67,51,17,1,3,5,8,2,0,0,1753,16,17,0.058823529411764705,103.11764705882354,850,2.3,0,0,42,31-45,Very High Income,Inactive,6,Store,1,0,High-Value At-Risk
6653,1970,PhD,Married,55158.0,1,1,2012-07-30,72,293,0,87,4,11,23,4,7,2,5,7,1,0,418,14,18,0.2222222222222222,23.22222222222222,859,2.4,2,1,44,31-45,High Income,Inactive,5,Web,0,0,Digital Shoppers
9400,1958,2n Cycle,Single,85485.0,0,0,2014-06-21,73,630,26,611,44,18,54,1,6,6,6,2,0,0,1383,18,19,0.05263157894736842,72.78947368421052,168,0.5,0,0,56,46-60,Very High Income,Inactive,6,Web,1,0,High-Value At-Risk
7106,1943,PhD,Married,75865.0,0,0,2014-03-31,73,483,0,591,156,0,12,1,3,5,10,1,0,0,1242,18,19,0.05263157894736842,65.36842105263158,250,0.7,0,0,71,60+,Very High Income,Inactive,4,Store,1,0,High-Value At-Risk
4252,1965,Graduation,Married,44375.0,0,1,2014-03-23,73,213,5,28,7,7,41,1,4,1,6,5,0,0,301,11,12,0.08333333333333333,25.083333333333332,258,0.7,1,1,49,46-60,Mid Income,Inactive,6,Store,0,0,Family Customers
9240,1971,PhD,Single,60504.0,0,1,2014-07-02,73,458,0,24,6,4,34,2,6,2,8,6,0,0,526,16,18,0.1111111111111111,29.22222222222222,157,0.4,1,1,43,31-45,High Income,Inactive,5,Store,0,0,Family Customers
10770,1959,Graduation,Married,65492.0,0,0,2014-01-26,73,247,161,295,210,85,47,2,4,7,13,2,0,0,1045,24,26,0.07692307692307693,40.19230769230769,314,0.9,0,0,55,46-60,High Income,Inactive,6,Store,0,0,General Customers
176,1980,2n Cycle,Single,67506.0,0,1,2014-02-01,73,90,38,67,33,36,67,1,4,1,6,3,0,0,331,11,12,0.08333333333333333,27.583333333333332,308,0.8,1,1,34,31-45,High Income,Inactive,6,Store,0,0,Family Customers
6870,1959,PhD,Divorced,68805.0,0,1,2013-09-17,73,182,2,49,17,13,20,1,3,1,7,2,0,0,283,11,12,0.08333333333333333,23.583333333333332,445,1.2,1,1,55,46-60,Very High Income,Inactive,6,Store,0,0,Family Customers
143,1970,Graduation,Single,61209.0,0,0,2013-08-25,73,466,0,224,119,49,99,1,5,3,4,2,0,0,957,12,13,0.07692307692307693,73.61538461538461,468,1.3,0,0,44,31-45,High Income,Inactive,5,Web,0,0,Digital Shoppers
6445,1967,Graduation,Together,66825.0,0,0,2013-07-14,73,243,101,405,29,40,40,1,4,5,6,2,0,0,858,15,16,0.0625,53.625,510,1.4,0,0,47,46-60,High Income,Inactive,6,Store,0,0,General Customers
4278,1983,PhD,Single,87188.0,0,0,2013-03-06,73,910,111,724,49,74,55,1,10,2,6,3,1,0,1923,18,19,0.05263157894736842,101.21052631578948,640,1.8,0,0,31,31-45,Very High Income,Inactive,6,Web,1,0,High-Value At-Risk
6906,1953,Master,Widow,84953.0,0,0,2013-03-06,73,167,48,602,63,72,72,1,3,10,4,2,1,0,1024,17,18,0.05555555555555555,56.888888888888886,640,1.8,0,0,61,60+,Very High Income,Inactive,6,Catalog,0,0,Catalog Shoppers
4637,1954,PhD,Single,74637.0,0,0,2013-05-18,73,960,64,464,146,0,16,1,6,9,9,3,0,0,1650,24,25,0.04,66.0,567,1.6,0,0,60,46-60,Very High Income,Inactive,5,Catalog,1,0,High-Value At-Risk
8690,1962,Graduation,Married,86111.0,0,0,2013-04-19,73,399,28,756,36,40,126,1,5,7,10,2,0,0,1385,22,23,0.043478260869565216,60.21739130434783,596,1.6,0,0,52,46-60,Very High Income,Inactive,6,Store,1,0,High-Value At-Risk
1173,1947,Master,Together,77632.0,0,0,2013-10-03,73,1200,105,758,0,42,147,1,4,2,6,2,1,0,2252,12,13,0.07692307692307693,173.23076923076923,429,1.2,0,0,67,60+,Very High Income,Inactive,5,Store,1,0,High-Value At-Risk
1928,1973,Graduation,Married,31814.0,1,0,2013-09-02,73,35,3,20,4,1,20,2,2,0,3,9,0,0,83,5,7,0.2857142857142857,11.857142857142858,460,1.3,1,1,41,31-45,Low Income,Inactive,6,Store,0,0,Bargain Hunters
9029,1972,PhD,Married,70116.0,0,0,2013-01-26,73,707,44,603,95,58,29,1,2,8,12,1,0,0,1536,22,23,0.043478260869565216,66.78260869565217,679,1.9,0,0,42,31-45,Very High Income,Inactive,6,Store,1,0,High-Value At-Risk
10299,1969,PhD,Single,48240.0,0,0,2012-09-11,73,389,91,248,64,49,41,3,6,3,13,5,1,0,882,22,25,0.12,35.28,816,2.2,0,0,45,31-45,Mid Income,Inactive,6,Store,0,0,General Customers
9246,1985,Master,Together,40101.0,1,0,2012-10-14,73,171,3,129,26,24,62,4,6,1,6,7,0,0,415,13,17,0.23529411764705882,24.41176470588235,783,2.1,1,1,29,18-30,Mid Income,Inactive,6,Web,0,0,Digital Shoppers
4943,1953,Graduation,Married,70503.0,0,0,2012-09-30,73,1379,33,216,0,33,66,1,2,4,9,6,0,0,1727,15,16,0.0625,107.9375,797,2.2,0,0,61,60+,Very High Income,Inactive,5,Store,1,0,High-Value At-Risk
4122,1975,Graduation,Married,79205.0,0,0,2012-08-29,73,504,23,117,179,28,44,1,6,5,4,4,1,0,895,15,16,0.0625,55.9375,829,2.3,0,0,39,31-45,Very High Income,Inactive,6,Web,0,0,Digital Shoppers
2853,1980,Graduation,Single,51766.0,1,0,2014-11-03,74,60,51,87,6,20,51,2,4,2,4,5,0,0,275,10,12,0.16666666666666666,22.916666666666668,33,0.1,1,1,34,31-45,High Income,Inactive,6,Web,0,0,Digital Shoppers
902,1980,Graduation,Together,62994.0,1,0,2014-04-03,74,224,12,48,4,12,12,1,6,2,4,6,0,0,312,12,13,0.07692307692307693,24.0,247,0.7,1,1,34,31-45,High Income,Inactive,6,Web,0,0,Digital Shoppers
1672,1974,PhD,Together,65640.0,0,1,2014-01-03,74,204,7,149,20,15,66,1,5,1,8,2,0,0,461,14,15,0.06666666666666667,30.733333333333334,337,0.9,1,1,40,31-45,High Income,Inactive,6,Store,0,0,Family Customers
7254,1969,Graduation,Together,38361.0,1,0,2013-12-27,74,39,0,56,20,8,14,3,3,1,3,7,0,0,137,7,10,0.3,13.7,344,0.9,1,1,45,31-45,Mid Income,Inactive,5,Web,0,0,Digital Shoppers
8775,1969,Graduation,Together,38361.0,1,0,2013-12-27,74,39,0,56,20,8,14,3,3,1,3,7,0,0,137,7,10,0.3,13.7,344,0.9,1,1,45,31-45,Mid Income,Inactive,5,Web,0,0,Digital Shoppers
9543,1985,Graduation,Married,19986.0,1,0,2013-11-14,74,3,6,5,0,2,6,1,0,0,3,7,0,0,22,3,4,0.25,5.5,387,1.1,1,1,29,18-30,Low Income,Inactive,5,Store,0,0,Bargain Hunters
7093,1985,Graduation,Married,19986.0,1,0,2013-11-14,74,3,6,5,0,2,6,1,0,0,3,7,0,0,22,3,4,0.25,5.5,387,1.1,1,1,29,18-30,Low Income,Inactive,5,Store,0,0,Bargain Hunters
2894,1985,Graduation,Single,72903.0,0,0,2013-10-29,74,1067,138,750,0,19,39,1,7,5,8,4,1,0,2013,20,21,0.047619047619047616,95.85714285714286,403,1.1,0,0,29,18-30,Very High Income,Inactive,5,Store,1,0,High-Value At-Risk
5956,1948,PhD,Divorced,45072.0,1,2,2013-10-16,74,144,2,99,7,2,30,5,6,1,4,8,0,0,284,11,16,0.3125,17.75,416,1.1,3,1,66,60+,Mid Income,Inactive,6,Web,0,0,Digital Shoppers
1921,1967,PhD,Married,59062.0,2,1,2013-03-10,74,46,1,12,3,0,9,2,2,0,3,4,0,0,71,5,7,0.2857142857142857,10.142857142857142,636,1.7,3,1,47,46-60,High Income,Inactive,5,Store,0,0,Bargain Hunters
5057,1961,Master,Married,61794.0,0,1,2013-09-14,74,264,47,188,54,47,11,2,4,4,10,2,0,0,611,18,20,0.1,30.55,448,1.2,1,1,53,46-60,High Income,Inactive,6,Store,0,0,Family Customers
10260,1965,Master,Together,45143.0,0,1,2013-08-26,74,202,5,74,11,5,14,3,6,1,5,7,0,0,311,12,15,0.2,20.733333333333334,467,1.3,1,1,49,46-60,Mid Income,Inactive,6,Web,0,0,Digital Shoppers
2262,1965,Master,Together,45143.0,0,1,2013-08-26,74,202,5,74,11,5,14,3,6,1,5,7,0,0,311,12,15,0.2,20.733333333333334,467,1.3,1,1,49,46-60,Mid Income,Inactive,6,Web,0,0,Digital Shoppers
7930,1969,Master,Single,26877.0,0,0,2013-08-19,74,101,13,76,20,18,40,2,3,1,6,6,0,0,268,10,12,0.16666666666666666,22.333333333333332,474,1.3,0,0,45,31-45,Low Income,Inactive,6,Store,0,0,General Customers
1461,1965,PhD,Divorced,36921.0,1,1,2013-07-28,74,17,1,12,3,1,4,2,2,0,3,7,0,0,38,5,7,0.2857142857142857,5.428571428571429,496,1.4,2,1,49,46-60,Mid Income,Inactive,6,Store,0,0,Bargain Hunters
7514,1956,2n Cycle,Together,54342.0,1,1,2013-03-07,74,84,10,34,11,10,28,4,3,1,4,6,0,0,177,8,12,0.3333333333333333,14.75,639,1.8,2,1,58,46-60,High Income,Inactive,6,Store,0,0,Bargain Hunters
6461,1969,Master,Single,62772.0,0,1,2013-05-19,74,581,49,157,43,8,108,1,5,6,11,2,0,0,946,22,23,0.043478260869565216,41.130434782608695,566,1.6,1,1,45,31-45,High Income,Inactive,6,Store,0,0,Family Customers
257,1959,PhD,Married,75032.0,0,1,2013-04-28,74,952,12,180,47,12,12,2,5,4,9,3,0,0,1215,18,20,0.1,60.75,587,1.6,1,1,55,46-60,Very High Income,Inactive,6,Store,1,0,High-Value At-Risk
9460,1963,Graduation,Married,22419.0,0,0,2013-04-18,74,30,3,47,19,21,42,1,3,2,2,8,0,0,162,7,8,0.125,20.25,597,1.6,0,0,51,46-60,Low Income,Inactive,6,Web,0,0,Digital Shoppers
3855,1963,Graduation,Married,22419.0,0,0,2013-04-18,74,30,3,47,19,21,42,1,3,2,2,8,0,0,162,7,8,0.125,20.25,597,1.6,0,0,51,46-60,Low Income,Inactive,6,Web,0,0,Digital Shoppers
367,1978,2n Cycle,Married,36550.0,1,0,2013-02-19,74,47,90,94,123,103,120,5,9,1,5,9,0,0,577,15,20,0.25,28.85,655,1.8,1,1,36,31-45,Mid Income,Inactive,6,Web,0,0,Digital Shoppers
9265,1953,Graduation,Married,75027.0,0,1,2013-09-01,74,925,64,179,133,12,77,2,9,4,6,5,0,0,1390,19,21,0.09523809523809523,66.19047619047619,461,1.3,1,1,61,60+,Very High Income,Inactive,6,Web,1,0,High-Value At-Risk
1990,1974,PhD,Single,63159.0,0,0,2012-05-11,74,965,34,586,89,86,37,1,3,5,8,3,0,0,1797,16,17,0.058823529411764705,105.70588235294117,939,2.6,0,0,40,31-45,High Income,Inactive,6,Store,1,0,High-Value At-Risk
3594,1973,Master,Married,54108.0,1,1,2012-05-11,74,539,6,91,8,6,97,13,8,2,9,8,0,0,747,19,32,0.40625,23.34375,939,2.6,2,1,41,31-45,High Income,Inactive,6,Store,0,0,Bargain Hunters
9292,1952,Graduation,Married,81795.0,0,0,2012-10-26,74,324,132,693,27,118,88,1,4,11,7,2,0,0,1382,22,23,0.043478260869565216,60.08695652173913,771,2.1,0,0,62,60+,Very High Income,Inactive,6,Catalog,1,0,High-Value At-Risk
6218,1965,Graduation,Married,59594.0,0,1,2012-10-20,74,457,4,29,0,0,9,1,8,1,7,7,0,0,499,16,17,0.058823529411764705,29.352941176470587,777,2.1,1,1,49,46-60,High Income,Inactive,4,Web,0,0,Digital Shoppers
6528,1982,Master,Together,18492.0,1,0,2014-05-06,75,2,2,2,2,1,1,1,1,0,2,8,0,0,10,3,4,0.25,2.5,214,0.6,1,1,32,31-45,Low Income,Inactive,6,Store,0,0,Bargain Hunters
10164,1958,Graduation,Single,94472.0,0,1,2014-03-04,75,1017,33,417,108,100,16,1,5,5,5,5,0,0,1691,15,16,0.0625,105.6875,277,0.8,1,1,56,46-60,Very High Income,Inactive,6,Web,1,0,High-Value At-Risk
9937,1979,Graduation,Single,70337.0,0,0,2014-02-01,75,187,81,149,25,43,91,1,2,2,12,1,0,0,576,16,17,0.058823529411764705,33.88235294117647,308,0.8,0,0,35,31-45,Very High Income,Inactive,6,Store,0,0,General Customers
274,1973,Graduation,Single,34853.0,1,1,2013-12-23,75,9,3,15,2,3,2,2,2,0,3,6,0,0,34,5,7,0.2857142857142857,4.857142857142857,348,1.0,2,1,41,31-45,Low Income,Inactive,6,Store,0,0,Bargain Hunters
5250,1943,Master,Widow,51381.5,0,0,2013-10-30,75,532,126,490,164,126,126,1,5,5,11,1,1,0,1564,21,22,0.045454545454545456,71.0909090909091,402,1.1,0,0,71,60+,Mid Income,Inactive,6,Store,1,0,High-Value At-Risk
11010,1984,PhD,Single,16269.0,1,0,2013-08-30,75,19,3,18,3,1,0,3,3,0,3,8,0,0,44,6,9,0.3333333333333333,4.888888888888889,463,1.3,1,1,30,18-30,Low Income,Inactive,5,Web,0,0,Digital Shoppers
6969,1982,Graduation,Together,50272.0,1,0,2013-07-08,75,99,13,66,43,8,4,3,4,1,5,7,0,0,233,10,13,0.23076923076923078,17.923076923076923,516,1.4,1,1,32,31-45,Mid Income,Inactive,6,Store,0,0,Family Customers
10735,1971,Graduation,Single,22804.0,1,0,2013-07-31,75,14,1,7,2,1,1,1,2,0,2,9,0,0,26,4,5,0.2,5.2,493,1.4,1,1,43,31-45,Low Income,Inactive,6,Web,0,0,Digital Shoppers
5068,1971,Graduation,Single,22804.0,1,0,2013-07-31,75,14,1,7,2,1,1,1,2,0,2,9,0,0,26,4,5,0.2,5.2,493,1.4,1,1,43,31-45,Low Income,Inactive,6,Web,0,0,Digital Shoppers
9974,1974,Graduation,Married,30631.0,1,0,2013-12-07,75,15,6,20,4,5,20,1,3,1,2,7,0,0,70,6,7,0.14285714285714285,10.0,364,1.0,1,1,40,31-45,Low Income,Inactive,6,Web,0,0,Digital Shoppers
7053,1966,PhD,Single,78420.0,0,0,2013-06-29,75,604,28,674,91,28,28,1,3,10,8,1,0,0,1453,21,22,0.045454545454545456,66.04545454545455,525,1.4,0,0,48,46-60,Very High Income,Inactive,6,Catalog,1,0,High-Value At-Risk
3179,1980,Graduation,Single,81741.0,0,0,2013-06-16,75,249,153,940,58,134,38,0,6,6,7,2,0,0,1572,19,19,0.0,82.73684210526316,538,1.5,0,0,34,31-45,Very High Income,Inactive,6,Store,1,0,High-Value At-Risk
8082,1971,Graduation,Married,25721.0,1,0,2013-05-21,75,1,3,6,3,6,15,1,1,1,2,7,1,0,34,4,5,0.2,6.8,564,1.5,1,1,43,31-45,Low Income,Inactive,6,Store,0,0,Family Customers
1362,1972,Graduation,Single,31907.0,0,0,2013-04-03,75,33,87,64,175,16,74,1,6,1,6,7,0,0,449,13,14,0.07142857142857142,32.07142857142857,612,1.7,0,0,42,31-45,Low Income,Inactive,6,Web,0,0,Digital Shoppers
6768,1962,Graduation,Divorced,37859.0,1,2,2013-12-01,75,22,1,8,2,1,2,2,1,0,3,8,0,0,36,4,6,0.3333333333333333,6.0,370,1.0,3,1,52,46-60,Mid Income,Inactive,6,Store,0,0,Bargain Hunters
2375,1972,Graduation,Together,30261.0,1,2,2012-09-25,75,8,0,5,0,3,6,1,0,0,3,8,0,0,22,3,4,0.25,5.5,802,2.2,3,1,42,31-45,Low Income,Inactive,4,Store,0,0,Bargain Hunters
6856,1979,Graduation,Together,21645.0,1,0,2012-03-09,75,14,0,23,4,5,19,3,3,0,3,9,1,0,65,6,9,0.3333333333333333,7.222222222222222,1002,2.7,1,1,35,31-45,Low Income,Inactive,5,Web,0,0,Digital Shoppers
4066,1978,2n Cycle,Divorced,21282.0,1,0,2014-11-05,76,1,5,8,4,8,20,2,2,1,2,6,0,0,46,5,7,0.2857142857142857,6.571428571428571,31,0.1,1,1,36,31-45,Low Income,Inactive,6,Web,0,0,Digital Shoppers
4333,1954,Graduation,Together,32144.0,1,1,2014-03-23,76,41,0,10,0,0,3,4,2,1,3,7,0,0,54,6,10,0.4,5.4,258,0.7,2,1,60,46-60,Low Income,Inactive,3,Store,0,0,Bargain Hunters
2948,1954,Master,Divorced,62637.0,0,1,2014-01-03,76,104,12,48,4,12,5,1,2,2,5,2,0,0,185,9,10,0.1,18.5,337,0.9,1,1,60,46-60,High Income,Inactive,6,Store,0,0,Family Customers
4927,1971,Graduation,Together,16626.0,2,0,2014-01-15,76,8,3,22,21,1,13,3,3,0,3,9,0,0,68,6,9,0.3333333333333333,7.555555555555555,325,0.9,2,1,43,31-45,Low Income,Inactive,6,Web,0,0,Digital Shoppers
7426,1971,2n Cycle,Married,54690.0,1,1,2013-07-11,76,111,16,37,7,9,18,3,3,1,5,3,0,0,198,9,12,0.25,16.5,513,1.4,2,1,43,31-45,High Income,Inactive,6,Store,0,0,Bargain Hunters
8360,1971,2n Cycle,Married,54690.0,1,1,2013-07-11,76,111,16,37,7,9,18,3,3,1,5,3,0,0,198,9,12,0.25,16.5,513,1.4,2,1,43,31-45,High Income,Inactive,6,Store,0,0,Bargain Hunters
4058,1955,PhD,Single,61284.0,0,0,2013-12-10,76,618,15,106,20,7,45,1,11,2,8,6,0,0,811,21,22,0.045454545454545456,36.86363636363637,361,1.0,0,0,59,46-60,High Income,Inactive,6,Web,0,0,Digital Shoppers
10755,1976,2n Cycle,Married,23718.0,1,0,2013-02-09,76,6,3,14,15,7,36,3,3,1,2,7,0,0,81,6,9,0.3333333333333333,9.0,665,1.8,1,1,38,31-45,Low Income,Inactive,6,Web,0,0,Digital Shoppers
8414,1962,PhD,Single,33419.0,0,1,2013-08-17,76,56,0,12,0,0,18,2,2,0,4,7,0,0,86,6,8,0.25,10.75,476,1.3,1,1,52,46-60,Low Income,Inactive,3,Store,0,0,Bargain Hunters
6810,1983,Graduation,Divorced,82025.0,0,0,2013-05-28,76,267,98,606,48,70,98,1,3,2,6,1,1,0,1187,11,12,0.08333333333333333,98.91666666666667,557,1.5,0,0,31,31-45,Very High Income,Inactive,6,Store,1,0,High-Value At-Risk
3839,1958,Basic,Single,15056.0,1,1,2013-03-05,76,6,12,3,21,6,40,5,2,2,3,5,0,0,88,7,12,0.4166666666666667,7.333333333333333,641,1.8,2,1,56,46-60,Low Income,Inactive,6,Store,0,0,Bargain Hunters
3483,1958,Graduation,Married,48192.0,0,0,2013-06-04,76,1039,43,204,153,58,29,3,2,8,12,8,1,0,1526,22,25,0.12,61.04,550,1.5,0,0,56,46-60,Mid Income,Inactive,6,Store,1,0,High-Value At-Risk
238,1967,2n Cycle,Together,67309.0,1,1,2013-01-23,76,515,47,181,149,95,95,15,9,6,9,7,0,0,1082,24,39,0.38461538461538464,27.743589743589745,682,1.9,2,1,47,46-60,High Income,Inactive,6,Web,1,0,High-Value At-Risk
591,1957,Graduation,Widow,66033.0,0,1,2013-01-20,76,293,35,179,46,59,65,2,8,3,7,7,0,0,677,18,20,0.1,33.85,685,1.9,1,1,57,46-60,High Income,Inactive,6,Web,0,0,Digital Shoppers
5063,1977,Graduation,Single,28769.0,1,0,2012-12-18,76,41,5,129,10,3,3,3,4,1,4,9,0,0,191,9,12,0.25,15.916666666666666,718,2.0,1,1,37,31-45,Low Income,Inactive,6,Web,0,0,Digital Shoppers
4303,1957,PhD,Together,6835.0,0,1,2012-08-12,76,107,2,12,2,2,12,0,0,0,1,20,0,0,137,1,1,0.0,137.0,846,2.3,1,1,57,46-60,Low Income,Inactive,6,Store,0,0,Family Customers
2258,1986,Graduation,Married,32880.0,1,0,2012-04-12,76,8,4,15,7,6,2,1,1,0,3,8,0,0,42,4,5,0.2,8.4,968,2.7,1,1,28,18-30,Low Income,Inactive,6,Store,0,0,Family Customers
7301,1982,2n Cycle,Single,23616.0,1,0,2012-11-17,76,4,22,11,3,7,32,2,3,0,3,8,1,0,79,6,8,0.25,9.875,749,2.1,1,1,32,31-45,Low Income,Inactive,6,Web,0,0,Digital Shoppers
11121,1981,Graduation,Married,19419.0,1,0,2012-10-11,76,2,14,28,16,3,7,4,4,0,3,9,0,0,70,7,11,0.36363636363636365,6.363636363636363,786,2.2,1,1,33,31-45,Low Income,Inactive,6,Web,0,0,Digital Shoppers
5287,1973,Graduation,Married,34961.0,1,0,2014-06-19,77,45,2,26,4,1,1,3,3,1,3,7,0,0,79,7,10,0.3,7.9,170,0.5,1,1,41,31-45,Low Income,Inactive,6,Web,0,0,Digital Shoppers
6457,1976,Graduation,Divorced,64892.0,0,1,2014-05-29,77,527,24,230,32,24,65,2,6,4,12,4,0,0,902,22,24,0.08333333333333333,37.583333333333336,191,0.5,1,1,38,31-45,High Income,Inactive,6,Store,0,0,Family Customers
3559,1988,2n Cycle,Married,16248.0,1,0,2014-10-05,77,12,11,10,3,12,9,3,2,1,3,6,0,0,57,6,9,0.3333333333333333,6.333333333333333,62,0.2,1,1,26,18-30,Low Income,Inactive,6,Store,0,0,Bargain Hunters
5577,1983,Graduation,Together,43776.0,1,0,2014-03-05,77,8,0,9,2,1,3,1,1,0,2,6,0,0,23,3,4,0.25,5.75,276,0.8,1,1,31,31-45,Mid Income,Inactive,5,Store,0,0,Bargain Hunters
641,1967,Graduation,Single,52074.0,0,1,2014-04-04,77,59,0,12,0,0,48,1,2,2,2,4,0,0,119,6,7,0.14285714285714285,17.0,246,0.7,1,1,47,46-60,High Income,Inactive,3,Web,0,0,Digital Shoppers
954,1960,Basic,Widow,22123.0,0,0,2014-03-27,77,3,3,24,34,7,31,1,2,1,3,5,0,0,102,6,7,0.14285714285714285,14.571428571428571,254,0.7,0,0,54,46-60,Low Income,Inactive,6,Store,0,0,General Customers
1834,1978,Master,Single,35544.0,1,0,2014-08-03,77,30,5,23,4,1,4,1,2,0,3,7,0,0,67,5,6,0.16666666666666666,11.166666666666666,125,0.3,1,1,36,31-45,Mid Income,Inactive,6,Store,0,0,Family Customers
8789,1989,2n Cycle,Married,59060.0,1,0,2014-11-01,77,35,40,111,36,40,12,3,3,1,7,4,0,0,274,11,14,0.21428571428571427,19.571428571428573,35,0.1,1,1,25,18-30,High Income,Inactive,6,Store,0,0,Family Customers
10584,1976,Graduation,Married,65665.0,0,1,2013-02-12,77,225,162,387,106,36,29,1,5,10,8,3,0,0,945,23,24,0.041666666666666664,39.375,662,1.8,1,1,38,31-45,High Income,Inactive,6,Catalog,0,0,Catalog Shoppers
2337,1971,Graduation,Divorced,29819.0,1,0,2013-10-24,77,9,1,24,2,1,2,3,3,0,3,6,0,0,39,6,9,0.3333333333333333,4.333333333333333,408,1.1,1,1,43,31-45,Low Income,Inactive,6,Web,0,0,Digital Shoppers
6071,1989,Graduation,Single,81217.0,0,0,2013-07-19,77,493,70,324,146,40,84,1,3,7,11,1,0,0,1157,21,22,0.045454545454545456,52.59090909090909,505,1.4,0,0,25,18-30,Very High Income,Inactive,6,Store,1,0,High-Value At-Risk
295,1989,Graduation,Single,81217.0,0,0,2013-07-19,77,493,70,324,146,40,84,1,3,7,11,1,0,0,1157,21,22,0.045454545454545456,52.59090909090909,505,1.4,0,0,25,18-30,Very High Income,Inactive,6,Store,1,0,High-Value At-Risk
10203,1990,Graduation,Single,26095.0,1,0,2013-06-30,77,11,7,9,3,1,11,1,1,0,3,7,0,0,42,4,5,0.2,8.4,524,1.4,1,1,24,18-30,Low Income,Inactive,6,Store,0,0,Family Customers
3968,1970,2n Cycle,Divorced,65706.0,0,0,2013-06-28,77,918,10,129,13,0,129,1,11,3,12,7,1,0,1199,26,27,0.037037037037037035,44.407407407407405,526,1.4,0,0,44,31-45,High Income,Inactive,5,Store,1,0,High-Value At-Risk
4037,1976,Graduation,Divorced,31859.0,1,0,2013-06-14,77,3,1,3,8,0,5,1,1,0,2,7,0,0,20,3,4,0.25,5.0,540,1.5,1,1,38,31-45,Low Income,Inactive,5,Store,0,0,Bargain Hunters
6932,1941,PhD,Married,93027.0,0,0,2013-04-13,77,1285,42,716,55,0,21,0,7,10,5,2,0,0,2119,22,22,0.0,96.31818181818181,602,1.6,0,0,73,60+,Very High Income,Inactive,5,Catalog,1,0,High-Value At-Risk
10159,1970,Graduation,Divorced,58710.0,0,1,2013-03-31,77,440,81,368,0,122,174,6,11,5,9,6,0,0,1185,25,31,0.1935483870967742,38.225806451612904,615,1.7,1,1,44,31-45,High Income,Inactive,5,Web,1,0,High-Value At-Risk
1177,1966,Master,Together,49618.0,1,1,2013-01-26,77,80,3,26,4,2,14,4,3,1,3,7,0,0,129,7,11,0.36363636363636365,11.727272727272727,679,1.9,2,1,48,46-60,Mid Income,Inactive,6,Web,0,0,Digital Shoppers
9426,1964,Master,Single,58308.0,0,1,2013-12-01,77,691,0,69,10,0,130,4,2,6,3,8,0,0,900,11,15,0.26666666666666666,60.0,370,1.0,1,1,50,46-60,High Income,Inactive,4,Catalog,0,0,Catalog Shoppers
10637,1964,Graduation,Married,40800.0,1,2,2013-01-01,77,24,0,27,8,30,10,2,3,0,3,7,0,1,99,6,8,0.25,12.375,704,1.9,3,1,50,46-60,Mid Income,Inactive,5,Web,0,0,Digital Shoppers
10826,1959,Graduation,Married,18690.0,0,0,2012-12-28,77,6,1,7,23,4,19,1,1,1,2,8,0,0,60,4,5,0.2,12.0,708,1.9,0,0,55,46-60,Low Income,Inactive,6,Store,0,0,General Customers
4086,1959,Graduation,Married,18690.0,0,0,2012-12-28,77,6,1,7,23,4,19,1,1,1,2,8,0,0,60,4,5,0.2,12.0,708,1.9,0,0,55,46-60,Low Income,Inactive,6,Store,0,0,General Customers
10304,1959,Graduation,Married,18690.0,0,0,2012-12-28,77,6,1,7,23,4,19,1,1,1,2,8,0,0,60,4,5,0.2,12.0,708,1.9,0,0,55,46-60,Low Income,Inactive,6,Store,0,0,General Customers
7998,1958,Graduation,Together,28087.0,1,1,2012-11-12,77,53,8,17,13,0,21,3,2,2,2,7,0,0,112,6,9,0.3333333333333333,12.444444444444445,754,2.1,2,1,56,46-60,Low Income,Inactive,5,Web,0,0,Digital Shoppers
10992,1967,Graduation,Together,75702.0,1,1,2012-08-29,77,650,28,353,45,42,30,5,4,6,11,8,0,0,1148,21,26,0.19230769230769232,44.15384615384615,829,2.3,2,1,47,46-60,Very High Income,Inactive,6,Store,1,0,High-Value At-Risk
6383,1971,PhD,Together,32892.0,1,0,2014-05-25,78,26,0,15,2,1,2,2,3,0,3,8,0,0,46,6,8,0.25,5.75,195,0.5,1,1,43,31-45,Low Income,Inactive,5,Web,0,0,Digital Shoppers
10536,1971,PhD,Together,32892.0,1,0,2014-05-25,78,26,0,15,2,1,2,2,3,0,3,8,0,0,46,6,8,0.25,5.75,195,0.5,1,1,43,31-45,Low Income,Inactive,5,Web,0,0,Digital Shoppers
6036,1959,Master,Together,89120.0,0,0,2014-03-17,78,1168,92,408,72,129,55,1,5,6,7,1,0,0,1924,18,19,0.05263157894736842,101.26315789473684,264,0.7,0,0,55,46-60,Very High Income,Inactive,6,Store,1,0,High-Value At-Risk
11092,1961,Graduation,Married,27116.0,1,1,2014-02-03,78,12,1,21,2,2,3,2,2,0,3,7,0,0,41,5,7,0.2857142857142857,5.857142857142857,306,0.8,2,1,53,46-60,Low Income,Inactive,6,Store,0,0,Bargain Hunters
538,1989,Graduation,Single,46107.0,1,0,2014-10-02,78,31,9,27,16,9,33,1,1,1,4,3,0,0,125,6,7,0.14285714285714285,17.857142857142858,65,0.2,1,1,25,18-30,Mid Income,Inactive,6,Store,0,0,Family Customers
10022,1973,PhD,Single,54466.0,1,1,2014-09-02,78,12,0,4,0,0,0,1,1,0,2,5,0,0,16,3,4,0.25,4.0,95,0.3,2,1,41,31-45,High Income,Inactive,2,Store,0,0,Bargain Hunters
10157,1965,Graduation,Single,59686.0,0,1,2014-01-25,78,89,15,89,34,42,5,1,4,1,6,4,0,0,274,11,12,0.08333333333333333,22.833333333333332,315,0.9,1,1,49,46-60,High Income,Inactive,6,Store,0,0,Family Customers
3503,1950,Graduation,Divorced,82460.0,0,0,2013-02-12,78,255,47,573,52,32,15,1,5,3,6,1,0,0,974,14,15,0.06666666666666667,64.93333333333334,662,1.8,0,0,64,60+,Very High Income,Inactive,6,Store,0,0,General Customers
146,1960,PhD,Single,76045.0,0,0,2013-11-15,78,760,53,400,17,93,0,1,4,5,11,2,0,0,1323,20,21,0.047619047619047616,63.0,386,1.1,0,0,54,46-60,Very High Income,Inactive,5,Store,1,0,High-Value At-Risk
5538,1975,Graduation,Divorced,83829.0,0,0,2013-08-10,78,897,161,430,186,161,27,0,4,7,6,1,1,0,1862,17,17,0.0,109.52941176470588,483,1.3,0,0,39,31-45,Very High Income,Inactive,6,Catalog,1,0,High-Value At-Risk
3910,1975,Graduation,Divorced,83829.0,0,0,2013-08-10,78,897,161,430,186,161,27,0,4,7,6,1,1,0,1862,17,17,0.0,109.52941176470588,483,1.3,0,0,39,31-45,Very High Income,Inactive,6,Catalog,1,0,High-Value At-Risk
4227,1968,Master,Together,32889.0,1,1,2013-06-09,78,28,0,13,4,2,8,3,2,1,3,5,0,0,55,6,9,0.3333333333333333,6.111111111111111,545,1.5,2,1,46,46-60,Low Income,Inactive,5,Store,0,0,Bargain Hunters
6634,1979,Master,Divorced,33462.0,1,0,2013-07-08,78,22,3,18,0,0,11,1,2,0,3,7,0,0,54,5,6,0.16666666666666666,9.0,516,1.4,1,1,35,31-45,Low Income,Inactive,4,Store,0,0,Family Customers
8916,1975,Graduation,Divorced,36627.0,2,0,2013-07-23,78,9,1,5,0,0,1,1,0,0,3,5,0,0,16,3,4,0.25,4.0,501,1.4,2,1,39,31-45,Mid Income,Inactive,4,Store,0,0,Bargain Hunters
6460,1982,Graduation,Married,28718.0,1,0,2013-07-13,78,12,4,6,11,8,16,2,2,0,3,8,0,0,57,5,7,0.2857142857142857,8.142857142857142,511,1.4,1,1,32,31-45,Low Income,Inactive,6,Store,0,0,Bargain Hunters
5883,1972,Graduation,Married,77981.0,1,0,2013-05-26,78,138,120,204,16,126,60,3,7,4,7,5,0,0,664,18,21,0.14285714285714285,31.61904761904762,559,1.5,1,1,42,31-45,Very High Income,Inactive,6,Web,0,0,Digital Shoppers
10091,1956,Graduation,Single,60230.0,0,1,2013-05-20,78,520,20,367,39,81,40,2,6,3,6,5,0,0,1067,15,17,0.11764705882352941,62.76470588235294,565,1.5,1,1,58,46-60,High Income,Inactive,6,Web,1,0,High-Value At-Risk
697,1969,Graduation,Together,74918.0,0,0,2013-12-03,78,972,59,913,25,19,59,1,5,9,6,3,0,0,2047,20,21,0.047619047619047616,97.47619047619048,368,1.0,0,0,45,31-45,Very High Income,Inactive,6,Catalog,1,0,High-Value At-Risk
2607,1953,Graduation,Single,40464.0,0,1,2013-11-01,78,424,17,118,7,23,41,6,8,2,8,8,0,0,630,18,24,0.25,26.25,400,1.1,1,1,61,60+,Mid Income,Inactive,6,Web,0,0,Digital Shoppers
8427,1956,Master,Single,64857.0,0,0,2012-11-23,78,556,14,717,210,0,43,1,7,5,10,4,0,0,1540,22,23,0.043478260869565216,66.95652173913044,743,2.0,0,0,58,46-60,High Income,Inactive,5,Store,1,0,High-Value At-Risk
217,1956,Master,Single,64857.0,0,0,2012-11-23,78,556,14,717,210,0,43,1,7,5,10,4,0,0,1540,22,23,0.043478260869565216,66.95652173913044,743,2.0,0,0,58,46-60,High Income,Inactive,5,Store,1,0,High-Value At-Risk
6202,1960,Graduation,Together,63381.0,0,1,2012-05-10,78,571,50,142,33,50,159,4,4,5,13,2,0,0,1005,22,26,0.15384615384615385,38.65384615384615,940,2.6,1,1,54,46-60,High Income,Inactive,6,Store,0,0,Family Customers
3856,1960,Graduation,Together,63381.0,0,1,2012-05-10,78,571,50,142,33,50,159,4,4,5,13,2,0,0,1005,22,26,0.15384615384615385,38.65384615384615,940,2.6,1,1,54,46-60,High Income,Inactive,6,Store,0,0,Family Customers
10648,1982,2n Cycle,Together,66664.0,0,0,2012-09-25,78,398,96,447,220,96,32,1,5,7,6,3,0,0,1289,18,19,0.05263157894736842,67.84210526315789,802,2.2,0,0,32,31-45,High Income,Inactive,6,Catalog,1,0,High-Value At-Risk
5120,1982,2n Cycle,Together,66664.0,0,0,2012-09-25,78,398,96,447,220,96,32,1,5,7,6,3,0,0,1289,18,19,0.05263157894736842,67.84210526315789,802,2.2,0,0,32,31-45,High Income,Inactive,6,Catalog,1,0,High-Value At-Risk
6749,1966,Graduation,Single,86358.0,1,1,2012-08-08,78,957,47,494,82,47,95,4,5,3,6,8,0,0,1722,14,18,0.2222222222222222,95.66666666666667,850,2.3,2,1,48,46-60,Very High Income,Inactive,6,Store,1,0,High-Value At-Risk
1584,1977,Graduation,Married,41443.0,1,0,2014-01-04,79,171,7,171,25,19,89,6,8,1,5,8,0,0,482,14,20,0.3,24.1,336,0.9,1,1,37,31-45,Mid Income,Inactive,6,Web,0,0,Digital Shoppers
9559,1961,PhD,Married,57072.0,0,1,2014-01-24,79,944,0,60,0,0,30,2,7,5,13,5,0,0,1034,25,27,0.07407407407407407,38.2962962962963,316,0.9,1,1,53,46-60,High Income,Inactive,3,Store,0,0,Family Customers
771,1967,Graduation,Together,54178.0,0,1,2014-01-21,79,135,9,39,4,0,7,1,2,2,5,2,0,0,194,9,10,0.1,19.4,319,0.9,1,1,47,46-60,High Income,Inactive,5,Store,0,0,Family Customers
5237,1950,PhD,Single,48767.0,1,2,2014-01-01,79,28,1,21,3,0,10,3,2,1,3,5,0,0,63,6,9,0.3333333333333333,7.0,339,0.9,3,1,64,60+,Mid Income,Inactive,5,Store,0,0,Bargain Hunters
2461,1955,Master,Single,51124.0,1,1,2013-12-18,79,26,1,11,0,1,4,2,1,0,3,3,0,0,43,4,6,0.3333333333333333,7.166666666666667,353,1.0,2,1,59,46-60,Mid Income,Inactive,5,Store,0,0,Bargain Hunters
5474,1970,Graduation,Single,43020.0,1,0,2013-11-30,79,45,7,99,4,25,43,3,4,1,4,6,0,0,223,9,12,0.25,18.583333333333332,371,1.0,1,1,44,31-45,Mid Income,Inactive,6,Web,0,0,Digital Shoppers
2895,1963,Graduation,Single,49980.0,0,1,2013-10-23,79,104,1,54,13,9,14,2,3,1,5,5,0,0,195,9,11,0.18181818181818182,17.727272727272727,409,1.1,1,1,51,46-60,Mid Income,Inactive,6,Store,0,0,Family Customers
7972,1955,Graduation,Single,72906.0,0,0,2013-09-17,79,400,32,519,71,75,54,1,3,4,9,1,0,0,1151,16,17,0.058823529411764705,67.70588235294117,445,1.2,0,0,59,46-60,Very High Income,Inactive,6,Store,1,0,High-Value At-Risk
10067,1976,2n Cycle,Together,25176.0,1,1,2013-10-08,79,4,0,4,0,0,5,1,1,0,2,7,0,0,13,3,4,0.25,3.25,424,1.2,2,1,38,31-45,Low Income,Inactive,3,Store,0,0,Bargain Hunters
500,1977,Graduation,Together,96876.0,0,0,2013-06-08,79,908,43,735,40,194,21,1,7,7,9,2,1,0,1941,23,24,0.041666666666666664,80.875,546,1.5,0,0,37,31-45,Very High Income,Inactive,6,Store,1,0,High-Value At-Risk
922,1979,2n Cycle,Married,31086.0,1,1,2013-04-05,79,16,2,11,3,0,16,2,1,1,2,8,0,0,48,4,6,0.3333333333333333,8.0,610,1.7,2,1,35,31-45,Low Income,Inactive,5,Store,0,0,Bargain Hunters
2861,1983,Graduation,Single,24072.0,1,0,2013-04-16,79,9,1,6,3,0,4,1,1,0,2,8,0,0,23,3,4,0.25,5.75,599,1.6,1,1,31,31-45,Low Income,Inactive,5,Store,0,0,Bargain Hunters
375,1954,Graduation,Divorced,76773.0,0,0,2013-02-25,79,516,56,449,86,33,16,1,2,2,11,1,0,0,1156,15,16,0.0625,72.25,649,1.8,0,0,60,46-60,Very High Income,Inactive,6,Store,1,0,High-Value At-Risk
10936,1965,Graduation,Married,72190.0,0,0,2013-02-13,79,597,166,597,172,166,249,1,5,6,4,3,0,0,1947,15,16,0.0625,121.6875,661,1.8,0,0,49,46-60,Very High Income,Inactive,6,Catalog,1,0,High-Value At-Risk
10314,1948,PhD,Married,83837.0,0,0,2012-12-16,79,847,66,119,86,89,111,1,9,10,5,4,1,0,1318,24,25,0.04,52.72,720,2.0,0,0,66,60+,Very High Income,Inactive,6,Catalog,1,0,High-Value At-Risk
4240,1978,Graduation,Married,17345.0,1,0,2012-03-11,79,4,9,16,17,0,12,2,2,1,2,8,0,0,58,5,7,0.2857142857142857,8.285714285714286,1000,2.7,1,1,36,31-45,Low Income,Inactive,5,Web,0,0,Digital Shoppers
2674,1958,Master,Single,75154.0,0,1,2012-04-09,79,543,10,205,160,143,82,1,6,3,6,3,1,0,1143,15,16,0.0625,71.4375,971,2.7,1,1,56,46-60,Very High Income,Inactive,6,Web,1,0,High-Value At-Risk
2563,1961,Basic,Married,28249.0,0,0,2014-06-15,80,1,9,7,2,14,10,1,2,0,3,6,0,0,43,5,6,0.16666666666666666,7.166666666666667,174,0.5,0,0,53,46-60,Low Income,Inactive,6,Store,0,0,General Customers
8312,1961,Basic,Married,28249.0,0,0,2014-06-15,80,1,9,7,2,14,10,1,2,0,3,6,0,0,43,5,6,0.16666666666666666,7.166666666666667,174,0.5,0,0,53,46-60,Low Income,Inactive,6,Store,0,0,General Customers
6999,1980,Master,Married,69661.0,0,0,2014-05-13,80,656,16,106,32,16,8,1,7,3,12,3,0,0,834,22,23,0.043478260869565216,36.26086956521739,207,0.6,0,0,34,31-45,Very High Income,Inactive,6,Store,0,0,General Customers
7574,1979,PhD,Together,27922.0,1,0,2014-10-05,80,11,0,13,2,4,11,1,2,0,3,4,0,0,41,5,6,0.16666666666666666,6.833333333333333,62,0.2,1,1,35,31-45,Low Income,Inactive,5,Store,0,0,Family Customers
5223,1966,Master,Together,45903.0,0,1,2014-04-23,80,33,8,10,2,10,3,2,2,1,3,4,0,0,66,6,8,0.25,8.25,227,0.6,1,1,48,46-60,Mid Income,Inactive,6,Store,0,0,Bargain Hunters
2952,1977,Master,Single,36273.0,1,0,2014-04-16,80,29,3,30,3,2,9,2,3,0,3,6,0,0,76,6,8,0.25,9.5,234,0.6,1,1,37,31-45,Mid Income,Inactive,6,Web,0,0,Digital Shoppers
7683,1968,Master,Married,70777.0,0,1,2014-02-25,80,554,35,113,0,7,78,3,5,3,12,3,0,0,787,20,23,0.13043478260869565,34.21739130434783,284,0.8,1,1,46,46-60,Very High Income,Inactive,5,Store,0,0,Family Customers
9481,1976,Graduation,Married,17148.0,1,0,2014-01-28,80,9,9,11,13,10,16,4,3,1,3,8,0,0,68,7,11,0.36363636363636365,6.181818181818182,312,0.9,1,1,38,31-45,Low Income,Inactive,6,Web,0,0,Digital Shoppers
9907,1969,Master,Together,66476.0,0,1,2013-04-12,80,742,28,152,25,9,57,2,6,8,10,4,0,0,1013,24,26,0.07692307692307693,38.96153846153846,603,1.7,1,1,45,31-45,High Income,Inactive,6,Store,0,0,Family Customers
5454,1979,Master,Married,45057.0,1,0,2013-01-12,80,37,0,7,3,0,3,1,2,0,3,5,0,0,50,5,6,0.16666666666666666,8.333333333333334,693,1.9,1,1,35,31-45,Mid Income,Inactive,4,Store,0,0,Family Customers
3798,1968,Graduation,Married,41120.0,1,1,2013-06-11,80,24,2,23,0,8,24,3,2,1,3,6,0,0,81,6,9,0.3333333333333333,9.0,543,1.5,2,1,46,46-60,Mid Income,Inactive,5,Store,0,0,Bargain Hunters
7281,1959,PhD,Single,51381.5,0,0,2013-05-11,80,81,11,50,3,2,39,1,1,3,4,2,0,0,186,8,9,0.1111111111111111,20.666666666666668,574,1.6,0,0,55,46-60,Mid Income,Inactive,6,Store,0,0,General Customers
4259,1986,Master,Single,19485.0,2,0,2013-09-24,80,6,0,4,0,0,0,1,1,0,2,7,0,0,10,3,4,0.25,2.5,438,1.2,2,1,28,18-30,Low Income,Inactive,2,Store,0,0,Bargain Hunters
2549,1983,PhD,Together,21840.0,1,0,2013-07-21,80,17,0,9,0,0,1,1,1,0,3,9,0,0,27,4,5,0.2,5.4,503,1.4,1,1,31,31-45,Low Income,Inactive,3,Store,0,0,Family Customers
6437,1985,2n Cycle,Single,41473.0,1,0,2013-06-19,80,21,8,20,15,3,9,1,2,0,3,7,0,0,76,5,6,0.16666666666666666,12.666666666666666,535,1.5,1,1,29,18-30,Mid Income,Inactive,6,Store,0,0,Family Customers
2488,1956,2n Cycle,Divorced,31395.0,1,1,2013-03-23,80,23,1,25,0,8,7,4,2,1,3,6,0,0,64,6,10,0.4,6.4,623,1.7,2,1,58,46-60,Low Income,Inactive,5,Store,0,0,Bargain Hunters
3945,1947,PhD,Widow,68117.0,0,1,2013-10-03,80,618,44,215,0,17,36,2,11,8,4,6,1,0,930,23,25,0.08,37.2,429,1.2,1,1,67,60+,High Income,Inactive,5,Web,0,0,Digital Shoppers
702,1975,2n Cycle,Widow,47682.0,0,1,2013-02-15,80,162,61,83,97,57,61,4,4,3,8,5,0,0,521,15,19,0.21052631578947367,27.42105263157895,659,1.8,1,1,39,31-45,Mid Income,Inactive,6,Store,0,0,Family Customers
9010,1972,Master,Married,83151.0,0,0,2013-10-02,80,968,147,842,137,42,210,1,5,7,10,2,1,0,2346,22,23,0.043478260869565216,102.0,430,1.2,0,0,42,31-45,Very High Income,Inactive,6,Store,1,0,High-Value At-Risk
9710,1969,PhD,Divorced,58086.0,0,1,2013-01-20,80,708,7,62,0,0,15,2,11,3,7,8,0,0,792,21,23,0.08695652173913043,34.43478260869565,685,1.9,1,1,45,31-45,High Income,Inactive,4,Web,0,0,Digital Shoppers
1509,1958,PhD,Together,84460.0,0,0,2013-04-01,80,152,27,103,106,54,81,0,9,9,4,5,1,0,523,22,22,0.0,23.772727272727273,614,1.7,0,0,56,46-60,Very High Income,Inactive,6,Web,0,0,Digital Shoppers
9120,1962,Graduation,Single,66565.0,0,1,2012-05-12,80,747,10,161,65,40,42,4,4,2,9,8,0,0,1065,15,19,0.21052631578947367,56.05263157894737,938,2.6,1,1,52,46-60,High Income,Inactive,6,Store,1,0,High-Value At-Risk
5252,1969,Graduation,Divorced,23910.0,1,0,2012-10-26,80,16,12,18,7,1,13,1,2,0,3,7,0,0,67,5,6,0.16666666666666666,11.166666666666666,771,2.1,1,1,45,31-45,Low Income,Inactive,6,Store,0,0,Family Customers
5959,1968,Graduation,Single,35893.0,1,1,2012-10-15,80,158,0,23,0,0,18,6,3,1,5,8,0,0,199,9,15,0.4,13.266666666666667,782,2.1,2,1,46,46-60,Mid Income,Inactive,3,Store,0,0,Bargain Hunters
7441,1973,Graduation,Divorced,71128.0,1,0,2012-06-10,80,958,159,447,20,0,31,3,2,10,12,7,0,0,1615,24,27,0.1111111111111111,59.81481481481482,909,2.5,1,1,41,31-45,Very High Income,Inactive,5,Store,1,0,High-Value At-Risk
4271,1989,2n Cycle,Together,38683.0,1,0,2012-04-10,80,46,35,69,84,41,66,6,4,1,6,7,0,0,341,11,17,0.35294117647058826,20.058823529411764,970,2.7,1,1,25,18-30,Mid Income,Inactive,6,Store,0,0,Bargain Hunters
4095,1971,Graduation,Married,37150.0,1,0,2012-11-09,80,167,37,64,49,34,116,8,4,3,6,7,0,0,467,13,21,0.38095238095238093,22.238095238095237,757,2.1,1,1,43,31-45,Mid Income,Inactive,6,Store,0,0,Bargain Hunters
8852,1976,Graduation,Married,61064.0,0,1,2012-08-31,80,387,126,342,0,45,180,5,8,4,11,6,0,0,1080,23,28,0.17857142857142858,38.57142857142857,827,2.3,1,1,38,31-45,High Income,Inactive,5,Store,1,0,High-Value At-Risk
7698,1976,PhD,Married,51650.0,0,1,2014-11-05,81,152,3,22,2,5,7,1,4,1,4,5,0,0,191,9,10,0.1,19.1,31,0.1,1,1,38,31-45,High Income,Inactive,6,Web,0,0,Digital Shoppers
4174,1956,Master,Together,55249.0,0,1,2014-04-17,81,97,1,19,2,0,11,1,2,1,4,3,0,0,130,7,8,0.125,16.25,233,0.6,1,1,58,46-60,High Income,Inactive,5,Store,0,0,Family Customers
3182,1973,PhD,Single,46854.0,1,1,2014-03-31,81,96,1,79,7,1,79,6,5,1,3,8,1,0,263,9,15,0.4,17.533333333333335,250,0.7,2,1,41,31-45,Mid Income,Inactive,6,Web,0,0,Digital Shoppers
193,1996,Basic,Married,14421.0,0,0,2014-02-17,81,0,0,2,3,3,8,1,1,0,2,5,0,0,16,3,4,0.25,4.0,292,0.8,0,0,18,18-30,Low Income,Inactive,4,Store,0,0,Bargain Hunters
5229,1969,PhD,Together,54132.0,0,1,2014-02-16,81,30,1,8,0,0,3,1,1,0,3,7,0,0,42,4,5,0.2,8.4,293,0.8,1,1,45,31-45,High Income,Inactive,4,Store,0,0,Family Customers
5555,1975,Graduation,Divorced,153924.0,0,0,2014-07-02,81,1,1,1,1,1,1,0,0,0,0,0,0,0,6,0,0,0.0,0.0,157,0.4,0,0,39,31-45,Very High Income,Inactive,6,No Channel Purchase,0,1,General Customers
7732,1978,Graduation,Married,64813.0,1,0,2014-02-01,81,293,0,124,179,97,52,1,7,2,10,5,0,0,745,19,20,0.05,37.25,308,0.8,1,1,36,31-45,High Income,Inactive,5,Store,0,0,Family Customers
310,1970,Master,Married,61872.0,0,1,2013-12-13,81,330,5,159,36,27,16,4,4,4,9,4,0,0,573,17,21,0.19047619047619047,27.285714285714285,358,1.0,1,1,44,31-45,High Income,Inactive,6,Store,0,0,Family Customers
6261,1979,Graduation,Married,58025.0,0,1,2013-11-26,81,270,31,88,11,48,22,3,3,2,10,4,0,0,470,15,18,0.16666666666666666,26.11111111111111,375,1.0,1,1,35,31-45,High Income,Inactive,6,Store,0,0,Family Customers
6274,1948,Master,Married,83790.0,0,0,2013-11-15,81,1076,16,417,42,48,16,1,8,10,6,3,0,0,1615,24,25,0.04,64.6,386,1.1,0,0,66,60+,Very High Income,Inactive,6,Catalog,1,0,High-Value At-Risk
1655,1979,Graduation,Together,34350.0,1,0,2013-10-19,81,16,3,15,2,1,11,1,1,0,3,7,0,0,48,4,5,0.2,9.6,413,1.1,1,1,35,31-45,Low Income,Inactive,6,Store,0,0,Family Customers
2740,1958,PhD,Widow,33438.0,1,1,2013-09-22,81,62,1,16,3,2,6,4,2,1,4,5,0,0,90,7,11,0.36363636363636365,8.181818181818182,440,1.2,2,1,56,46-60,Low Income,Inactive,6,Store,0,0,Bargain Hunters
4328,1986,2n Cycle,Married,21955.0,1,0,2013-07-09,81,5,1,7,17,14,11,2,2,1,3,6,0,0,55,6,8,0.25,6.875,515,1.4,1,1,28,18-30,Low Income,Inactive,6,Store,0,0,Bargain Hunters
17,1971,PhD,Married,60491.0,0,1,2013-06-09,81,637,47,237,12,19,76,4,6,11,7,5,0,0,1028,24,28,0.14285714285714285,36.714285714285715,545,1.5,1,1,43,31-45,High Income,Inactive,6,Catalog,0,0,Catalog Shoppers
9153,1964,PhD,Married,59304.0,0,1,2013-07-29,81,418,61,428,80,51,10,3,7,8,10,5,0,0,1048,25,28,0.10714285714285714,37.42857142857143,495,1.4,1,1,50,46-60,High Income,Inactive,6,Store,1,0,High-Value At-Risk
520,1974,Graduation,Married,34421.0,1,0,2013-01-07,81,3,3,7,6,2,9,1,1,0,2,7,0,0,30,3,4,0.25,7.5,698,1.9,1,1,40,31-45,Low Income,Inactive,6,Store,0,0,Bargain Hunters
8372,1974,Graduation,Married,34421.0,1,0,2013-01-07,81,3,3,7,6,2,9,1,1,0,2,7,0,0,30,3,4,0.25,7.5,698,1.9,1,1,40,31-45,Low Income,Inactive,6,Store,0,0,Bargain Hunters
73,1953,PhD,Single,51411.0,1,2,2013-05-26,81,14,0,3,0,0,1,1,0,0,3,5,0,0,18,3,4,0.25,4.5,559,1.5,3,1,61,60+,High Income,Inactive,3,Store,0,0,Bargain Hunters
2002,1958,Graduation,Divorced,71964.0,0,0,2013-05-20,81,587,51,932,180,34,86,1,5,6,5,3,0,0,1870,16,17,0.058823529411764705,110.0,565,1.5,0,0,56,46-60,Very High Income,Inactive,6,Catalog,1,0,High-Value At-Risk
6059,1953,PhD,Together,64504.0,1,2,2013-04-03,81,986,36,168,16,0,108,7,11,3,4,7,1,0,1314,18,25,0.28,52.56,612,1.7,3,1,61,60+,High Income,Inactive,5,Web,1,0,High-Value At-Risk
11166,1961,Graduation,Married,49678.0,0,1,2013-02-02,81,229,5,56,3,2,20,2,6,2,4,7,0,0,315,12,14,0.14285714285714285,22.5,672,1.8,1,1,53,46-60,Mid Income,Inactive,6,Web,0,0,Digital Shoppers
6257,1976,Master,Single,60482.0,0,1,2013-01-23,81,255,43,134,37,14,24,1,7,2,7,7,0,0,507,16,17,0.058823529411764705,29.823529411764707,682,1.9,1,1,38,31-45,High Income,Inactive,6,Web,0,0,Digital Shoppers
9224,1972,PhD,Single,55260.0,0,1,2012-12-12,81,825,8,53,11,0,242,2,8,10,5,6,0,0,1139,23,25,0.08,45.56,724,2.0,1,1,42,31-45,High Income,Inactive,5,Catalog,1,0,High-Value At-Risk
8732,1969,Master,Widow,67369.0,0,1,2012-11-17,81,1298,0,70,37,14,42,4,7,4,10,4,1,0,1461,21,25,0.16,58.44,749,2.1,1,1,45,31-45,High Income,Inactive,5,Store,1,0,High-Value At-Risk
955,1962,Master,Together,47175.0,1,1,2012-10-28,81,167,2,44,6,2,19,7,4,2,4,8,1,0,240,10,17,0.4117647058823529,14.117647058823529,769,2.1,2,1,52,46-60,Mid Income,Inactive,6,Web,0,0,Digital Shoppers
4910,1967,Graduation,Divorced,68743.0,0,0,2012-08-30,81,1132,134,384,175,134,115,1,11,5,13,7,0,0,2074,29,30,0.03333333333333333,69.13333333333334,828,2.3,0,0,47,46-60,Very High Income,Inactive,6,Store,1,0,High-Value At-Risk
564,1981,PhD,Together,56937.0,1,0,2012-04-08,81,746,8,125,11,8,8,7,8,6,9,6,1,0,906,23,30,0.23333333333333334,30.2,972,2.7,1,1,33,31-45,High Income,Inactive,6,Store,0,0,Family Customers
8931,1986,Graduation,Together,83033.0,1,0,2014-05-18,82,812,99,431,237,149,33,1,11,4,10,5,0,0,1761,25,26,0.038461538461538464,67.73076923076923,202,0.6,1,1,28,18-30,Very High Income,Inactive,6,Web,1,0,High-Value At-Risk
1998,1976,Graduation,Single,37697.0,1,0,2014-07-02,82,34,6,21,11,4,8,1,2,1,3,6,0,0,84,6,7,0.14285714285714285,12.0,157,0.4,1,1,38,31-45,Mid Income,Inactive,6,Store,0,0,Family Customers
1250,1976,Graduation,Single,37697.0,1,0,2014-07-02,82,34,6,21,11,4,8,1,2,1,3,6,0,0,84,6,7,0.14285714285714285,12.0,157,0.4,1,1,38,31-45,Mid Income,Inactive,6,Store,0,0,Family Customers
8397,1951,Graduation,Married,44689.0,1,1,2014-10-01,82,18,0,5,0,0,11,2,1,1,2,7,0,0,34,4,6,0.3333333333333333,5.666666666666667,66,0.2,2,1,63,60+,Mid Income,Inactive,3,Store,0,0,Bargain Hunters
9672,1970,2n Cycle,Married,23162.0,1,1,2013-12-21,82,8,3,9,19,4,22,3,1,1,3,6,0,0,65,5,8,0.375,8.125,350,1.0,2,1,44,31-45,Low Income,Inactive,6,Store,0,0,Bargain Hunters
2125,1959,Graduation,Divorced,63033.0,0,0,2013-11-15,82,194,61,480,225,112,30,1,3,4,8,2,0,0,1102,15,16,0.0625,68.875,386,1.1,0,0,55,46-60,High Income,Inactive,6,Store,1,0,High-Value At-Risk
5975,1967,PhD,Single,40304.0,1,0,2013-09-30,82,37,0,17,0,0,3,1,2,0,3,7,0,0,57,5,6,0.16666666666666666,9.5,432,1.2,1,1,47,46-60,Mid Income,Inactive,3,Store,0,0,Family Customers
983,1984,Graduation,Married,40059.0,1,0,2013-09-28,82,110,29,92,28,10,145,1,6,2,3,8,0,0,414,11,12,0.08333333333333333,34.5,434,1.2,1,1,30,18-30,Mid Income,Inactive,6,Web,0,0,Digital Shoppers
9938,1954,Graduation,Married,80067.0,0,0,2013-09-19,82,519,17,813,27,173,51,1,4,6,6,2,0,0,1600,16,17,0.058823529411764705,94.11764705882354,443,1.2,0,0,60,46-60,Very High Income,Inactive,6,Catalog,1,0,High-Value At-Risk
4385,1981,PhD,Single,36038.0,1,0,2013-05-31,82,23,0,15,0,2,7,2,3,0,3,6,0,0,47,6,8,0.25,5.875,554,1.5,1,1,33,31-45,Mid Income,Inactive,4,Web,0,0,Digital Shoppers
1612,1981,PhD,Single,51381.5,1,0,2013-05-31,82,23,0,15,0,2,7,2,3,0,3,6,0,0,47,6,8,0.25,5.875,554,1.5,1,1,33,31-45,Mid Income,Inactive,4,Web,0,0,Digital Shoppers
803,1968,Graduation,Together,40521.0,1,1,2013-05-04,82,12,0,5,0,0,4,1,0,1,2,5,0,0,21,3,4,0.25,5.25,581,1.6,2,1,46,46-60,Mid Income,Inactive,3,Store,0,0,Bargain Hunters
10675,1956,PhD,Married,66334.0,0,1,2013-03-04,82,909,11,218,0,0,23,2,9,3,5,5,1,0,1161,17,19,0.10526315789473684,61.10526315789474,642,1.8,1,1,58,46-60,High Income,Inactive,4,Web,1,0,High-Value At-Risk
7004,1984,Graduation,Single,11012.0,1,0,2013-03-16,82,24,3,26,7,1,23,3,3,1,2,9,0,0,84,6,9,0.3333333333333333,9.333333333333334,630,1.7,1,1,30,18-30,Low Income,Inactive,6,Web,0,0,Digital Shoppers
4432,1976,Graduation,Divorced,31615.0,1,0,2013-03-16,82,2,3,20,6,11,9,2,2,0,3,7,0,0,51,5,7,0.2857142857142857,7.285714285714286,630,1.7,1,1,38,31-45,Low Income,Inactive,6,Store,0,0,Bargain Hunters
5079,1971,Graduation,Married,51381.5,1,1,2013-03-03,82,71,1,16,0,0,9,4,2,1,3,8,0,0,97,6,10,0.4,9.7,643,1.8,2,1,43,31-45,Mid Income,Inactive,4,Store,0,0,Bargain Hunters
4475,1949,PhD,Married,69098.0,0,0,2013-02-16,82,1315,22,780,145,0,178,1,7,8,9,5,0,0,2440,24,25,0.04,97.6,658,1.8,0,0,65,60+,Very High Income,Inactive,5,Store,1,0,High-Value At-Risk
10868,1951,Graduation,Widow,70792.0,0,0,2013-06-02,82,344,45,654,104,11,114,2,3,4,10,3,0,0,1272,17,19,0.10526315789473684,66.94736842105263,552,1.5,0,0,63,60+,Very High Income,Inactive,6,Store,1,0,High-Value At-Risk
6742,1979,Graduation,Married,17688.0,1,0,2013-01-13,82,2,2,1,3,1,2,1,1,0,2,8,0,1,11,3,4,0.25,2.75,692,1.9,1,1,35,31-45,Low Income,Inactive,6,Store,0,0,Bargain Hunters
5692,1989,Basic,Married,25443.0,1,0,2012-12-22,82,1,4,3,8,9,7,1,1,0,3,8,0,0,32,4,5,0.2,6.4,714,2.0,1,1,25,18-30,Low Income,Inactive,6,Store,0,0,Family Customers
339,1972,PhD,Married,57091.0,0,1,2012-11-23,82,462,0,24,6,0,4,2,9,2,5,7,1,0,496,16,18,0.1111111111111111,27.555555555555557,743,2.0,1,1,42,31-45,High Income,Inactive,4,Web,0,0,Digital Shoppers
10398,1981,2n Cycle,Single,24336.0,1,0,2012-08-27,82,1,6,2,8,2,12,1,1,0,2,7,0,0,31,3,4,0.25,7.75,831,2.3,1,1,33,31-45,Low Income,Inactive,6,Store,0,0,Bargain Hunters
8017,1981,2n Cycle,Married,51111.0,1,1,2014-06-19,83,22,0,19,6,5,3,2,2,0,3,6,0,0,55,5,7,0.2857142857142857,7.857142857142857,170,0.5,2,1,33,31-45,Mid Income,Inactive,5,Store,0,0,Bargain Hunters
3722,1972,Graduation,Single,44503.0,1,1,2014-04-16,83,31,1,8,0,0,8,2,2,0,3,6,0,0,48,5,7,0.2857142857142857,6.857142857142857,234,0.6,2,1,42,31-45,Mid Income,Inactive,4,Store,0,0,Bargain Hunters
7326,1971,Master,Married,56850.0,0,1,2014-03-23,83,34,1,19,2,7,0,1,1,1,3,2,0,0,63,5,6,0.16666666666666666,10.5,258,0.7,1,1,43,31-45,High Income,Inactive,5,Store,0,0,Family Customers
2416,1969,PhD,Single,66582.0,0,0,2014-03-03,83,789,25,420,16,38,0,1,2,8,9,1,0,0,1288,19,20,0.05,64.4,278,0.8,0,0,45,31-45,High Income,Inactive,5,Store,1,0,High-Value At-Risk
1878,1985,2n Cycle,Married,23148.0,0,0,2014-02-18,83,4,6,8,6,3,10,1,2,0,3,7,0,0,37,5,6,0.16666666666666666,6.166666666666667,291,0.8,0,0,29,18-30,Low Income,Inactive,6,Store,0,0,General Customers
5278,1964,Graduation,Married,82224.0,0,0,2014-01-25,83,307,26,360,138,31,40,1,6,9,5,3,0,0,902,20,21,0.047619047619047616,42.95238095238095,315,0.9,0,0,50,46-60,Very High Income,Inactive,6,Catalog,0,0,Catalog Shoppers
5734,1974,PhD,Married,61917.0,1,1,2013-11-20,83,46,4,36,2,2,1,1,2,0,4,5,0,0,91,6,7,0.14285714285714285,13.0,381,1.0,2,1,40,31-45,High Income,Inactive,6,Store,0,0,Family Customers
4370,1966,Graduation,Together,43482.0,2,1,2013-11-13,83,18,1,32,6,3,28,3,2,0,4,6,0,0,88,6,9,0.3333333333333333,9.777777777777779,388,1.1,3,1,48,46-60,Mid Income,Inactive,6,Store,0,0,Bargain Hunters
8405,1979,Graduation,Divorced,68274.0,1,1,2013-09-30,83,135,25,51,23,25,46,2,4,2,5,3,0,0,305,11,13,0.15384615384615385,23.46153846153846,432,1.2,2,1,35,31-45,High Income,Inactive,6,Store,0,0,Family Customers
7617,1974,Graduation,Single,42373.0,1,1,2013-08-15,83,67,5,61,3,8,19,5,2,1,5,5,0,0,163,8,13,0.38461538461538464,12.538461538461538,478,1.3,2,1,40,31-45,Mid Income,Inactive,6,Store,0,0,Bargain Hunters
10339,1954,Master,Together,51381.5,0,1,2013-06-23,83,161,0,22,0,0,24,2,4,1,4,6,0,0,207,9,11,0.18181818181818182,18.818181818181817,531,1.5,1,1,60,46-60,Mid Income,Inactive,3,Web,0,0,Digital Shoppers
6376,1979,Graduation,Single,57537.0,1,0,2013-10-06,83,191,56,139,51,8,100,4,4,3,8,4,0,0,545,15,19,0.21052631578947367,28.68421052631579,426,1.2,1,1,35,31-45,High Income,Inactive,6,Store,0,0,Family Customers
2150,1958,PhD,Widow,80995.0,0,1,2013-11-05,83,860,28,409,73,56,56,1,8,9,4,4,0,0,1482,21,22,0.045454545454545456,67.36363636363636,396,1.1,1,1,56,46-60,Very High Income,Inactive,6,Catalog,1,0,High-Value At-Risk
7386,1976,Graduation,Divorced,30992.0,1,0,2013-04-22,83,17,0,14,7,3,2,1,1,0,3,7,0,0,43,4,5,0.2,8.6,593,1.6,1,1,38,31-45,Low Income,Inactive,5,Store,0,0,Family Customers
3006,1976,Graduation,Divorced,30992.0,1,0,2013-04-22,83,17,0,14,7,3,2,1,1,0,3,7,0,0,43,4,5,0.2,8.6,593,1.6,1,1,38,31-45,Low Income,Inactive,5,Store,0,0,Family Customers
11088,1971,PhD,Together,78642.0,0,1,2013-04-21,83,1396,0,322,46,35,17,1,4,9,4,6,0,0,1816,17,18,0.05555555555555555,100.88888888888889,594,1.6,1,1,43,31-45,Very High Income,Inactive,5,Catalog,1,0,High-Value At-Risk
5185,1955,Graduation,Married,74268.0,0,0,2013-02-14,83,199,66,315,97,174,41,1,4,3,5,2,0,0,892,12,13,0.07692307692307693,68.61538461538461,660,1.8,0,0,59,46-60,Very High Income,Inactive,6,Store,0,0,General Customers
3523,1962,Graduation,Together,75072.0,0,1,2013-01-23,83,583,34,309,0,22,125,2,5,4,8,3,0,0,1073,17,19,0.10526315789473684,56.473684210526315,682,1.9,1,1,52,46-60,Very High Income,Inactive,5,Store,1,0,High-Value At-Risk
55,1963,Graduation,Together,56253.0,0,1,2012-07-12,83,509,0,65,7,11,5,4,7,2,9,6,0,0,597,18,22,0.18181818181818182,27.136363636363637,877,2.4,1,1,51,46-60,High Income,Inactive,5,Store,0,0,Family Customers
3807,1955,Graduation,Together,59925.0,0,1,2012-11-30,83,473,21,176,19,21,56,3,9,2,9,6,0,0,766,20,23,0.13043478260869565,33.30434782608695,736,2.0,1,1,59,46-60,High Income,Inactive,6,Web,0,0,Digital Shoppers
2453,1960,Graduation,Together,62807.0,0,1,2012-08-31,83,526,28,135,10,21,99,3,5,3,12,5,0,0,819,20,23,0.13043478260869565,35.608695652173914,827,2.3,1,1,54,46-60,High Income,Inactive,6,Store,0,0,Family Customers
7787,1960,Graduation,Together,62807.0,0,1,2012-08-31,83,526,28,135,10,21,99,3,5,3,12,5,0,0,819,20,23,0.13043478260869565,35.608695652173914,827,2.3,1,1,54,46-60,High Income,Inactive,6,Store,0,0,Family Customers
2230,1970,PhD,Married,23626.0,1,0,2014-05-24,84,27,2,14,0,0,0,3,3,1,3,5,0,0,43,7,10,0.3,4.3,196,0.5,1,1,44,31-45,Low Income,Inactive,3,Web,0,0,Digital Shoppers
8146,1976,Master,Together,46106.0,1,1,2014-11-05,84,30,0,8,2,0,14,1,1,1,2,6,0,0,54,4,5,0.2,10.8,31,0.1,2,1,38,31-45,Mid Income,Inactive,4,Store,0,0,Family Customers
988,1965,Graduation,Married,81168.0,0,0,2014-07-05,84,410,0,592,147,22,22,1,6,4,7,3,0,0,1193,17,18,0.05555555555555555,66.27777777777777,154,0.4,0,0,49,46-60,Very High Income,Inactive,5,Store,1,0,High-Value At-Risk
4832,1979,Graduation,Married,27244.0,1,0,2014-07-03,84,6,5,17,3,24,46,2,2,2,2,7,0,0,101,6,8,0.25,12.625,156,0.4,1,1,35,31-45,Low Income,Inactive,6,Web,0,0,Digital Shoppers
3152,1957,Graduation,Together,26091.0,1,1,2014-02-25,84,15,10,19,8,17,20,3,2,1,3,5,0,0,89,6,9,0.3333333333333333,9.88888888888889,284,0.8,2,1,57,46-60,Low Income,Inactive,6,Store,0,0,Bargain Hunters
11188,1957,Graduation,Together,26091.0,1,1,2014-02-25,84,15,10,19,8,17,20,3,2,1,3,5,0,0,89,6,9,0.3333333333333333,9.88888888888889,284,0.8,2,1,57,46-60,Low Income,Inactive,6,Store,0,0,Bargain Hunters
361,1969,Master,Married,43142.0,1,1,2014-02-18,84,5,1,7,2,1,4,1,1,0,2,7,0,0,20,3,4,0.25,5.0,291,0.8,2,1,45,31-45,Mid Income,Inactive,6,Store,0,0,Bargain Hunters
5939,1971,Graduation,Together,38232.0,1,1,2014-01-17,84,43,5,28,7,6,33,4,3,1,3,5,0,0,122,7,11,0.36363636363636365,11.090909090909092,323,0.9,2,1,43,31-45,Mid Income,Inactive,6,Web,0,0,Digital Shoppers
9349,1985,Graduation,Married,92533.0,0,0,2013-12-19,84,693,21,118,110,147,42,1,6,5,11,2,0,0,1131,22,23,0.043478260869565216,49.17391304347826,352,1.0,0,0,29,18-30,Very High Income,Inactive,6,Store,1,0,High-Value At-Risk
819,1945,Graduation,Widow,63285.0,0,0,2013-05-11,84,508,124,249,50,38,134,1,6,5,13,3,0,0,1103,24,25,0.04,44.12,574,1.6,0,0,69,60+,High Income,Inactive,6,Store,1,0,High-Value At-Risk
10120,1955,Graduation,Together,38946.0,0,1,2013-10-24,84,116,6,82,6,6,41,2,3,1,6,5,0,0,257,10,12,0.16666666666666666,21.416666666666668,408,1.1,1,1,59,46-60,Mid Income,Inactive,6,Store,0,0,Family Customers
4541,1955,Graduation,Together,38946.0,0,1,2013-10-24,84,116,6,82,6,6,41,2,3,1,6,5,0,0,257,10,12,0.16666666666666666,21.416666666666668,408,1.1,1,1,59,46-60,Mid Income,Inactive,6,Store,0,0,Family Customers
2456,1975,PhD,Married,40233.0,0,1,2013-10-14,84,80,4,46,0,17,2,5,2,1,5,6,0,0,149,8,13,0.38461538461538464,11.461538461538462,418,1.1,1,1,39,31-45,Mid Income,Inactive,5,Store,0,0,Bargain Hunters
2516,1969,2n Cycle,Married,46831.0,1,1,2013-08-06,84,22,2,10,6,4,34,2,1,2,2,4,0,0,78,5,7,0.2857142857142857,11.142857142857142,487,1.3,2,1,45,31-45,Mid Income,Inactive,6,Catalog,0,0,Catalog Shoppers
11013,1987,Graduation,Together,67605.0,0,0,2013-03-31,84,336,28,282,184,54,54,1,2,8,6,1,0,0,938,16,17,0.058823529411764705,55.1764705882353,615,1.7,0,0,27,18-30,High Income,Inactive,6,Catalog,0,0,Catalog Shoppers
9988,1976,Master,Single,70379.0,0,1,2013-03-03,84,553,25,142,65,67,8,3,6,3,13,4,0,0,860,22,25,0.12,34.4,643,1.8,1,1,38,31-45,Very High Income,Inactive,6,Store,0,0,Family Customers
1627,1957,2n Cycle,Divorced,77297.0,0,0,2013-01-26,84,408,61,109,48,122,41,1,5,7,9,4,0,0,789,21,22,0.045454545454545456,35.86363636363637,679,1.9,0,0,57,46-60,Very High Income,Inactive,6,Store,0,0,General Customers
1490,1962,Graduation,Married,55759.0,0,1,2012-11-28,84,675,0,85,10,7,77,5,10,3,8,8,0,0,854,21,26,0.19230769230769232,32.84615384615385,738,2.0,1,1,52,46-60,High Income,Inactive,5,Web,0,0,Digital Shoppers
6710,1951,Master,Single,58217.0,2,1,2012-11-17,84,68,1,13,3,5,13,1,2,0,4,6,0,0,103,6,7,0.14285714285714285,14.714285714285714,749,2.1,3,1,63,60+,High Income,Inactive,6,Store,0,0,Family Customers
7375,1976,Graduation,Together,51369.0,0,1,2012-10-25,84,297,7,79,0,11,182,2,8,2,4,8,0,0,576,14,16,0.125,36.0,772,2.1,1,1,38,31-45,Mid Income,Inactive,5,Web,0,0,Digital Shoppers
10144,1976,Graduation,Together,51369.0,0,1,2012-10-25,84,297,7,79,0,11,182,2,8,2,4,8,0,0,576,14,16,0.125,36.0,772,2.1,1,1,38,31-45,Mid Income,Inactive,5,Web,0,0,Digital Shoppers
3138,1956,Graduation,Single,91249.0,0,0,2012-10-20,84,1324,27,119,71,108,27,0,7,9,6,4,1,0,1676,22,22,0.0,76.18181818181819,777,2.1,0,0,58,46-60,Very High Income,Inactive,6,Catalog,1,0,High-Value At-Risk
1440,1978,2n Cycle,Together,52513.0,0,0,2012-04-09,84,367,17,241,104,188,232,2,9,5,9,7,0,0,1149,23,25,0.08,45.96,971,2.7,0,0,36,31-45,High Income,Inactive,6,Web,1,0,High-Value At-Risk
4200,1970,Master,Married,44159.0,1,0,2014-06-17,85,167,2,62,24,13,7,4,4,1,6,5,0,0,275,11,15,0.26666666666666666,18.333333333333332,172,0.5,1,1,44,31-45,Mid Income,Inactive,6,Store,0,0,Bargain Hunters
4998,1962,Graduation,Together,76081.0,0,0,2014-05-23,85,292,30,415,63,33,200,1,4,5,4,2,0,0,1033,13,14,0.07142857142857142,73.78571428571429,197,0.5,0,0,52,46-60,Very High Income,Inactive,6,Catalog,0,0,Catalog Shoppers
7321,1962,Graduation,Together,76081.0,0,0,2014-05-23,85,292,30,415,63,33,200,1,4,5,4,2,0,0,1033,13,14,0.07142857142857142,73.78571428571429,197,0.5,0,0,52,46-60,Very High Income,Inactive,6,Catalog,0,0,Catalog Shoppers
8663,1974,Graduation,Divorced,39996.0,1,1,2014-05-22,85,11,0,3,0,0,1,1,1,0,2,6,0,0,15,3,4,0.25,3.75,198,0.5,2,1,40,31-45,Mid Income,Inactive,3,Store,0,0,Bargain Hunters
1958,1973,PhD,Together,55012.0,0,1,2014-03-21,85,582,0,65,0,0,13,6,8,2,9,5,0,0,660,19,25,0.24,26.4,260,0.7,1,1,41,31-45,High Income,Inactive,3,Store,0,0,Family Customers
6963,1947,Graduation,Single,77457.0,0,0,2014-05-03,85,675,11,400,15,45,11,1,2,5,10,1,0,0,1157,17,18,0.05555555555555555,64.27777777777777,217,0.6,0,0,67,60+,Very High Income,Inactive,6,Store,1,0,High-Value At-Risk
1065,1963,Graduation,Single,80695.0,0,0,2013-12-29,85,557,129,984,193,37,18,1,5,8,5,2,0,0,1918,18,19,0.05263157894736842,100.94736842105263,342,0.9,0,0,51,46-60,Very High Income,Inactive,6,Catalog,1,0,High-Value At-Risk
2712,1956,Graduation,Married,71866.0,0,1,2013-12-25,85,184,178,178,103,39,33,1,6,3,10,3,0,0,715,19,20,0.05,35.75,346,0.9,1,1,58,46-60,Very High Income,Inactive,6,Store,0,0,Family Customers
6049,1982,Master,Together,73450.0,0,0,2013-05-12,85,1142,51,415,90,69,37,1,7,8,11,3,0,0,1804,26,27,0.037037037037037035,66.81481481481481,573,1.6,0,0,32,31-45,Very High Income,Inactive,6,Store,1,0,High-Value At-Risk
6605,1944,PhD,Divorced,55614.0,0,0,2013-11-27,85,504,13,131,8,0,26,1,9,4,6,7,0,0,682,19,20,0.05,34.1,374,1.0,0,0,70,60+,High Income,Inactive,5,Web,0,0,Digital Shoppers
11181,1949,PhD,Married,156924.0,0,0,2013-08-29,85,2,1,2,1,1,1,0,0,0,0,0,0,0,8,0,0,0.0,0.0,464,1.3,0,0,65,60+,Very High Income,Inactive,6,No Channel Purchase,0,1,General Customers
5234,1967,2n Cycle,Together,30753.0,1,1,2013-11-07,85,12,5,25,0,9,30,2,1,1,3,5,0,0,81,5,7,0.2857142857142857,11.571428571428571,394,1.1,2,1,47,46-60,Low Income,Inactive,5,Store,0,0,Bargain Hunters
5253,1956,Master,Together,54603.0,1,1,2013-09-07,85,145,13,46,17,2,4,6,4,2,4,7,0,0,227,10,16,0.375,14.1875,455,1.2,2,1,58,46-60,High Income,Inactive,6,Web,0,0,Digital Shoppers
11148,1975,Graduation,Together,22280.0,1,0,2013-05-19,85,2,1,4,3,1,2,1,1,0,2,8,0,0,13,3,4,0.25,3.25,566,1.6,1,1,39,31-45,Low Income,Inactive,6,Store,0,0,Bargain Hunters
6289,1951,Master,Together,59385.0,1,1,2013-04-28,85,135,0,10,0,4,36,2,3,1,4,5,0,0,185,8,10,0.2,18.5,587,1.6,2,1,63,60+,High Income,Inactive,4,Store,0,0,Family Customers
9743,1955,Graduation,Married,76998.0,0,1,2013-11-01,85,1449,89,161,69,35,107,2,11,8,8,6,0,0,1910,27,29,0.06896551724137931,65.86206896551724,400,1.1,1,1,59,46-60,Very High Income,Inactive,6,Web,1,0,High-Value At-Risk
9209,1971,Master,Together,80573.0,0,0,2012-10-14,85,829,138,430,60,92,15,1,4,6,13,2,0,0,1564,23,24,0.041666666666666664,65.16666666666667,783,2.1,0,0,43,31-45,Very High Income,Inactive,6,Store,1,0,High-Value At-Risk
6417,1971,Master,Together,80573.0,0,0,2012-10-14,85,829,138,430,60,92,15,1,4,6,13,2,0,0,1564,23,24,0.041666666666666664,65.16666666666667,783,2.1,0,0,43,31-45,Very High Income,Inactive,6,Store,1,0,High-Value At-Risk
7937,1982,Graduation,Married,24711.0,0,0,2014-04-18,86,10,7,25,6,3,7,1,3,0,3,7,0,0,58,6,7,0.14285714285714285,8.285714285714286,232,0.6,0,0,32,31-45,Low Income,Inactive,6,Web,0,0,Digital Shoppers
6488,1959,PhD,Married,38829.0,0,1,2014-06-04,86,76,0,7,0,0,16,1,3,2,2,5,0,0,99,7,8,0.125,12.375,185,0.5,1,1,55,46-60,Mid Income,Inactive,3,Web,0,0,Digital Shoppers
3194,1974,PhD,Single,71466.0,0,0,2014-05-04,86,412,12,546,78,182,0,1,4,4,10,1,0,0,1230,18,19,0.05263157894736842,64.73684210526316,216,0.6,0,0,40,31-45,Very High Income,Inactive,5,Store,1,0,High-Value At-Risk
231,1956,Master,Together,28839.0,1,1,2014-11-03,86,24,0,7,0,0,1,2,2,0,3,5,0,0,32,5,7,0.2857142857142857,4.571428571428571,33,0.1,2,1,58,46-60,Low Income,Inactive,3,Store,0,0,Bargain Hunters
9697,1951,Graduation,Married,53790.0,0,2,2014-06-03,86,335,42,127,28,5,5,3,7,2,8,6,0,0,542,17,20,0.15,27.1,186,0.5,2,1,63,60+,High Income,Inactive,6,Store,0,0,Family Customers
4676,1951,Master,Widow,73705.0,0,2,2014-05-03,86,612,91,520,258,107,107,2,9,6,8,5,0,0,1695,23,25,0.08,67.8,217,0.6,2,1,63,60+,Very High Income,Inactive,6,Web,1,0,High-Value At-Risk
8079,1982,Graduation,Married,22448.0,1,0,2014-02-26,86,3,1,8,23,2,18,3,2,1,3,3,0,0,55,6,9,0.3333333333333333,6.111111111111111,283,0.8,1,1,32,31-45,Low Income,Inactive,6,Store,0,0,Bargain Hunters
10032,1976,Graduation,Divorced,12571.0,1,0,2014-01-18,86,3,5,14,2,12,17,4,3,1,3,6,0,0,53,7,11,0.36363636363636365,4.818181818181818,322,0.9,1,1,38,31-45,Low Income,Inactive,6,Web,0,0,Digital Shoppers
10505,1960,Master,Together,73113.0,0,0,2013-12-26,86,741,19,154,50,9,28,1,3,4,7,2,0,0,1001,14,15,0.06666666666666667,66.73333333333333,345,0.9,0,0,54,46-60,Very High Income,Inactive,6,Store,0,0,General Customers
2005,1990,Graduation,Married,35765.0,1,0,2013-11-12,86,22,3,30,0,5,15,2,2,0,4,6,0,0,75,6,8,0.25,9.375,389,1.1,1,1,24,18-30,Mid Income,Inactive,5,Store,0,0,Bargain Hunters
6940,1966,PhD,Single,46734.0,1,2,2013-10-21,86,100,1,39,6,1,76,4,3,2,3,6,0,0,223,8,12,0.3333333333333333,18.583333333333332,411,1.1,3,1,48,46-60,Mid Income,Inactive,6,Web,0,0,Digital Shoppers
2304,1963,PhD,Together,66313.0,0,1,2013-09-16,86,625,7,99,10,22,7,2,6,3,12,4,0,0,770,21,23,0.08695652173913043,33.47826086956522,446,1.2,1,1,51,46-60,High Income,Inactive,6,Store,0,0,Family Customers
3170,1957,Master,Together,68148.0,0,0,2013-08-31,86,389,66,408,37,57,85,1,4,4,6,2,0,0,1042,14,15,0.06666666666666667,69.46666666666667,462,1.3,0,0,57,46-60,High Income,Inactive,6,Store,0,0,General Customers
10466,1965,Graduation,Married,44393.0,1,1,2013-08-22,86,24,2,20,2,2,10,2,1,0,4,4,0,0,60,5,7,0.2857142857142857,8.571428571428571,471,1.3,2,1,49,46-60,Mid Income,Inactive,6,Store,0,0,Bargain Hunters
7325,1986,PhD,Together,38197.0,1,0,2013-06-29,86,23,0,11,2,1,3,1,1,0,3,5,0,0,40,4,5,0.2,8.0,525,1.4,1,1,28,18-30,Mid Income,Inactive,5,Store,0,0,Family Customers
455,1946,PhD,Married,51012.0,0,0,2013-04-18,86,102,9,63,2,9,24,1,4,1,4,6,0,0,209,9,10,0.1,20.9,597,1.6,0,0,68,60+,Mid Income,Inactive,6,Web,0,0,Digital Shoppers
7592,1946,PhD,Married,51012.0,0,0,2013-04-18,86,102,9,63,2,9,24,1,4,1,4,6,0,0,209,9,10,0.1,20.9,597,1.6,0,0,68,60+,Mid Income,Inactive,6,Web,0,0,Digital Shoppers
4547,1960,Graduation,Together,13672.0,1,1,2013-04-17,86,6,2,9,2,1,5,2,1,0,3,8,0,0,25,4,6,0.3333333333333333,4.166666666666667,598,1.6,2,1,54,46-60,Low Income,Inactive,6,Store,0,0,Bargain Hunters
6825,1953,Graduation,Together,41452.0,1,1,2013-06-03,86,13,0,3,0,0,0,1,1,0,2,7,0,0,16,3,4,0.25,4.0,551,1.5,2,1,61,60+,Mid Income,Inactive,2,Store,0,0,Bargain Hunters
2961,1982,Graduation,Married,42081.0,1,0,2013-02-26,86,175,10,110,54,6,27,2,6,3,4,6,0,0,382,13,15,0.13333333333333333,25.466666666666665,648,1.8,1,1,32,31-45,Mid Income,Inactive,6,Web,0,0,Digital Shoppers
8700,1986,Basic,Single,14906.0,0,0,2012-12-22,86,7,7,14,7,16,15,3,2,1,3,7,0,0,66,6,9,0.3333333333333333,7.333333333333333,714,2.0,0,0,28,18-30,Low Income,Inactive,6,Store,0,0,Bargain Hunters
2278,1985,2n Cycle,Single,33812.0,1,0,2012-03-11,86,4,17,19,30,24,39,2,2,1,3,6,0,0,133,6,8,0.25,16.625,1000,2.7,1,1,29,18-30,Low Income,Inactive,6,Store,0,0,Bargain Hunters
10703,1975,Master,Single,46098.0,1,1,2012-08-18,86,57,0,27,0,0,36,4,3,2,2,8,0,0,120,7,11,0.36363636363636365,10.909090909090908,840,2.3,2,1,39,31-45,Mid Income,Inactive,3,Web,0,0,Digital Shoppers
9,1975,Master,Single,46098.0,1,1,2012-08-18,86,57,0,27,0,0,36,4,3,2,2,8,0,0,120,7,11,0.36363636363636365,10.909090909090908,840,2.3,2,1,39,31-45,Mid Income,Inactive,3,Web,0,0,Digital Shoppers
2804,1975,Master,Single,46098.0,1,1,2012-08-18,86,57,0,27,0,0,36,4,3,2,2,8,1,0,120,7,11,0.36363636363636365,10.909090909090908,840,2.3,2,1,39,31-45,Mid Income,Inactive,3,Web,0,0,Digital Shoppers
4915,1956,2n Cycle,Married,53230.0,0,1,2012-03-08,86,176,72,98,136,21,229,4,5,2,12,5,0,0,732,19,23,0.17391304347826086,31.82608695652174,1003,2.7,1,1,58,46-60,High Income,Inactive,6,Store,0,0,Family Customers
3010,1989,Master,Together,88420.0,0,0,2014-02-05,87,957,153,612,99,95,153,1,4,7,8,1,0,0,2069,19,20,0.05,103.45,304,0.8,0,0,25,18-30,Very High Income,Inactive,6,Store,1,0,High-Value At-Risk
4279,1963,2n Cycle,Single,39548.0,1,1,2014-03-31,87,15,4,10,3,4,18,2,1,1,3,3,0,0,54,5,7,0.2857142857142857,7.714285714285714,250,0.7,2,1,51,46-60,Mid Income,Inactive,6,Store,0,0,Bargain Hunters
2564,1953,Graduation,Together,61278.0,0,1,2014-04-01,87,111,3,28,2,6,15,2,3,1,4,6,0,0,165,8,10,0.2,16.5,249,0.7,1,1,61,60+,High Income,Inactive,6,Store,0,0,Family Customers
1137,1964,Graduation,Single,81246.0,0,0,2013-12-29,87,398,190,537,61,156,37,1,4,5,7,1,0,0,1379,16,17,0.058823529411764705,81.11764705882354,342,0.9,0,0,50,46-60,Very High Income,Inactive,6,Store,1,0,High-Value At-Risk
5084,1975,Graduation,Widow,58330.0,0,1,2013-12-25,87,445,53,213,104,98,151,1,6,4,13,4,0,0,1064,23,24,0.041666666666666664,44.333333333333336,346,0.9,1,1,39,31-45,High Income,Inactive,6,Store,1,0,High-Value At-Risk
7094,1975,Graduation,Widow,58330.0,0,1,2013-12-25,87,445,53,213,104,98,151,1,6,4,13,4,0,0,1064,23,24,0.041666666666666664,44.333333333333336,346,0.9,1,1,39,31-45,High Income,Inactive,6,Store,1,0,High-Value At-Risk
6327,1967,Graduation,Together,65777.0,0,0,2013-12-19,87,565,32,435,28,32,54,1,2,8,6,1,0,0,1146,16,17,0.058823529411764705,67.41176470588235,352,1.0,0,0,47,46-60,High Income,Inactive,6,Catalog,1,0,High-Value At-Risk
6131,1980,2n Cycle,Married,70829.0,1,1,2013-01-12,87,141,70,106,72,19,23,2,4,2,8,3,0,0,431,14,16,0.125,26.9375,693,1.9,2,1,34,31-45,Very High Income,Inactive,6,Store,0,0,Family Customers
5798,1973,Master,Together,51381.5,0,0,2013-11-23,87,445,37,359,98,28,18,1,2,4,8,1,0,0,985,14,15,0.06666666666666667,65.66666666666667,378,1.0,0,0,41,31-45,Mid Income,Inactive,6,Store,0,0,General Customers
10379,1962,Master,Single,59247.0,0,2,2013-08-11,87,327,9,122,19,14,83,5,5,2,9,6,0,0,574,16,21,0.23809523809523808,27.333333333333332,482,1.3,2,1,52,46-60,High Income,Inactive,6,Store,0,0,Family Customers
606,1967,Graduation,Single,25930.0,1,1,2013-10-10,87,6,1,2,2,0,4,1,1,0,2,7,0,0,15,3,4,0.25,3.75,422,1.2,2,1,47,46-60,Low Income,Inactive,5,Store,0,0,Bargain Hunters
7801,1959,Graduation,Together,54753.0,0,1,2013-12-09,87,197,107,227,7,59,131,3,5,2,11,4,0,0,728,18,21,0.14285714285714285,34.666666666666664,362,1.0,1,1,55,46-60,High Income,Inactive,6,Store,0,0,Family Customers
2445,1974,PhD,Together,28440.0,1,0,2013-07-07,87,38,1,24,0,0,0,1,2,0,3,8,0,0,63,5,6,0.16666666666666666,10.5,517,1.4,1,1,40,31-45,Low Income,Inactive,3,Store,0,0,Family Customers
5346,1973,2n Cycle,Married,23559.0,1,0,2013-03-07,87,25,5,19,7,0,23,3,3,0,3,7,0,0,79,6,9,0.3333333333333333,8.777777777777779,639,1.8,1,1,41,31-45,Low Income,Inactive,5,Web,0,0,Digital Shoppers
550,1952,Graduation,Divorced,62335.0,0,1,2013-05-23,87,243,131,217,85,6,26,2,3,3,13,2,0,0,708,19,21,0.09523809523809523,33.714285714285715,562,1.5,1,1,62,60+,High Income,Inactive,6,Store,0,0,Family Customers
4478,1979,Graduation,Married,63777.0,1,1,2013-03-24,87,457,5,106,15,17,53,8,11,1,6,8,0,0,653,18,26,0.3076923076923077,25.115384615384617,622,1.7,2,1,35,31-45,High Income,Inactive,6,Web,0,0,Digital Shoppers
2350,1972,Graduation,Married,59666.0,1,1,2013-03-22,87,623,53,178,23,17,133,7,3,2,8,8,0,0,1027,13,20,0.35,51.35,624,1.7,2,1,42,31-45,High Income,Inactive,6,Store,0,0,Bargain Hunters
1118,1956,Master,Married,50965.0,0,1,2013-02-20,87,544,13,85,8,6,29,3,10,4,5,8,0,0,685,19,22,0.13636363636363635,31.136363636363637,654,1.8,1,1,58,46-60,Mid Income,Inactive,6,Web,0,0,Digital Shoppers
1491,1965,2n Cycle,Together,71488.0,0,0,2013-02-18,87,162,33,124,40,28,172,2,3,4,7,1,0,0,559,14,16,0.125,34.9375,656,1.8,0,0,49,46-60,Very High Income,Inactive,6,Store,0,0,General Customers
4507,1952,Graduation,Single,72228.0,0,0,2012-11-27,87,631,28,491,30,14,56,1,6,7,8,3,0,0,1250,21,22,0.045454545454545456,56.81818181818182,739,2.0,0,0,62,60+,Very High Income,Inactive,6,Store,1,0,High-Value At-Risk
7023,1953,PhD,Single,46231.0,2,1,2012-11-26,87,189,2,55,0,5,12,4,6,1,4,9,0,0,263,11,15,0.26666666666666666,17.533333333333335,740,2.0,3,1,61,60+,Mid Income,Inactive,5,Web,0,0,Digital Shoppers
6977,1974,Graduation,Together,75702.0,0,1,2012-10-14,87,1073,0,629,145,37,37,1,10,5,13,6,0,0,1921,28,29,0.034482758620689655,66.24137931034483,783,2.1,1,1,40,31-45,Very High Income,Inactive,5,Store,1,0,High-Value At-Risk
4042,1971,Graduation,Divorced,43300.0,0,1,2012-10-13,87,91,3,52,2,1,31,3,4,0,4,8,1,0,180,8,11,0.2727272727272727,16.363636363636363,784,2.1,1,1,43,31-45,Mid Income,Inactive,6,Web,0,0,Digital Shoppers
7274,1957,Graduation,Married,78618.0,0,0,2012-09-28,87,736,163,818,212,163,61,1,4,7,10,2,0,0,2153,21,22,0.045454545454545456,97.86363636363636,799,2.2,0,0,57,46-60,Very High Income,Inactive,6,Store,1,0,High-Value At-Risk
2902,1958,Graduation,Together,51381.5,1,1,2012-03-09,87,19,4,12,2,2,6,1,1,0,3,5,0,0,45,4,5,0.2,9.0,1002,2.7,2,1,56,46-60,Mid Income,Inactive,6,Store,0,0,Family Customers
3332,1985,Graduation,Single,29760.0,1,0,2012-08-29,87,64,4,68,7,5,17,4,3,1,4,8,0,0,165,8,12,0.3333333333333333,13.75,829,2.3,1,1,29,18-30,Low Income,Inactive,6,Store,0,0,Bargain Hunters
7433,1985,Graduation,Single,29760.0,1,0,2012-08-29,87,64,4,68,7,5,17,4,3,1,4,8,0,0,165,8,12,0.3333333333333333,13.75,829,2.3,1,1,29,18-30,Low Income,Inactive,6,Store,0,0,Bargain Hunters
9386,1962,Graduation,Together,50127.0,0,1,2014-05-29,88,274,0,21,4,6,15,1,5,1,6,6,0,0,320,12,13,0.07692307692307693,24.615384615384617,191,0.5,1,1,52,46-60,Mid Income,Inactive,5,Store,0,0,Family Customers
5176,1988,Graduation,Together,29604.0,1,0,2013-08-12,88,7,6,13,7,6,14,1,1,0,3,9,0,0,53,4,5,0.2,10.6,481,1.3,1,1,26,18-30,Low Income,Inactive,6,Store,0,0,Family Customers
10323,1952,Graduation,Married,49413.0,0,1,2013-10-25,88,205,7,41,3,2,46,2,4,2,5,5,0,0,304,11,13,0.15384615384615385,23.384615384615383,407,1.1,1,1,62,60+,Mid Income,Inactive,6,Store,0,0,Family Customers
4682,1958,Graduation,Married,51876.0,0,0,2013-10-15,88,99,27,102,28,48,6,1,2,2,8,1,0,0,310,12,13,0.07692307692307693,23.846153846153847,417,1.1,0,0,56,46-60,High Income,Inactive,6,Store,0,0,General Customers
3083,1974,Graduation,Married,45837.0,1,1,2013-07-26,88,215,13,87,17,17,24,5,6,2,5,7,0,0,373,13,18,0.2777777777777778,20.72222222222222,498,1.4,2,1,40,31-45,Mid Income,Inactive,6,Web,0,0,Digital Shoppers
8015,1962,PhD,Divorced,85696.0,0,0,2013-03-05,88,714,76,395,116,0,12,1,4,6,9,1,1,0,1313,19,20,0.05,65.65,641,1.8,0,0,52,46-60,Very High Income,Inactive,5,Store,1,0,High-Value At-Risk
1745,1962,PhD,Divorced,85696.0,0,0,2013-03-05,88,714,76,395,116,0,12,1,4,6,9,1,1,0,1313,19,20,0.05,65.65,641,1.8,0,0,52,46-60,Very High Income,Inactive,5,Store,1,0,High-Value At-Risk
3136,1962,Master,Divorced,59432.0,0,1,2013-04-13,88,317,25,265,25,19,12,3,5,3,11,5,0,0,663,19,22,0.13636363636363635,30.136363636363637,602,1.6,1,1,52,46-60,High Income,Inactive,6,Store,0,0,Family Customers
6991,1951,Graduation,Divorced,43185.0,0,1,2013-10-04,88,537,6,42,16,6,30,2,9,3,6,8,0,0,637,18,20,0.1,31.85,428,1.2,1,1,63,60+,Mid Income,Inactive,6,Web,0,0,Digital Shoppers
8132,1975,PhD,Married,60631.0,1,1,2013-05-04,88,565,6,65,0,6,19,5,9,2,8,7,0,0,661,19,24,0.20833333333333334,27.541666666666668,581,1.6,2,1,39,31-45,High Income,Inactive,5,Web,0,0,Digital Shoppers
503,1985,Master,Married,20559.0,1,0,2013-12-03,88,13,1,29,3,0,7,2,2,0,3,8,0,0,53,5,7,0.2857142857142857,7.571428571428571,368,1.0,1,1,29,18-30,Low Income,Inactive,5,Store,0,0,Bargain Hunters
8148,1956,Master,Together,50898.0,1,1,2013-08-01,88,285,28,242,55,114,135,13,6,2,12,5,0,0,859,20,33,0.3939393939393939,26.03030303030303,492,1.3,2,1,58,46-60,Mid Income,Inactive,6,Store,0,0,Bargain Hunters
2736,1978,Graduation,Married,73807.0,0,1,2013-02-01,88,366,124,156,71,78,54,2,5,5,11,2,0,0,849,21,23,0.08695652173913043,36.91304347826087,673,1.8,1,1,36,31-45,Very High Income,Inactive,6,Store,0,0,Family Customers
8162,1956,Master,Together,14661.0,0,0,2013-01-01,88,4,1,11,6,2,2,1,1,0,3,6,0,0,26,4,5,0.2,5.2,704,1.9,0,0,58,46-60,Low Income,Inactive,6,Store,0,0,General Customers
692,1954,Graduation,Together,36807.0,1,1,2012-12-20,88,4,2,5,0,0,5,1,1,0,2,6,0,0,16,3,4,0.25,4.0,716,2.0,2,1,60,46-60,Mid Income,Inactive,4,Store,0,0,Bargain Hunters
7706,1975,2n Cycle,Together,46772.0,0,1,2012-07-11,88,350,104,189,197,151,57,6,11,8,5,8,0,0,1048,24,30,0.2,34.93333333333333,878,2.4,1,1,39,31-45,Mid Income,Inactive,6,Web,1,0,High-Value At-Risk
9298,1947,PhD,Together,81574.0,0,0,2014-04-28,89,1252,0,465,46,35,0,1,4,5,8,1,0,0,1798,17,18,0.05555555555555555,99.88888888888889,222,0.6,0,0,67,60+,Very High Income,Inactive,4,Store,1,0,High-Value At-Risk
2986,1976,Graduation,Married,30772.0,1,1,2014-12-03,89,7,2,4,2,1,4,1,1,0,2,6,0,0,20,3,4,0.25,5.0,3,0.0,2,1,38,31-45,Low Income,Inactive,6,Store,0,0,Bargain Hunters
10812,1978,PhD,Married,46377.0,1,0,2014-01-03,89,37,0,46,4,3,0,1,2,1,3,4,0,0,90,6,7,0.14285714285714285,12.857142857142858,337,0.9,1,1,36,31-45,Mid Income,Inactive,4,Store,0,0,Family Customers
2909,1974,PhD,Married,78128.0,0,1,2014-02-19,89,934,24,230,16,24,36,2,8,4,6,3,0,0,1264,18,20,0.1,63.2,290,0.8,1,1,40,31-45,Very High Income,Inactive,6,Web,1,0,High-Value At-Risk
6974,1972,PhD,Together,83443.0,0,0,2013-12-31,89,518,42,742,55,56,84,1,6,10,5,2,0,0,1497,21,22,0.045454545454545456,68.04545454545455,340,0.9,0,0,42,31-45,Very High Income,Inactive,6,Catalog,1,0,High-Value At-Risk
9140,1960,2n Cycle,Together,50523.0,1,1,2013-12-25,89,51,4,24,4,7,1,2,2,0,4,6,0,0,91,6,8,0.25,11.375,346,0.9,2,1,54,46-60,Mid Income,Inactive,6,Store,0,0,Bargain Hunters
4554,1965,Graduation,Together,47009.0,0,1,2013-01-10,89,171,45,73,59,10,90,4,3,2,8,4,0,0,448,13,17,0.23529411764705882,26.352941176470587,695,1.9,1,1,49,46-60,Mid Income,Inactive,6,Store,0,0,Family Customers
7791,1967,Master,Married,37054.0,1,1,2013-09-15,89,12,1,6,0,1,5,2,1,0,3,7,0,0,25,4,6,0.3333333333333333,4.166666666666667,447,1.2,2,1,47,46-60,Mid Income,Inactive,5,Store,0,0,Bargain Hunters
5455,1971,PhD,Married,32011.0,1,0,2013-08-22,89,99,0,15,2,1,5,3,2,1,4,7,0,0,122,7,10,0.3,12.2,471,1.3,1,1,43,31-45,Low Income,Inactive,5,Store,0,0,Bargain Hunters
7960,1962,2n Cycle,Together,82122.0,0,0,2013-08-15,89,734,22,350,151,25,100,1,3,9,13,1,0,0,1382,25,26,0.038461538461538464,53.15384615384615,478,1.3,0,0,52,46-60,Very High Income,Inactive,6,Store,1,0,High-Value At-Risk
3426,1975,Graduation,Divorced,70300.0,1,0,2013-07-15,89,1045,61,338,60,46,46,3,5,5,13,8,0,0,1596,23,26,0.11538461538461539,61.38461538461539,509,1.4,1,1,39,31-45,Very High Income,Inactive,6,Store,1,0,High-Value At-Risk
5316,1976,Master,Together,21024.0,0,0,2013-04-07,89,36,4,18,6,2,18,1,2,0,4,7,0,0,84,6,7,0.14285714285714285,12.0,608,1.7,0,0,38,31-45,Low Income,Inactive,6,Store,0,0,General Customers
1404,1968,Graduation,Together,34916.0,2,0,2013-05-15,89,51,23,82,33,0,42,4,5,1,3,9,0,0,231,9,13,0.3076923076923077,17.76923076923077,570,1.6,2,1,46,46-60,Low Income,Inactive,5,Web,0,0,Digital Shoppers
10598,1967,Graduation,Together,27943.0,1,1,2013-04-15,89,12,1,16,4,1,3,3,2,0,3,8,0,0,37,5,8,0.375,4.625,600,1.6,2,1,47,46-60,Low Income,Inactive,6,Store,0,0,Bargain Hunters
8212,1971,Master,Married,39791.0,0,1,2013-03-28,89,85,15,27,13,13,21,2,3,1,4,7,0,0,174,8,10,0.2,17.4,618,1.7,1,1,43,31-45,Mid Income,Inactive,6,Store,0,0,Family Customers
3233,1965,PhD,Married,62745.0,0,1,2013-03-23,89,562,21,464,28,10,32,3,7,8,11,5,0,0,1117,26,29,0.10344827586206896,38.51724137931034,623,1.7,1,1,49,46-60,High Income,Inactive,6,Store,1,0,High-Value At-Risk
7892,1969,Graduation,Single,18589.0,0,0,2013-02-01,89,6,4,25,15,12,13,2,2,1,3,7,0,0,75,6,8,0.25,9.375,673,1.8,0,0,45,31-45,Low Income,Inactive,6,Store,0,0,Bargain Hunters
2975,1976,Graduation,Together,85606.0,0,1,2012-12-11,89,717,42,864,219,30,84,2,6,7,9,3,0,0,1956,22,24,0.08333333333333333,81.5,725,2.0,1,1,38,31-45,Very High Income,Inactive,6,Store,1,0,High-Value At-Risk
5043,1951,Basic,Married,26997.0,0,0,2012-05-11,89,7,23,78,133,49,144,2,4,2,5,7,0,0,434,11,13,0.15384615384615385,33.38461538461539,939,2.6,0,0,63,60+,Low Income,Inactive,6,Store,0,0,General Customers
3104,1961,Graduation,Single,82332.0,0,0,2012-09-17,89,830,59,968,51,79,19,1,5,3,12,2,1,0,2006,20,21,0.047619047619047616,95.52380952380952,810,2.2,0,0,53,46-60,Very High Income,Inactive,6,Store,1,0,High-Value At-Risk
10854,1970,PhD,Married,38853.0,1,1,2014-05-23,90,29,0,14,0,0,2,2,2,0,3,7,0,0,45,5,7,0.2857142857142857,6.428571428571429,197,0.5,2,1,44,31-45,Mid Income,Inactive,3,Store,0,0,Bargain Hunters
7419,1968,Master,Divorced,27071.0,1,0,2014-04-23,90,8,3,19,0,2,3,2,2,0,3,6,0,0,35,5,7,0.2857142857142857,5.0,227,0.6,1,1,46,46-60,Low Income,Inactive,5,Store,0,0,Bargain Hunters
5558,1954,PhD,Single,90933.0,0,0,2014-03-31,90,1020,31,430,62,63,79,1,4,6,4,1,0,0,1685,14,15,0.06666666666666667,112.33333333333333,250,0.7,0,0,60,46-60,Very High Income,Inactive,6,Catalog,1,0,High-Value At-Risk
832,1966,PhD,Together,65814.0,0,1,2014-02-03,90,561,14,113,10,14,35,3,8,2,10,5,0,0,747,20,23,0.13043478260869565,32.47826086956522,306,0.8,1,1,48,46-60,High Income,Inactive,6,Store,0,0,Family Customers
4964,1958,PhD,Together,74250.0,0,0,2014-01-26,90,680,11,392,75,0,0,1,2,11,4,1,0,0,1158,17,18,0.05555555555555555,64.33333333333333,314,0.9,0,0,56,46-60,Very High Income,Inactive,4,Catalog,1,0,High-Value At-Risk
11030,1976,Master,Married,33181.0,1,0,2014-03-01,90,9,0,3,0,0,4,1,1,0,2,6,0,0,16,3,4,0.25,4.0,280,0.8,1,1,38,31-45,Low Income,Inactive,3,Store,0,0,Bargain Hunters
4587,1944,Master,Widow,45006.0,0,0,2013-07-18,90,162,25,53,16,0,10,1,3,1,7,3,0,0,266,11,12,0.08333333333333333,22.166666666666668,506,1.4,0,0,70,60+,Mid Income,Inactive,5,Store,0,0,General Customers
450,1958,Master,Together,42315.0,0,1,2013-12-07,90,67,15,80,17,11,80,3,1,4,4,3,0,0,270,9,12,0.25,22.5,364,1.0,1,1,56,46-60,Mid Income,Inactive,6,Catalog,0,0,Catalog Shoppers
11031,1950,PhD,Married,48699.0,1,1,2013-05-21,90,26,1,10,2,0,1,1,1,0,3,5,0,0,40,4,5,0.2,8.0,564,1.5,2,1,64,60+,Mid Income,Inactive,5,Store,0,0,Family Customers
4990,1954,Graduation,Married,59111.0,0,0,2013-02-05,90,524,0,134,28,28,155,1,11,1,8,7,0,0,869,20,21,0.047619047619047616,41.38095238095238,669,1.8,0,0,60,46-60,High Income,Inactive,5,Web,0,0,Digital Shoppers
221,1955,Graduation,Married,48726.0,0,1,2013-04-27,90,138,3,38,4,0,59,3,3,2,4,6,0,0,242,9,12,0.25,20.166666666666668,588,1.6,1,1,59,46-60,Mid Income,Inactive,5,Store,0,0,Bargain Hunters
4351,1955,Graduation,Divorced,37244.0,1,1,2013-04-27,90,18,2,10,0,0,25,1,1,1,2,7,0,0,55,4,5,0.2,11.0,588,1.6,2,1,59,46-60,Mid Income,Inactive,4,Store,0,0,Family Customers
1357,1970,Graduation,Together,74854.0,1,2,2013-08-04,90,856,59,487,58,29,73,7,2,5,5,5,0,0,1562,12,19,0.3684210526315789,82.21052631578948,489,1.3,3,1,44,31-45,Very High Income,Inactive,6,Catalog,1,0,High-Value At-Risk
5667,1964,PhD,Married,60896.0,0,1,2012-11-10,90,1013,30,399,60,46,153,3,9,10,4,6,1,0,1701,23,26,0.11538461538461539,65.42307692307692,756,2.1,1,1,50,46-60,High Income,Inactive,6,Catalog,1,0,High-Value At-Risk
8867,1988,PhD,Married,67546.0,0,0,2012-08-31,90,864,134,768,150,38,172,1,4,10,5,3,0,0,2126,19,20,0.05,106.3,827,2.3,0,0,26,18-30,High Income,Inactive,6,Catalog,1,0,High-Value At-Risk
2747,1988,PhD,Married,67546.0,0,0,2012-08-31,90,864,134,768,150,38,172,1,4,10,5,3,0,0,2126,19,20,0.05,106.3,827,2.3,0,0,26,18-30,High Income,Inactive,6,Catalog,1,0,High-Value At-Risk
7422,1987,Graduation,Single,46923.0,1,0,2012-08-22,90,85,44,54,102,78,6,3,5,1,7,7,0,0,369,13,16,0.1875,23.0625,836,2.3,1,1,27,18-30,Mid Income,Inactive,6,Store,0,0,Family Customers
4148,1972,Graduation,Married,38988.0,1,2,2012-08-20,90,164,24,103,12,3,42,7,5,1,6,8,0,0,348,12,19,0.3684210526315789,18.31578947368421,838,2.3,3,1,42,31-45,Mid Income,Inactive,6,Store,0,0,Bargain Hunters
9516,1971,2n Cycle,Divorced,49118.0,0,0,2012-08-18,90,620,54,239,99,98,119,2,9,7,10,7,1,0,1229,26,28,0.07142857142857142,43.892857142857146,840,2.3,0,0,43,31-45,Mid Income,Inactive,6,Store,1,0,High-Value At-Risk
1291,1978,PhD,Together,27683.0,1,0,2012-04-08,90,152,9,121,12,12,45,4,6,2,4,8,0,0,351,12,16,0.25,21.9375,972,2.7,1,1,36,31-45,Low Income,Inactive,6,Web,0,0,Digital Shoppers
1833,1974,PhD,Single,39190.0,1,0,2014-04-26,91,68,8,18,19,8,12,2,2,1,4,5,0,0,133,7,9,0.2222222222222222,14.777777777777779,224,0.6,1,1,40,31-45,Mid Income,Dormant,6,Store,0,0,Dormant Customers
7270,1981,Graduation,Divorced,56981.0,0,0,2014-01-25,91,908,48,217,32,12,24,1,2,3,13,6,0,0,1241,18,19,0.05263157894736842,65.3157894736842,315,0.9,0,0,33,31-45,High Income,Dormant,6,Store,1,0,High-Value At-Risk
8182,1984,Graduation,Married,23228.0,1,0,2014-05-01,91,53,3,49,7,4,5,4,3,0,4,8,0,0,121,7,11,0.36363636363636365,11.0,219,0.6,1,1,30,18-30,Low Income,Dormant,6,Store,0,0,Bargain Hunters
10394,1984,Graduation,Married,90000.0,0,0,2013-12-23,91,675,144,133,94,192,241,1,4,8,5,1,0,0,1479,17,18,0.05555555555555555,82.16666666666667,348,1.0,0,0,30,18-30,Very High Income,Dormant,6,Catalog,1,0,High-Value At-Risk
1142,1953,PhD,Married,55707.0,0,1,2013-12-22,91,208,7,82,30,66,35,2,3,2,9,3,0,0,428,14,16,0.125,26.75,349,1.0,1,1,61,60+,High Income,Dormant,6,Store,0,0,Dormant Customers
451,1989,Graduation,Single,9255.0,1,0,2013-12-20,91,9,0,7,2,0,4,1,1,1,2,8,0,0,22,4,5,0.2,4.4,351,1.0,1,1,25,18-30,Low Income,Dormant,4,Store,0,0,Dormant Customers
7128,1977,PhD,Single,42997.0,1,1,2013-07-12,91,4,0,5,0,1,5,1,1,0,2,7,0,0,15,3,4,0.25,3.75,512,1.4,2,1,37,31-45,Mid Income,Dormant,4,Store,0,0,Bargain Hunters
10678,1959,Graduation,Together,71232.0,0,1,2013-11-28,91,653,17,170,34,26,17,2,11,2,10,7,0,0,917,23,25,0.08,36.68,373,1.0,1,1,55,46-60,Very High Income,Dormant,6,Web,0,0,Digital Shoppers
7755,1954,PhD,Married,57744.0,0,1,2013-12-11,91,350,3,39,0,0,19,2,9,1,4,8,0,0,411,14,16,0.125,25.6875,360,1.0,1,1,60,46-60,High Income,Dormant,4,Web,0,0,Digital Shoppers
4754,1966,Master,Married,33585.0,0,1,2013-09-25,91,30,11,33,13,6,29,1,2,0,4,4,0,0,122,6,7,0.14285714285714285,17.428571428571427,437,1.2,1,1,48,46-60,Low Income,Dormant,6,Store,0,0,Dormant Customers
20,1965,2n Cycle,Married,46891.0,0,1,2013-01-09,91,43,12,23,29,15,61,1,2,1,4,4,0,0,183,7,8,0.125,22.875,696,1.9,1,1,49,46-60,Mid Income,Dormant,6,Store,0,0,Dormant Customers
2246,1965,2n Cycle,Married,46891.0,0,1,2013-01-09,91,43,12,23,29,15,61,1,2,1,4,4,0,0,183,7,8,0.125,22.875,696,1.9,1,1,49,46-60,Mid Income,Dormant,6,Store,0,0,Dormant Customers
10307,1956,Graduation,Married,50387.0,0,2,2013-08-31,91,369,9,87,12,14,34,3,6,2,8,5,0,0,525,16,19,0.15789473684210525,27.63157894736842,462,1.3,2,1,58,46-60,Mid Income,Dormant,6,Store,0,0,Dormant Customers
2147,1969,Graduation,Together,76653.0,0,0,2013-08-16,91,736,63,946,219,189,126,1,4,7,11,2,0,0,2279,22,23,0.043478260869565216,99.08695652173913,477,1.3,0,0,45,31-45,Very High Income,Dormant,6,Store,1,0,High-Value At-Risk
10590,1956,PhD,Together,76542.0,0,0,2013-03-30,91,794,73,573,0,29,14,1,4,8,10,2,0,0,1483,22,23,0.043478260869565216,64.47826086956522,616,1.7,0,0,58,46-60,Very High Income,Dormant,5,Store,1,0,High-Value At-Risk
6565,1949,Master,Married,76995.0,0,1,2013-03-28,91,1012,80,498,0,16,176,2,11,4,9,5,0,0,1782,24,26,0.07692307692307693,68.53846153846153,618,1.7,1,1,65,60+,Very High Income,Dormant,5,Web,1,0,High-Value At-Risk
6619,1978,Graduation,Married,38415.0,1,1,2013-02-01,91,22,1,13,4,0,4,2,1,0,3,7,0,0,44,4,6,0.3333333333333333,7.333333333333333,673,1.8,2,1,36,31-45,Mid Income,Dormant,5,Store,0,0,Bargain Hunters
4817,1956,Graduation,Divorced,22304.0,0,0,2012-04-08,91,3,2,7,0,4,2,1,1,0,2,8,0,0,18,3,4,0.25,4.5,972,2.7,0,0,58,46-60,Low Income,Dormant,5,Store,0,0,Bargain Hunters
4508,1952,Graduation,Single,75127.0,0,0,2014-05-22,92,203,35,305,46,17,227,1,2,11,5,1,0,0,833,18,19,0.05263157894736842,43.8421052631579,198,0.5,0,0,62,60+,Very High Income,Dormant,6,Catalog,0,0,Catalog Shoppers
4843,1952,Graduation,Single,75127.0,0,0,2014-05-22,92,203,35,305,46,17,227,1,2,11,5,1,0,0,833,18,19,0.05263157894736842,43.8421052631579,198,0.5,0,0,62,60+,Very High Income,Dormant,6,Catalog,0,0,Catalog Shoppers
9197,1953,Graduation,Married,39722.0,0,1,2014-02-24,92,32,0,5,2,0,8,2,2,0,3,5,0,0,47,5,7,0.2857142857142857,6.714285714285714,285,0.8,1,1,61,60+,Mid Income,Dormant,4,Store,0,0,Bargain Hunters
6237,1966,PhD,Single,7144.0,0,2,2013-07-12,92,81,4,33,5,2,291,0,23,1,1,0,0,0,416,25,25,0.0,16.64,512,1.4,2,1,48,46-60,Low Income,Dormant,6,Web,0,0,Digital Shoppers
6515,1977,Graduation,Together,39771.0,1,0,2013-06-12,92,6,2,18,2,8,14,1,2,0,3,4,0,0,50,5,6,0.16666666666666666,8.333333333333334,542,1.5,1,1,37,31-45,Mid Income,Dormant,6,Store,0,0,Dormant Customers
5954,1972,Master,Divorced,42618.0,1,0,2013-09-10,92,76,14,74,13,5,10,2,5,0,4,8,0,0,192,9,11,0.18181818181818182,17.454545454545453,452,1.2,1,1,42,31-45,Mid Income,Dormant,6,Web,0,0,Digital Shoppers
7938,1958,PhD,Together,51518.0,0,1,2013-03-10,92,350,8,66,17,4,4,2,3,2,10,3,0,0,449,15,17,0.11764705882352941,26.41176470588235,636,1.7,1,1,56,46-60,High Income,Dormant,6,Store,0,0,Dormant Customers
961,1972,Graduation,Married,74716.0,0,1,2013-12-09,92,133,27,421,13,195,71,2,7,3,5,4,0,0,860,15,17,0.11764705882352941,50.588235294117645,362,1.0,1,1,42,31-45,Very High Income,Dormant,6,Web,0,0,Digital Shoppers
1764,1975,Graduation,Single,33955.0,1,0,2013-09-08,92,100,2,128,23,7,10,4,5,1,5,8,0,0,270,11,15,0.26666666666666666,18.0,454,1.2,1,1,39,31-45,Low Income,Dormant,6,Web,0,0,Digital Shoppers
1916,1954,Master,Married,45736.0,0,1,2013-07-24,92,188,3,180,20,3,43,5,7,1,6,7,0,0,437,14,19,0.2631578947368421,23.0,500,1.4,1,1,60,46-60,Mid Income,Dormant,6,Web,0,0,Digital Shoppers
6941,1971,Graduation,Single,31632.0,0,0,2013-07-14,92,17,8,12,11,15,32,1,2,1,2,7,0,0,95,5,6,0.16666666666666666,15.833333333333334,510,1.4,0,0,43,31-45,Low Income,Dormant,6,Web,0,0,Digital Shoppers
5562,1974,Graduation,Married,60093.0,0,1,2013-06-26,92,502,12,109,16,6,90,2,7,2,10,6,0,0,735,19,21,0.09523809523809523,35.0,528,1.4,1,1,40,31-45,High Income,Dormant,6,Store,0,0,Dormant Customers
1517,1969,Graduation,Single,30822.0,1,0,2013-06-14,92,3,9,13,2,12,12,1,1,0,3,7,0,0,51,4,5,0.2,10.2,540,1.5,1,1,45,31-45,Low Income,Dormant,6,Store,0,0,Dormant Customers
7286,1968,Graduation,Together,41728.0,1,0,2013-05-24,92,13,6,15,3,5,13,1,2,0,2,10,0,0,55,4,5,0.2,11.0,561,1.5,1,1,46,46-60,Mid Income,Dormant,6,Web,0,0,Digital Shoppers
4687,1958,Master,Married,80739.0,0,0,2013-05-23,92,674,92,736,39,0,92,1,3,11,9,1,0,0,1633,23,24,0.041666666666666664,68.04166666666667,562,1.5,0,0,56,46-60,Very High Income,Dormant,5,Catalog,1,0,High-Value At-Risk
5631,1991,Graduation,Single,49767.0,0,0,2013-02-05,92,202,47,197,55,42,149,1,5,4,8,4,0,0,692,17,18,0.05555555555555555,38.44444444444444,669,1.8,0,0,23,18-30,Mid Income,Dormant,6,Store,0,0,Dormant Customers
1951,1981,Basic,Married,34445.0,0,0,2013-01-27,92,228,122,122,208,129,30,6,11,2,8,9,0,0,839,21,27,0.2222222222222222,31.074074074074073,678,1.9,0,0,33,31-45,Low Income,Dormant,6,Web,0,0,Digital Shoppers
123,1951,Graduation,Widow,67046.0,0,1,2013-06-01,92,544,35,133,23,151,107,2,4,5,4,2,0,0,993,13,15,0.13333333333333333,66.2,553,1.5,1,1,63,60+,High Income,Dormant,6,Catalog,0,0,Catalog Shoppers
9451,1965,Graduation,Married,73538.0,0,1,2012-11-25,92,811,76,428,99,137,107,3,10,4,9,7,0,0,1658,23,26,0.11538461538461539,63.76923076923077,741,2.0,1,1,49,46-60,Very High Income,Dormant,6,Web,1,0,High-Value At-Risk
7396,1966,Graduation,Married,80398.0,0,0,2012-10-11,92,342,51,936,207,35,26,1,5,8,12,3,0,0,1597,25,26,0.038461538461538464,61.42307692307692,786,2.2,0,0,48,46-60,Very High Income,Dormant,6,Store,1,0,High-Value At-Risk
3298,1956,Master,Married,52973.0,0,1,2012-08-11,92,856,0,76,12,9,199,7,9,6,9,8,0,0,1152,24,31,0.22580645161290322,37.16129032258065,847,2.3,1,1,58,46-60,High Income,Dormant,5,Web,1,0,High-Value At-Risk
6730,1954,Graduation,Married,38998.0,1,1,2012-03-11,92,34,1,14,0,0,5,3,2,0,3,8,0,1,54,5,8,0.375,6.75,1000,2.7,2,1,60,46-60,Mid Income,Dormant,4,Store,0,0,Bargain Hunters
9916,1954,Graduation,Married,38998.0,1,1,2012-03-11,92,34,1,14,0,0,5,3,2,0,3,8,0,1,54,5,8,0.375,6.75,1000,2.7,2,1,60,46-60,Mid Income,Dormant,4,Store,0,0,Bargain Hunters
2227,1958,2n Cycle,Together,26490.0,0,0,2012-09-22,92,45,47,52,21,20,25,2,3,1,5,6,0,0,210,9,11,0.18181818181818182,19.09090909090909,805,2.2,0,0,56,46-60,Low Income,Dormant,6,Store,0,0,Dormant Customers
946,1958,2n Cycle,Together,26490.0,0,0,2012-09-22,92,45,47,52,21,20,25,2,3,1,5,6,0,0,210,9,11,0.18181818181818182,19.09090909090909,805,2.2,0,0,56,46-60,Low Income,Dormant,6,Store,0,0,Dormant Customers
3745,1988,2n Cycle,Married,23331.0,1,0,2012-04-09,92,5,36,7,0,10,45,2,3,0,3,8,0,0,103,6,8,0.25,12.875,971,2.7,1,1,26,18-30,Low Income,Dormant,5,Web,0,0,Digital Shoppers
4094,1961,Graduation,Married,60544.0,1,1,2012-08-25,92,201,2,43,3,5,35,4,5,1,5,6,0,0,289,11,15,0.26666666666666666,19.266666666666666,833,2.3,2,1,53,46-60,High Income,Dormant,6,Web,0,0,Digital Shoppers
8588,1961,Graduation,Married,60544.0,1,1,2012-08-25,92,201,2,43,3,5,35,4,5,1,5,6,0,0,289,11,15,0.26666666666666666,19.266666666666666,833,2.3,2,1,53,46-60,High Income,Dormant,6,Web,0,0,Digital Shoppers
3916,1971,PhD,Together,49269.0,1,0,2012-08-15,92,639,8,166,11,8,58,3,7,3,12,7,0,0,890,22,25,0.12,35.6,843,2.3,1,1,43,31-45,Mid Income,Dormant,6,Store,0,0,Dormant Customers
9135,1950,Graduation,Together,27203.0,1,1,2012-06-08,92,13,2,21,4,0,24,2,1,1,2,8,0,0,64,4,6,0.3333333333333333,10.666666666666666,911,2.5,2,1,64,60+,Low Income,Dormant,5,Store,0,0,Bargain Hunters
1755,1988,2n Cycle,Together,45204.0,1,0,2014-11-04,93,30,11,25,29,1,18,1,1,1,4,3,0,0,114,6,7,0.14285714285714285,16.285714285714285,32,0.1,1,1,26,18-30,Mid Income,Dormant,6,Store,0,0,Dormant Customers
2875,1978,Graduation,Married,67023.0,0,0,2014-04-03,93,444,44,382,11,8,17,1,3,7,13,2,0,1,906,23,24,0.041666666666666664,37.75,247,0.7,0,0,36,31-45,High Income,Dormant,6,Store,0,0,Dormant Customers
2008,1978,Graduation,Married,77583.0,0,0,2014-10-02,93,372,23,384,250,12,108,1,4,5,9,2,0,0,1149,18,19,0.05263157894736842,60.473684210526315,65,0.2,0,0,36,31-45,Very High Income,Dormant,6,Store,1,0,High-Value At-Risk
10925,1983,Graduation,Married,76630.0,0,0,2014-01-14,93,255,31,446,40,56,175,1,3,10,11,1,0,0,1003,24,25,0.04,40.12,326,0.9,0,0,31,31-45,Very High Income,Dormant,6,Store,0,0,Dormant Customers
1604,1960,Master,Married,47353.0,0,1,2013-11-13,93,184,2,19,8,8,4,3,2,2,6,5,0,0,225,10,13,0.23076923076923078,17.307692307692307,388,1.1,1,1,54,46-60,Mid Income,Dormant,6,Store,0,0,Dormant Customers
5389,1964,Graduation,Married,48920.0,0,2,2013-10-20,93,238,17,68,8,10,6,3,6,2,5,7,0,0,347,13,16,0.1875,21.6875,412,1.1,2,1,50,46-60,Mid Income,Dormant,6,Web,0,0,Digital Shoppers
2878,1947,PhD,Married,67472.0,0,1,2013-09-28,93,162,31,127,8,17,69,2,4,2,7,3,0,0,414,13,15,0.13333333333333333,27.6,434,1.2,1,1,67,60+,High Income,Dormant,6,Store,0,0,Dormant Customers
4440,1964,Master,Married,64100.0,0,1,2013-10-09,93,509,0,27,0,0,10,1,8,3,6,7,0,0,546,17,18,0.05555555555555555,30.333333333333332,423,1.2,1,1,50,46-60,High Income,Dormant,3,Web,0,0,Digital Shoppers
1324,1988,Graduation,Married,38872.0,1,0,2013-05-30,93,23,3,21,3,19,22,2,3,0,3,8,0,0,91,6,8,0.25,11.375,555,1.5,1,1,26,18-30,Mid Income,Dormant,6,Web,0,0,Digital Shoppers
6262,1962,Master,Single,72217.0,0,0,2013-10-04,93,816,42,450,55,56,154,1,3,10,8,2,0,0,1573,21,22,0.045454545454545456,71.5,428,1.2,0,0,52,46-60,Very High Income,Dormant,6,Catalog,1,0,High-Value At-Risk
3628,1987,Basic,Single,15038.0,1,0,2013-01-29,93,4,8,11,19,12,26,2,2,1,2,9,0,0,80,5,7,0.2857142857142857,11.428571428571429,676,1.9,1,1,27,18-30,Low Income,Dormant,6,Web,0,0,Digital Shoppers
3641,1976,Graduation,Married,13624.0,1,0,2013-01-20,93,10,2,15,2,1,6,2,2,0,3,6,0,0,36,5,7,0.2857142857142857,5.142857142857143,685,1.9,1,1,38,31-45,Low Income,Dormant,6,Store,0,0,Bargain Hunters
322,1978,Graduation,Together,42554.0,1,1,2013-12-01,93,29,1,11,0,0,0,2,2,0,3,4,0,0,41,5,7,0.2857142857142857,5.857142857142857,370,1.0,2,1,36,31-45,Mid Income,Dormant,3,Store,0,0,Bargain Hunters
175,1986,Graduation,Married,71952.0,1,0,2013-10-01,93,656,80,455,52,107,93,2,8,4,8,4,0,0,1443,20,22,0.09090909090909091,65.5909090909091,431,1.2,1,1,28,18-30,Very High Income,Dormant,6,Web,1,0,High-Value At-Risk
6988,1986,Graduation,Married,71952.0,1,0,2013-10-01,93,656,80,455,52,107,93,2,8,4,8,4,0,0,1443,20,22,0.09090909090909091,65.5909090909091,431,1.2,1,1,28,18-30,Very High Income,Dormant,6,Web,1,0,High-Value At-Risk
8204,1971,2n Cycle,Married,78041.0,0,0,2012-12-16,93,482,35,553,72,160,17,1,4,4,9,2,0,0,1319,17,18,0.05555555555555555,73.27777777777777,720,2.0,0,0,43,31-45,Very High Income,Dormant,6,Store,1,0,High-Value At-Risk
7476,1964,Master,Single,63972.0,0,1,2012-02-12,93,928,63,254,0,12,12,4,5,4,10,4,0,0,1269,19,23,0.17391304347826086,55.17391304347826,1028,2.8,1,1,50,46-60,High Income,Dormant,5,Store,1,0,High-Value At-Risk
5221,1957,Graduation,Married,52852.0,0,1,2012-01-12,93,714,8,99,11,0,47,4,10,7,5,8,0,0,879,22,26,0.15384615384615385,33.80769230769231,1059,2.9,1,1,57,46-60,High Income,Dormant,5,Web,0,0,Digital Shoppers
8970,1972,PhD,Married,62010.0,0,1,2012-10-23,93,371,22,39,6,0,92,4,6,2,7,5,0,0,530,15,19,0.21052631578947367,27.894736842105264,774,2.1,1,1,42,31-45,High Income,Dormant,5,Store,0,0,Dormant Customers
9286,1960,Master,Together,83151.0,0,0,2012-10-10,93,407,28,100,120,74,18,1,5,9,4,3,0,0,747,18,19,0.05263157894736842,39.31578947368421,787,2.2,0,0,54,46-60,Very High Income,Dormant,6,Catalog,0,0,Catalog Shoppers
5831,1967,Graduation,Married,77870.0,0,1,2012-08-22,93,1017,50,500,65,50,133,3,5,5,5,8,1,0,1815,15,18,0.16666666666666666,100.83333333333333,836,2.3,1,1,47,46-60,Very High Income,Dormant,6,Web,1,0,High-Value At-Risk
1010,1977,Graduation,Together,46931.0,2,1,2014-04-24,94,41,0,17,3,1,16,2,1,1,3,3,0,0,78,5,7,0.2857142857142857,11.142857142857142,226,0.6,3,1,37,31-45,Mid Income,Dormant,5,Store,0,0,Bargain Hunters
11074,1977,Graduation,Single,85072.0,0,0,2014-09-04,94,494,92,391,194,11,241,1,3,4,10,0,0,0,1423,17,18,0.05555555555555555,79.05555555555556,93,0.3,0,0,37,31-45,Very High Income,Dormant,6,Store,1,0,High-Value At-Risk
5896,1987,Master,Married,73395.0,0,0,2014-03-18,94,272,7,80,20,7,11,1,4,4,6,2,0,0,397,14,15,0.06666666666666667,26.466666666666665,263,0.7,0,0,27,18-30,Very High Income,Dormant,6,Store,0,0,Dormant Customers
3515,1952,Graduation,Single,62307.0,0,1,2014-02-17,94,87,13,34,10,6,10,1,4,0,4,5,0,0,160,8,9,0.1111111111111111,17.77777777777778,292,0.8,1,1,62,60+,High Income,Dormant,6,Web,0,0,Digital Shoppers
5324,1981,PhD,Married,58293.0,1,0,2014-01-19,94,173,43,118,46,27,15,5,5,3,6,5,0,0,422,14,19,0.2631578947368421,22.210526315789473,321,0.9,1,1,33,31-45,High Income,Dormant,6,Store,0,0,Bargain Hunters
6534,1974,Graduation,Together,47889.0,1,0,2014-04-01,94,29,0,29,0,5,4,1,2,0,3,5,0,0,67,5,6,0.16666666666666666,11.166666666666666,249,0.7,1,1,40,31-45,Mid Income,Dormant,4,Store,0,0,Dormant Customers
8373,1979,Basic,Together,24594.0,1,0,2013-10-12,94,1,3,6,10,0,9,1,1,0,3,5,0,0,29,4,5,0.2,5.8,420,1.2,1,1,35,31-45,Low Income,Dormant,5,Store,0,0,Dormant Customers
3829,1979,Basic,Together,24594.0,1,0,2013-10-12,94,1,3,6,10,0,9,1,1,0,3,5,0,0,29,4,5,0.2,5.8,420,1.2,1,1,35,31-45,Low Income,Dormant,5,Store,0,0,Dormant Customers
4501,1965,Master,Single,69882.0,0,0,2013-10-11,94,292,127,635,132,127,165,1,3,7,9,1,0,0,1478,19,20,0.05,73.9,421,1.2,0,0,49,46-60,Very High Income,Dormant,6,Store,1,0,High-Value At-Risk
4179,1959,Graduation,Together,24221.0,0,0,2013-08-20,94,8,9,9,2,5,22,1,1,1,3,4,0,0,55,5,6,0.16666666666666666,9.166666666666666,473,1.3,0,0,55,46-60,Low Income,Dormant,6,Store,0,0,Dormant Customers
2292,1985,Graduation,Single,22327.0,1,0,2013-02-08,94,5,4,8,2,0,5,1,1,0,3,5,0,0,24,4,5,0.2,4.8,666,1.8,1,1,29,18-30,Low Income,Dormant,5,Store,0,0,Dormant Customers
9239,1961,Master,Married,61923.0,0,2,2013-07-26,94,92,4,18,3,3,6,1,2,1,4,3,0,0,126,7,8,0.125,15.75,498,1.4,2,1,53,46-60,High Income,Dormant,6,Store,0,0,Dormant Customers
8953,1965,Master,Single,35791.0,2,1,2013-06-05,94,27,0,5,0,0,3,2,1,0,3,8,0,0,35,4,6,0.3333333333333333,5.833333333333333,549,1.5,3,1,49,46-60,Mid Income,Dormant,3,Store,0,0,Bargain Hunters
10258,1965,Master,Single,35791.0,2,1,2013-06-05,94,27,0,5,0,0,3,2,1,0,3,8,0,0,35,4,6,0.3333333333333333,5.833333333333333,549,1.5,3,1,49,46-60,Mid Income,Dormant,3,Store,0,0,Bargain Hunters
3520,1990,Master,Single,91172.0,0,0,2013-03-27,94,162,28,818,0,28,56,0,4,3,7,3,1,0,1092,14,14,0.0,78.0,619,1.7,0,0,24,18-30,Very High Income,Dormant,5,Store,1,0,High-Value At-Risk
10402,1967,Graduation,Married,35441.0,1,1,2013-02-14,94,25,1,9,2,1,1,2,1,0,3,8,0,0,39,4,6,0.3333333333333333,6.5,660,1.8,2,1,47,46-60,Low Income,Dormant,6,Store,0,0,Bargain Hunters
11114,1970,Graduation,Together,19656.0,1,0,2013-08-02,94,25,4,9,6,8,32,3,2,1,3,7,0,0,84,6,9,0.3333333333333333,9.333333333333334,491,1.3,1,1,44,31-45,Low Income,Dormant,6,Store,0,0,Bargain Hunters
9553,1987,Graduation,Married,7500.0,0,0,2013-09-01,94,0,2,3,4,1,5,1,0,0,3,6,0,0,15,3,4,0.25,3.75,461,1.3,0,0,27,18-30,Low Income,Dormant,5,Store,0,0,Bargain Hunters
6055,1979,Graduation,Married,71626.0,0,0,2012-01-11,94,546,72,376,94,145,72,1,5,5,8,3,0,0,1305,18,19,0.05263157894736842,68.6842105263158,1060,2.9,0,0,35,31-45,Very High Income,Dormant,6,Store,1,0,High-Value At-Risk
4786,1977,Graduation,Married,75330.0,1,1,2012-04-10,94,555,82,257,93,61,61,4,10,3,12,6,0,0,1109,25,29,0.13793103448275862,38.241379310344826,970,2.7,2,1,37,31-45,Very High Income,Dormant,6,Store,1,0,High-Value At-Risk
5015,1976,Master,Married,34529.0,1,0,2012-09-14,94,68,6,38,3,6,41,2,2,2,3,7,0,0,162,7,9,0.2222222222222222,18.0,813,2.2,1,1,38,31-45,Low Income,Dormant,6,Store,0,0,Dormant Customers
8560,1992,Graduation,Single,48789.0,0,0,2012-10-09,94,351,16,156,7,5,145,1,6,4,7,6,0,0,680,17,18,0.05555555555555555,37.77777777777778,788,2.2,0,0,22,18-30,Mid Income,Dormant,6,Store,0,0,Dormant Customers
3469,1977,PhD,Divorced,34487.0,1,1,2012-06-09,94,19,18,33,24,1,8,3,3,0,3,9,0,0,103,6,9,0.3333333333333333,11.444444444444445,910,2.5,2,1,37,31-45,Low Income,Dormant,6,Web,0,0,Digital Shoppers
5885,1973,2n Cycle,Married,35688.0,2,1,2012-08-22,94,73,3,90,12,1,32,7,4,1,4,8,0,0,211,9,16,0.4375,13.1875,836,2.3,3,1,41,31-45,Mid Income,Dormant,6,Web,0,0,Digital Shoppers
3310,1973,2n Cycle,Married,35688.0,2,1,2012-08-22,94,73,3,90,12,1,32,7,4,1,4,8,0,0,211,9,16,0.4375,13.1875,836,2.3,3,1,41,31-45,Mid Income,Dormant,6,Web,0,0,Digital Shoppers
2134,1952,Graduation,Single,53700.0,0,1,2012-08-17,94,263,5,233,69,41,83,4,5,5,8,5,0,0,694,18,22,0.18181818181818182,31.545454545454547,841,2.3,1,1,62,60+,High Income,Dormant,6,Store,0,0,Dormant Customers
2532,1987,Master,Single,73454.0,0,0,2014-01-03,95,982,73,351,56,14,175,1,2,4,6,5,0,0,1651,12,13,0.07692307692307693,127.0,337,0.9,0,0,27,18-30,Very High Income,Dormant,6,Store,1,0,High-Value At-Risk
2579,1957,Graduation,Married,71113.0,0,1,2013-12-17,95,495,33,255,11,33,8,4,6,7,9,4,0,0,835,22,26,0.15384615384615385,32.11538461538461,354,1.0,1,1,57,46-60,Very High Income,Dormant,6,Store,0,0,Dormant Customers
3117,1955,Graduation,Single,51381.5,0,1,2013-10-18,95,264,0,21,12,6,147,3,6,1,5,7,0,0,450,12,15,0.2,30.0,414,1.1,1,1,59,46-60,Mid Income,Dormant,5,Web,0,0,Digital Shoppers
5623,1980,Master,Married,31535.0,1,0,2013-09-26,95,15,4,13,0,0,19,1,1,1,2,7,0,0,51,4,5,0.2,10.2,436,1.2,1,1,34,31-45,Low Income,Dormant,4,Store,0,0,Dormant Customers
4789,1953,Graduation,Together,80812.0,0,0,2013-09-17,95,769,22,500,210,143,33,1,4,8,5,2,0,0,1677,17,18,0.05555555555555555,93.16666666666667,445,1.2,0,0,61,60+,Very High Income,Dormant,6,Catalog,1,0,High-Value At-Risk
9523,1982,Graduation,Together,40479.0,1,0,2013-08-17,95,5,0,8,2,0,0,1,0,0,3,4,0,0,15,3,4,0.25,3.75,476,1.3,1,1,32,31-45,Mid Income,Dormant,3,Store,0,0,Bargain Hunters
5268,1960,Graduation,Married,29440.0,1,1,2013-11-08,95,17,8,14,10,4,3,2,1,0,4,7,0,0,56,5,7,0.2857142857142857,8.0,393,1.1,2,1,54,46-60,Low Income,Dormant,6,Store,0,0,Bargain Hunters
1545,1986,Graduation,Married,38508.0,1,0,2013-02-08,95,120,19,206,25,19,54,6,7,2,5,8,0,0,443,14,20,0.3,22.15,666,1.8,1,1,28,18-30,Mid Income,Dormant,6,Web,0,0,Digital Shoppers
2254,1983,Graduation,Married,69520.0,0,0,2013-07-07,95,627,120,414,121,80,93,1,9,6,5,5,0,0,1455,20,21,0.047619047619047616,69.28571428571429,517,1.4,0,0,31,31-45,Very High Income,Dormant,6,Web,1,0,High-Value At-Risk
2661,1964,Graduation,Single,18701.0,1,1,2013-04-06,95,12,4,2,10,6,10,4,2,0,4,5,0,0,44,6,10,0.4,4.4,609,1.7,2,1,50,46-60,Low Income,Dormant,6,Store,0,0,Bargain Hunters
3130,1964,Graduation,Single,18701.0,1,1,2013-04-06,95,12,4,2,10,6,10,4,2,0,4,5,0,0,44,6,10,0.4,4.4,609,1.7,2,1,50,46-60,Low Income,Dormant,6,Store,0,0,Bargain Hunters
5847,1969,Graduation,Divorced,69901.0,0,1,2013-05-29,95,312,21,206,102,92,149,3,7,3,10,5,0,0,882,20,23,0.13043478260869565,38.34782608695652,556,1.5,1,1,45,31-45,Very High Income,Dormant,6,Store,0,0,Dormant Customers
5863,1953,Graduation,Married,47703.0,0,1,2013-05-29,95,359,0,134,13,26,123,4,6,3,8,5,0,0,655,17,21,0.19047619047619047,31.19047619047619,556,1.5,1,1,61,60+,Mid Income,Dormant,5,Store,0,0,Dormant Customers
999,1991,Graduation,Single,86037.0,0,0,2013-02-01,95,490,44,125,29,20,22,1,6,7,11,3,1,0,730,24,25,0.04,29.2,673,1.8,0,0,23,18-30,Very High Income,Dormant,6,Store,0,0,Dormant Customers
2931,1978,Graduation,Divorced,71847.0,0,0,2012-09-21,95,737,21,106,55,63,210,0,6,7,9,3,0,0,1192,22,22,0.0,54.18181818181818,806,2.2,0,0,36,31-45,Very High Income,Dormant,6,Store,1,0,High-Value At-Risk
1890,1971,2n Cycle,Together,42033.0,1,1,2012-09-19,95,11,1,4,2,0,7,1,1,0,2,7,0,0,25,3,4,0.25,6.25,808,2.2,2,1,43,31-45,Mid Income,Dormant,5,Store,0,0,Bargain Hunters
5589,1964,Graduation,Divorced,51983.0,0,1,2012-08-31,95,631,0,115,10,7,30,3,9,2,10,7,0,0,793,21,24,0.125,33.041666666666664,827,2.3,1,1,50,46-60,High Income,Dormant,5,Store,0,0,Dormant Customers
10172,1988,Graduation,Single,68655.0,0,0,2012-10-08,95,456,19,832,75,118,38,1,4,5,11,3,0,0,1538,20,21,0.047619047619047616,73.23809523809524,789,2.2,0,0,26,18-30,Very High Income,Dormant,6,Store,1,0,High-Value At-Risk
6729,1988,Graduation,Single,68655.0,0,0,2012-10-08,95,456,19,832,75,118,38,1,4,5,11,3,0,0,1538,20,21,0.047619047619047616,73.23809523809524,789,2.2,0,0,26,18-30,Very High Income,Dormant,6,Store,1,0,High-Value At-Risk
10492,1959,Graduation,Together,38285.0,2,1,2014-06-24,96,2,0,5,2,0,1,1,0,0,3,2,0,0,10,3,4,0.25,2.5,165,0.5,3,1,55,46-60,Mid Income,Dormant,4,Store,0,0,Bargain Hunters
2939,1970,Master,Together,79419.0,0,0,2014-06-22,96,751,127,687,20,15,31,1,4,6,4,2,0,0,1631,14,15,0.06666666666666667,108.73333333333333,167,0.5,0,0,44,31-45,Very High Income,Dormant,6,Catalog,1,0,High-Value At-Risk
5948,1975,Graduation,Single,57338.0,0,1,2014-04-29,96,143,6,52,11,8,17,2,4,1,5,5,0,0,237,10,12,0.16666666666666666,19.75,221,0.6,1,1,39,31-45,High Income,Dormant,6,Store,0,0,Dormant Customers
574,1964,Graduation,Married,42523.0,0,0,2014-04-23,96,14,36,11,3,26,35,1,1,1,4,2,0,0,125,6,7,0.14285714285714285,17.857142857142858,227,0.6,0,0,50,46-60,Mid Income,Dormant,6,Store,0,0,Dormant Customers
3266,1964,Graduation,Married,42523.0,0,0,2014-04-23,96,14,36,11,3,26,35,1,1,1,4,2,0,0,125,6,7,0.14285714285714285,17.857142857142858,227,0.6,0,0,50,46-60,Mid Income,Dormant,6,Store,0,0,Dormant Customers
10500,1984,Graduation,Married,31761.0,1,0,2014-05-04,96,19,1,20,16,14,28,2,3,0,4,5,0,0,98,7,9,0.2222222222222222,10.88888888888889,216,0.6,1,1,30,18-30,Low Income,Dormant,6,Store,0,0,Dormant Customers
7987,1969,Graduation,Married,65747.0,0,1,2014-07-03,96,346,17,48,23,13,13,4,8,1,6,6,0,0,460,15,19,0.21052631578947367,24.210526315789473,156,0.4,1,1,45,31-45,High Income,Dormant,6,Web,0,0,Digital Shoppers
1135,1960,Master,Together,17144.0,1,1,2014-02-15,96,18,2,19,0,2,6,5,3,0,4,7,0,0,47,7,12,0.4166666666666667,3.9166666666666665,294,0.8,2,1,54,46-60,Low Income,Dormant,5,Store,0,0,Bargain Hunters
24,1960,Master,Together,17144.0,1,1,2014-02-15,96,18,2,19,0,2,6,5,3,0,4,7,0,0,47,7,12,0.4166666666666667,3.9166666666666665,294,0.8,2,1,54,46-60,Low Income,Dormant,5,Store,0,0,Bargain Hunters
7244,1951,Graduation,Single,51381.5,2,1,2014-01-01,96,48,5,48,6,10,7,3,2,1,4,6,0,0,124,7,10,0.3,12.4,339,0.9,3,1,63,60+,Mid Income,Dormant,6,Store,0,0,Bargain Hunters
1966,1965,PhD,Married,84618.0,0,0,2013-11-22,96,684,100,801,21,66,0,1,6,9,10,2,0,0,1672,25,26,0.038461538461538464,64.3076923076923,379,1.0,0,0,49,46-60,Very High Income,Dormant,5,Store,1,0,High-Value At-Risk
7789,1965,PhD,Married,84618.0,0,0,2013-11-22,96,684,100,801,21,66,0,1,6,9,10,2,0,0,1672,25,26,0.038461538461538464,64.3076923076923,379,1.0,0,0,49,46-60,Very High Income,Dormant,5,Store,1,0,High-Value At-Risk
3336,1948,PhD,Together,66375.0,0,1,2013-11-21,96,712,0,45,0,0,191,3,2,4,5,7,0,0,948,11,14,0.21428571428571427,67.71428571428571,380,1.0,1,1,66,60+,High Income,Dormant,3,Store,0,0,Dormant Customers
5644,1957,Graduation,Together,42213.0,0,1,2013-12-10,96,309,3,24,4,3,20,2,5,1,7,7,0,0,363,13,15,0.13333333333333333,24.2,361,1.0,1,1,57,46-60,Mid Income,Dormant,6,Store,0,0,Dormant Customers
1295,1963,Graduation,Married,51381.5,0,1,2013-11-08,96,231,65,196,38,71,124,1,6,5,7,4,0,0,725,18,19,0.05263157894736842,38.1578947368421,393,1.1,1,1,51,46-60,Mid Income,Dormant,6,Store,0,0,Dormant Customers
6663,1940,PhD,Single,51141.0,0,0,2013-08-07,96,144,0,7,0,0,6,1,3,1,4,5,0,0,157,8,9,0.1111111111111111,17.444444444444443,486,1.3,0,0,74,60+,Mid Income,Dormant,3,Store,0,0,Dormant Customers
10262,1980,Graduation,Married,15072.0,2,0,2013-10-05,96,8,2,15,0,10,18,4,3,1,3,5,0,0,53,7,11,0.36363636363636365,4.818181818181818,427,1.2,2,1,34,31-45,Low Income,Dormant,5,Web,0,0,Digital Shoppers
456,1986,2n Cycle,Married,7500.0,1,0,2013-07-02,96,1,11,5,4,6,9,2,2,0,3,8,0,0,36,5,7,0.2857142857142857,5.142857142857143,522,1.4,1,1,28,18-30,Low Income,Dormant,6,Store,0,0,Bargain Hunters
3270,1978,2n Cycle,Together,17117.0,1,0,2013-01-17,96,12,23,38,30,18,7,4,3,1,3,9,0,0,128,7,11,0.36363636363636365,11.636363636363637,688,1.9,1,1,36,31-45,Low Income,Dormant,6,Web,0,0,Digital Shoppers
5748,1965,Graduation,Married,59754.0,0,1,2012-01-12,96,115,27,44,4,146,139,3,5,2,6,5,1,0,475,13,16,0.1875,29.6875,1059,2.9,1,1,49,46-60,High Income,Dormant,6,Store,0,0,Dormant Customers
8952,1953,Master,Married,65569.0,0,1,2012-05-11,96,397,46,288,20,38,70,2,6,5,10,3,0,0,859,21,23,0.08695652173913043,37.34782608695652,939,2.6,1,1,61,60+,High Income,Dormant,6,Store,0,0,Dormant Customers
3921,1952,2n Cycle,Widow,28457.0,0,0,2012-10-28,96,24,1,108,29,29,14,1,4,1,4,8,0,0,205,9,10,0.1,20.5,769,2.1,0,0,62,60+,Low Income,Dormant,6,Web,0,0,Digital Shoppers
9826,1972,PhD,Single,86857.0,0,0,2012-12-09,96,899,102,838,133,102,40,1,5,6,10,2,1,0,2114,21,22,0.045454545454545456,96.0909090909091,727,2.0,0,0,42,31-45,Very High Income,Dormant,6,Store,1,0,High-Value At-Risk
5830,1972,PhD,Single,86857.0,0,0,2012-12-09,96,899,102,838,133,102,40,1,5,6,10,2,1,0,2114,21,22,0.045454545454545456,96.0909090909091,727,2.0,0,0,42,31-45,Very High Income,Dormant,6,Store,1,0,High-Value At-Risk
8310,1964,Graduation,Together,68142.0,0,1,2012-08-29,96,897,126,196,91,112,37,3,10,4,7,6,0,0,1459,21,24,0.125,60.791666666666664,829,2.3,1,1,50,46-60,High Income,Dormant,6,Web,1,0,High-Value At-Risk
6382,1953,Graduation,Together,48794.0,1,1,2014-06-26,97,25,0,11,3,0,15,1,1,0,3,4,0,0,54,4,5,0.2,10.8,163,0.4,2,1,61,60+,Mid Income,Dormant,4,Store,0,0,Dormant Customers
8439,1964,Graduation,Together,63404.0,0,2,2014-06-06,97,734,26,70,11,44,17,2,6,3,4,4,0,0,902,13,15,0.13333333333333333,60.13333333333333,183,0.5,2,1,50,46-60,High Income,Dormant,6,Web,0,0,Digital Shoppers
7613,1974,2n Cycle,Together,49669.0,1,0,2014-05-24,97,166,5,107,11,8,29,2,5,1,6,6,0,0,326,12,14,0.14285714285714285,23.285714285714285,196,0.5,1,1,40,31-45,Mid Income,Dormant,6,Store,0,0,Dormant Customers
48,1964,Graduation,Together,55761.0,0,1,2014-04-24,97,136,1,12,0,3,32,2,4,1,3,6,0,0,184,8,10,0.2,18.4,226,0.6,1,1,50,46-60,High Income,Dormant,5,Web,0,0,Digital Shoppers
5046,1958,Graduation,Divorced,78331.0,0,1,2014-01-23,97,756,138,354,160,169,61,2,10,6,7,4,0,0,1638,23,25,0.08,65.52,317,0.9,1,1,56,46-60,Very High Income,Dormant,6,Web,1,0,High-Value At-Risk
3231,1973,Graduation,Married,37971.0,1,0,2013-11-25,97,5,4,10,2,2,7,1,1,0,3,8,0,0,30,4,5,0.2,6.0,376,1.0,1,1,41,31-45,Mid Income,Dormant,6,Store,0,0,Dormant Customers
7181,1977,Graduation,Married,30368.0,0,1,2013-07-11,97,35,0,13,2,0,2,2,2,0,3,8,0,0,52,5,7,0.2857142857142857,7.428571428571429,513,1.4,1,1,37,31-45,Low Income,Dormant,4,Store,0,0,Bargain Hunters
1663,1978,PhD,Together,34043.0,1,0,2013-10-25,97,20,2,14,3,0,10,1,2,0,2,9,0,0,49,4,5,0.2,9.8,407,1.1,1,1,36,31-45,Low Income,Dormant,5,Web,0,0,Digital Shoppers
5441,1965,PhD,Widow,54111.0,0,1,2013-08-25,97,267,6,54,8,3,50,2,5,2,6,5,0,0,388,13,15,0.13333333333333333,25.866666666666667,468,1.3,1,1,49,46-60,High Income,Dormant,6,Store,0,0,Dormant Customers
8602,1964,Graduation,Divorced,69932.0,0,1,2013-12-06,97,412,172,153,150,105,57,2,7,6,11,4,0,0,1049,24,26,0.07692307692307693,40.34615384615385,365,1.0,1,1,50,46-60,Very High Income,Dormant,6,Store,1,0,High-Value At-Risk
9925,1981,PhD,Together,39665.0,1,0,2013-05-25,97,127,1,56,0,1,31,3,4,2,3,7,0,0,216,9,12,0.25,18.0,560,1.5,1,1,33,31-45,Mid Income,Dormant,5,Web,0,0,Digital Shoppers
9499,1954,Graduation,Married,93404.0,1,2,2013-07-05,97,1279,15,287,20,0,15,3,3,4,7,5,0,0,1616,14,17,0.17647058823529413,95.05882352941177,519,1.4,3,1,60,46-60,Very High Income,Dormant,5,Store,1,0,High-Value At-Risk
6568,1984,Graduation,Married,38680.0,1,0,2013-03-28,97,11,0,36,15,5,12,1,2,0,3,7,0,0,79,5,6,0.16666666666666666,13.166666666666666,618,1.7,1,1,30,18-30,Mid Income,Dormant,5,Store,0,0,Dormant Customers
3032,1984,Graduation,Married,24570.0,1,0,2013-02-27,97,28,34,62,11,14,44,3,4,0,4,9,0,0,193,8,11,0.2727272727272727,17.545454545454547,647,1.8,1,1,30,18-30,Low Income,Dormant,6,Web,0,0,Digital Shoppers
5153,1967,PhD,Married,77766.0,0,1,2013-02-22,97,1004,59,265,115,59,27,2,11,10,11,6,1,0,1529,32,34,0.058823529411764705,44.970588235294116,652,1.8,1,1,47,46-60,Very High Income,Dormant,6,Web,1,0,High-Value At-Risk
4127,1967,PhD,Married,77766.0,0,1,2013-02-22,97,1004,59,265,115,59,27,2,11,10,11,6,1,0,1529,32,34,0.058823529411764705,44.970588235294116,652,1.8,1,1,47,46-60,Very High Income,Dormant,6,Web,1,0,High-Value At-Risk
9940,1958,Graduation,Together,64961.0,0,1,2012-12-23,97,382,114,276,75,124,38,2,6,4,4,3,0,0,1009,14,16,0.125,63.0625,713,2.0,1,1,56,46-60,High Income,Dormant,6,Web,0,0,Digital Shoppers
7527,1968,Master,Divorced,23748.0,1,0,2012-11-21,97,6,6,29,12,15,8,3,2,1,3,8,0,0,76,6,9,0.3333333333333333,8.444444444444445,745,2.0,1,1,46,46-60,Low Income,Dormant,6,Store,0,0,Bargain Hunters
3406,1964,Graduation,Single,45989.0,0,1,2012-10-22,97,138,33,87,28,24,12,4,3,2,7,3,0,0,322,12,16,0.25,20.125,775,2.1,1,1,50,46-60,Mid Income,Dormant,6,Store,0,0,Bargain Hunters
9771,1988,2n Cycle,Single,23331.0,1,0,2012-05-10,97,104,20,101,24,15,5,6,5,1,5,9,0,0,269,11,17,0.35294117647058826,15.823529411764707,940,2.6,1,1,26,18-30,Low Income,Dormant,6,Web,0,0,Digital Shoppers
6722,1954,PhD,Married,70421.0,0,1,2014-06-28,98,479,28,136,75,14,35,3,10,3,7,6,0,0,767,20,23,0.13043478260869565,33.34782608695652,161,0.4,1,1,60,46-60,Very High Income,Dormant,6,Web,0,0,Digital Shoppers
213,1963,PhD,Single,23091.0,1,1,2014-05-28,98,35,0,11,0,0,2,4,2,1,3,7,0,0,48,6,10,0.4,4.8,192,0.5,2,1,51,46-60,Low Income,Dormant,3,Store,0,0,Bargain Hunters
8541,1990,2n Cycle,Married,24683.0,1,0,2014-08-03,98,8,4,10,6,7,6,2,2,0,4,5,0,0,41,6,8,0.25,5.125,125,0.3,1,1,24,18-30,Low Income,Dormant,6,Store,0,0,Bargain Hunters
8475,1973,PhD,Married,157243.0,0,1,2014-01-03,98,20,2,1582,1,2,1,15,0,22,0,0,0,0,1608,22,37,0.40540540540540543,43.45945945945946,337,0.9,1,1,41,31-45,Very High Income,Dormant,6,Catalog,1,0,High-Value At-Risk
8070,1973,PhD,Married,54222.0,0,1,2014-01-03,98,199,12,31,3,12,7,1,3,3,5,3,0,0,264,11,12,0.08333333333333333,22.0,337,0.9,1,1,41,31-45,High Income,Dormant,6,Store,0,0,Dormant Customers
313,1968,Graduation,Widow,73455.0,0,0,2013-10-28,98,901,61,757,186,163,20,1,6,5,10,3,0,0,2088,21,22,0.045454545454545456,94.9090909090909,404,1.1,0,0,46,46-60,Very High Income,Dormant,6,Store,1,0,High-Value At-Risk
9757,1972,Graduation,Together,84906.0,0,0,2013-04-10,98,997,15,414,99,30,76,1,5,6,12,2,0,0,1631,23,24,0.041666666666666664,67.95833333333333,605,1.7,0,0,42,31-45,Very High Income,Dormant,6,Store,1,0,High-Value At-Risk
2088,1972,Graduation,Together,84906.0,0,0,2013-04-10,98,997,15,414,99,30,76,1,5,6,12,2,0,0,1631,23,24,0.041666666666666664,67.95833333333333,605,1.7,0,0,42,31-45,Very High Income,Dormant,6,Store,1,0,High-Value At-Risk
2320,1978,2n Cycle,Married,47025.0,0,1,2013-12-09,98,508,11,59,23,5,29,5,11,1,6,9,0,0,635,18,23,0.21739130434782608,27.608695652173914,362,1.0,1,1,36,31-45,Mid Income,Dormant,6,Web,0,0,Digital Shoppers
966,1966,Graduation,Married,44529.0,0,1,2013-05-07,98,538,13,91,17,6,26,6,6,2,11,5,0,0,691,19,25,0.24,27.64,578,1.6,1,1,48,46-60,Mid Income,Dormant,6,Store,0,0,Dormant Customers
9706,1974,PhD,Single,31560.0,1,0,2013-06-24,98,62,1,20,4,0,7,2,2,1,3,8,0,0,94,6,8,0.25,11.75,530,1.5,1,1,40,31-45,Low Income,Dormant,5,Store,0,0,Bargain Hunters
3979,1983,PhD,Divorced,90687.0,0,0,2013-05-22,98,982,17,672,23,34,51,1,6,2,8,2,1,0,1779,16,17,0.058823529411764705,104.6470588235294,563,1.5,0,0,31,31-45,Very High Income,Dormant,6,Store,1,0,High-Value At-Risk
5602,1989,PhD,Together,66973.0,0,0,2013-05-17,98,466,22,432,147,113,102,1,8,7,12,3,0,0,1282,27,28,0.03571428571428571,45.785714285714285,568,1.6,0,0,25,18-30,High Income,Dormant,6,Store,1,0,High-Value At-Risk
2202,1978,Graduation,Together,41154.0,0,1,2013-09-04,98,44,2,11,2,3,7,1,1,0,4,5,0,0,69,5,6,0.16666666666666666,11.5,458,1.3,1,1,36,31-45,Mid Income,Dormant,6,Store,0,0,Dormant Customers
9645,1968,Graduation,Married,64590.0,0,0,2012-10-14,98,920,138,168,36,46,30,1,9,4,10,6,0,0,1338,23,24,0.041666666666666664,55.75,783,2.1,0,0,46,46-60,High Income,Dormant,6,Store,1,0,High-Value At-Risk
7230,1960,PhD,Divorced,50611.0,0,1,2012-04-10,98,459,0,24,6,0,4,6,4,5,7,6,1,0,493,16,22,0.2727272727272727,22.40909090909091,970,2.7,1,1,54,46-60,Mid Income,Dormant,4,Store,0,0,Bargain Hunters
5675,1960,PhD,Divorced,50611.0,0,1,2012-04-10,98,459,0,24,6,0,4,6,4,5,7,6,0,0,493,16,22,0.2727272727272727,22.40909090909091,970,2.7,1,1,54,46-60,Mid Income,Dormant,4,Store,0,0,Bargain Hunters
4974,1970,Graduation,Single,83273.0,1,2,2012-09-25,98,433,89,650,16,102,102,10,4,6,9,7,0,0,1392,19,29,0.3448275862068966,48.0,802,2.2,3,1,44,31-45,Very High Income,Dormant,6,Store,1,0,High-Value At-Risk
5687,1980,Graduation,Divorced,81702.0,0,0,2012-09-23,98,563,50,774,28,31,187,1,7,7,12,3,0,0,1633,26,27,0.037037037037037035,60.48148148148148,804,2.2,0,0,34,31-45,Very High Income,Dormant,6,Store,1,0,High-Value At-Risk
5871,1979,Master,Together,24401.0,0,0,2012-08-31,98,73,28,217,10,24,115,3,6,1,6,8,0,0,467,13,16,0.1875,29.1875,827,2.3,0,0,35,31-45,Low Income,Dormant,6,Web,0,0,Digital Shoppers
3846,1974,Graduation,Married,42557.0,0,1,2012-08-29,98,192,5,53,0,5,15,4,6,1,4,8,0,0,270,11,15,0.26666666666666666,18.0,829,2.3,1,1,40,31-45,Mid Income,Dormant,5,Web,0,0,Digital Shoppers
10001,1985,2n Cycle,Together,7500.0,1,0,2012-01-08,98,5,17,17,13,14,34,4,2,1,3,9,0,0,100,6,10,0.4,10.0,1063,2.9,1,1,29,18-30,Low Income,Dormant,6,Store,0,0,Bargain Hunters
2831,1976,Graduation,Together,78416.0,0,1,2014-06-27,99,453,38,279,188,38,183,2,7,7,10,3,0,0,1179,24,26,0.07692307692307693,45.34615384615385,162,0.4,1,1,38,31-45,Very High Income,Dormant,6,Store,1,0,High-Value At-Risk
868,1966,Graduation,Married,44794.0,0,1,2014-08-06,99,54,0,7,0,0,4,1,2,0,3,6,0,0,65,5,6,0.16666666666666666,10.833333333333334,122,0.3,1,1,48,46-60,Mid Income,Dormant,3,Store,0,0,Dormant Customers
7212,1966,Graduation,Married,44794.0,0,1,2014-08-06,99,54,0,7,0,0,4,1,2,0,3,6,0,0,65,5,6,0.16666666666666666,10.833333333333334,122,0.3,1,1,48,46-60,Mid Income,Dormant,3,Store,0,0,Dormant Customers
1743,1974,Graduation,Single,69719.0,0,0,2014-05-26,99,273,86,208,177,14,43,1,2,3,5,1,0,0,801,10,11,0.09090909090909091,72.81818181818181,194,0.5,0,0,40,31-45,Very High Income,Dormant,6,Store,0,0,Dormant Customers
2415,1962,Graduation,Together,62568.0,0,1,2014-07-04,99,362,17,398,80,35,61,3,5,3,5,4,0,0,953,13,16,0.1875,59.5625,155,0.4,1,1,52,46-60,High Income,Dormant,6,Web,0,0,Digital Shoppers
7947,1969,Graduation,Married,42231.0,1,1,2014-03-25,99,24,0,8,0,1,4,1,1,0,3,5,0,0,37,4,5,0.2,7.4,256,0.7,2,1,45,31-45,Mid Income,Dormant,4,Store,0,0,Dormant Customers
2106,1974,2n Cycle,Married,20130.0,0,0,2014-03-17,99,0,6,3,7,6,12,1,1,0,3,8,0,0,34,4,5,0.2,6.8,264,0.7,0,0,40,31-45,Low Income,Dormant,5,Store,0,0,Dormant Customers
3363,1974,2n Cycle,Married,20130.0,0,0,2014-03-17,99,0,6,3,7,6,12,1,1,0,3,8,0,0,34,4,5,0.2,6.8,264,0.7,0,0,40,31-45,Low Income,Dormant,5,Store,0,0,Dormant Customers
8595,1973,Graduation,Widow,42429.0,0,1,2014-11-02,99,55,0,6,2,0,4,2,1,1,3,5,0,0,67,5,7,0.2857142857142857,9.571428571428571,34,0.1,1,1,41,31-45,Mid Income,Dormant,4,Store,0,0,Bargain Hunters
7232,1973,Graduation,Widow,42429.0,0,1,2014-11-02,99,55,0,6,2,0,4,2,1,1,3,5,0,0,67,5,7,0.2857142857142857,9.571428571428571,34,0.1,1,1,41,31-45,Mid Income,Dormant,4,Store,0,0,Bargain Hunters
7829,1900,2n Cycle,Divorced,36640.0,1,0,2013-09-26,99,15,6,8,7,4,25,1,2,1,2,5,0,1,65,5,6,0.16666666666666666,10.833333333333334,436,1.2,1,1,114,60+,Mid Income,Dormant,6,Web,0,0,Digital Shoppers
9977,1973,Graduation,Divorced,78901.0,0,1,2013-09-17,99,321,11,309,33,26,34,3,9,3,5,4,0,0,734,17,20,0.15,36.7,445,1.2,1,1,41,31-45,Very High Income,Dormant,6,Web,0,0,Digital Shoppers
10142,1976,PhD,Divorced,66476.0,0,1,2013-07-03,99,372,18,126,47,48,78,2,5,2,11,4,0,0,689,18,20,0.1,34.45,521,1.4,1,1,38,31-45,High Income,Dormant,6,Store,0,0,Dormant Customers
5263,1977,2n Cycle,Married,31056.0,1,0,2013-01-22,99,5,10,13,3,8,16,1,1,0,3,8,0,0,55,4,5,0.2,11.0,683,1.9,1,1,37,31-45,Low Income,Dormant,6,Store,0,0,Dormant Customers
22,1976,Graduation,Divorced,46310.0,1,0,2012-03-12,99,185,2,88,15,5,14,2,6,1,5,8,0,0,309,12,14,0.14285714285714285,22.071428571428573,999,2.7,1,1,38,31-45,Mid Income,Dormant,6,Web,0,0,Digital Shoppers
528,1978,Graduation,Married,65819.0,0,0,2012-11-29,99,267,38,701,149,165,63,1,5,4,10,3,0,0,1383,19,20,0.05,69.15,737,2.0,0,0,36,31-45,High Income,Dormant,6,Store,1,0,High-Value At-Risk
4070,1969,PhD,Married,94871.0,0,2,2012-01-09,99,169,24,553,188,0,144,1,8,5,4,7,1,0,1078,17,18,0.05555555555555555,59.888888888888886,1062,2.9,2,1,45,31-45,Very High Income,Dormant,5,Web,1,0,High-Value At-Risk
